Income  , Kidhome, Teenhome, Recency, MntWines, MntFruits, MntMeatProducts, MntFishProducts, MntSweetProducts, MntGoldProds, NumDealsPurchases, NumWebPurchases, NumCatalogPurchases, NumStorePurchases, NumWebVisitsMonth, AcceptedCmp3, AcceptedCmp4, AcceptedCmp5, AcceptedCmp1, AcceptedCmp2, Complain, Response, Age, Customer_Days, Total_Spending, Total_Purchases, Children, Living_With, Family_Size, Is_Parent, Education_Level, Cluster
 58138.0,       0,        0,      58,      635,        88,             546,             172,               88,           88,                 3,               8,                  10,                 4,                 7,            0,            0,            0,            0,            0,        0,        1,  57,           663,           1617,              25,        0, Alone      ,           1,         0, Graduate       ,       2
 46344.0,       1,        1,      38,       11,         1,               6,               2,                1,            6,                 2,               1,                   1,                 2,                 5,            0,            0,            0,            0,            0,        0,        0,  60,           113,             27,               6,        2, Alone      ,           3,         1, Graduate       ,       1
 71613.0,       0,        0,      26,      426,        49,             127,             111,               21,           42,                 1,               8,                   2,                10,                 4,            0,            0,            0,            0,            0,        0,        0,  49,           312,            776,              21,        0, Partner    ,           2,         0, Graduate       ,       2
 26646.0,       1,        0,      26,       11,         4,              20,              10,                3,            5,                 2,               2,                   0,                 4,                 6,            0,            0,            0,            0,            0,        0,        0,  30,           139,             53,               8,        1, Partner    ,           3,         1, Graduate       ,       1
 58293.0,       1,        0,      94,      173,        43,             118,              46,               27,           15,                 5,               5,                   3,                 6,                 5,            0,            0,            0,            0,            0,        0,        0,  33,           161,            422,              19,        1, Partner    ,           3,         1, Postgraduate   ,       0
 62513.0,       0,        1,      16,      520,        42,              98,               0,               42,           14,                 2,               6,                   4,                10,                 6,            0,            0,            0,            0,            0,        0,        0,  47,           293,            716,              22,        1, Partner    ,           3,         1, Postgraduate   ,       0
 55635.0,       0,        1,      34,      235,        65,             164,              50,               49,           27,                 4,               7,                   3,                 7,                 6,            0,            0,            0,            0,            0,        0,        0,  43,           593,            590,              21,        1, Alone      ,           2,         1, Graduate       ,       0
 33454.0,       1,        0,      32,       76,        10,              56,               3,                1,           23,                 2,               4,                   0,                 4,                 8,            0,            0,            0,            0,            0,        0,        0,  29,           417,            169,              10,        1, Partner    ,           3,         1, Postgraduate   ,       3
 30351.0,       1,        0,      19,       14,         0,              24,               3,                3,            2,                 1,               3,                   0,                 2,                 9,            0,            0,            0,            0,            0,        0,        1,  40,           388,             46,               6,        1, Partner    ,           3,         1, Postgraduate   ,       1
  5648.0,       1,        1,      68,       28,         0,               6,               1,                1,           13,                 1,               1,                   0,                 0,                20,            1,            0,            0,            0,            0,        0,        0,  64,           108,             49,               2,        2, Partner    ,           4,         1, Postgraduate   ,       1
  7500.0,       0,        0,      59,        6,        16,              11,              11,                1,           16,                 1,               2,                   0,                 3,                 8,            0,            0,            0,            0,            0,        0,        0,  38,           593,             61,               6,        0, Partner    ,           2,         0, Undergraduate  ,       3
 63033.0,       0,        0,      82,      194,        61,             480,             225,              112,           30,                 1,               3,                   4,                 8,                 2,            0,            0,            0,            0,            0,        0,        0,  55,           226,           1102,              16,        0, Alone      ,           1,         0, Graduate       ,       2
 59354.0,       1,        1,      53,      233,         2,              53,               3,                5,           14,                 3,               6,                   1,                 5,                 6,            0,            0,            0,            0,            0,        0,        0,  62,           226,            310,              15,        2, Alone      ,           3,         1, Postgraduate   ,       1
 17323.0,       0,        0,      38,        3,        14,              17,               6,                1,            5,                 1,               1,                   0,                 3,                 8,            0,            0,            0,            0,            0,        0,        0,  27,           627,             46,               5,        0, Partner    ,           2,         0, Graduate       ,       3
 82800.0,       0,        0,      23,     1006,        22,             115,              59,               68,           45,                 1,               7,                   6,                12,                 3,            0,            0,            1,            1,            0,        0,        1,  68,           582,           1315,              26,        0, Alone      ,           1,         0, Postgraduate   ,       2
 41850.0,       1,        1,      51,       53,         5,              19,               2,               13,            4,                 3,               3,                   0,                 3,                 8,            0,            0,            0,            0,            0,        0,        0,  34,           552,             96,               9,        2, Partner    ,           4,         1, Graduate       ,       1
 37760.0,       0,        0,      20,       84,         5,              38,             150,               12,           28,                 2,               4,                   1,                 6,                 7,            0,            0,            0,            0,            0,        0,        0,  68,           667,            317,              13,        0, Partner    ,           2,         0, Graduate       ,       3
 76995.0,       0,        1,      91,     1012,        80,             498,               0,               16,          176,                 2,              11,                   4,                 9,                 5,            0,            0,            0,            1,            0,        0,        0,  65,           458,           1782,              26,        1, Partner    ,           3,         1, Postgraduate   ,       0
 33812.0,       1,        0,      86,        4,        17,              19,              30,               24,           39,                 2,               2,                   1,                 3,                 6,            0,            0,            0,            0,            0,        0,        0,  29,           603,            133,               8,        1, Alone      ,           2,         1, Undergraduate  ,       3
 37040.0,       0,        0,      41,       86,         2,              73,              69,               38,           48,                 1,               4,                   2,                 5,                 8,            0,            0,            0,            0,            0,        0,        0,  32,           690,            316,              12,        0, Partner    ,           2,         0, Graduate       ,       3
  2447.0,       1,        0,      42,        1,         1,            1725,               1,                1,            1,                15,               0,                  28,                 0,                 1,            0,            0,            0,            0,            0,        0,        0,  35,           539,           1730,              43,        1, Partner    ,           3,         1, Graduate       ,       0
 58607.0,       0,        1,      63,      867,         0,              86,               0,                0,           19,                 3,               2,                   3,                 9,                 8,            0,            1,            0,            0,            0,        0,        0,  65,           553,            972,              17,        1, Partner    ,           3,         1, Postgraduate   ,       0
 65324.0,       0,        1,       0,      384,         0,             102,              21,               32,            5,                 3,               6,                   2,                 9,                 4,            0,            0,            0,            0,            0,        0,        0,  60,           169,            544,              20,        1, Partner    ,           3,         1, Postgraduate   ,       0
 40689.0,       0,        1,      69,      270,         3,              27,              39,                6,           99,                 7,               7,                   1,                 5,                 8,            0,            0,            0,            0,            0,        0,        0,  63,           468,            444,              20,        1, Partner    ,           3,         1, Graduate       ,       0
 18589.0,       0,        0,      89,        6,         4,              25,              15,               12,           13,                 2,               2,                   1,                 3,                 7,            0,            0,            0,            0,            0,        0,        0,  45,           543,             75,               8,        0, Alone      ,           1,         0, Graduate       ,       3
 53359.0,       1,        1,       4,      173,         4,              30,               3,                6,           41,                 4,               5,                   1,                 4,                 7,            0,            0,            0,            0,            0,        0,        0,  38,           398,            257,              14,        2, Partner    ,           4,         1, Graduate       ,       1
 38360.0,       1,        0,      26,       36,         2,              42,              20,               21,           10,                 2,               2,                   1,                 4,                 3,            0,            0,            0,            0,            0,        0,        0,  25,           394,            131,               9,        1, Partner    ,           3,         1, Graduate       ,       1
 84618.0,       0,        0,      96,      684,       100,             801,              21,               66,            0,                 1,               6,                   9,                10,                 2,            0,            0,            1,            0,            0,        0,        0,  49,           219,           1672,              26,        0, Partner    ,           2,         0, Postgraduate   ,       2
 10979.0,       0,        0,      34,        8,         4,              10,               2,                2,            4,                 2,               3,                   0,                 3,                 5,            0,            0,            0,            0,            0,        0,        0,  25,            38,             30,               8,        0, Alone      ,           1,         0, Postgraduate   ,       3
 38620.0,       0,        0,      56,      112,        17,              44,              34,               22,           89,                 1,               2,                   5,                 3,                 3,            0,            0,            0,            0,            0,        0,        0,  51,           414,            318,              11,        0, Partner    ,           2,         0, Postgraduate   ,       3
 40548.0,       0,        1,      31,      110,         0,               5,               2,                0,            3,                 2,               2,                   1,                 4,                 5,            0,            1,            0,            0,            0,        0,        0,  44,           627,            120,               9,        1, Partner    ,           3,         1, Graduate       ,       1
 46610.0,       0,        2,       8,       96,        12,              96,              33,               22,           43,                 6,               4,                   1,                 6,                 6,            0,            0,            0,            0,            0,        0,        1,  62,           608,            302,              17,        2, Alone      ,           3,         1, Postgraduate   ,       0
 68657.0,       0,        0,       4,      482,        34,             471,             119,               68,           22,                 1,               3,                   5,                 9,                 7,            0,            0,            0,            0,            0,        0,        0,  68,           494,           1196,              18,        0, Partner    ,           2,         0, Postgraduate   ,       2
 49389.0,       1,        1,      55,       40,         0,              19,               2,                1,            3,                 1,               2,                   0,                 3,                 7,            0,            0,            0,            0,            0,        0,        0,  63,           304,             65,               6,        2, Alone      ,           3,         1, Postgraduate   ,       1
 67353.0,       0,        1,      37,      702,        17,             151,               0,                8,           35,                 5,               5,                   6,                12,                 2,            0,            0,            0,            0,            0,        0,        0,  44,           180,            913,              28,        1, Partner    ,           3,         1, Postgraduate   ,       0
 23718.0,       1,        0,      76,        6,         3,              14,              15,                7,           36,                 3,               3,                   1,                 2,                 7,            0,            0,            0,            0,            0,        0,        0,  38,           300,             81,               9,        1, Partner    ,           3,         1, Undergraduate  ,       1
 42429.0,       0,        1,      99,       55,         0,               6,               2,                0,            4,                 2,               1,                   1,                 3,                 5,            0,            0,            0,            0,            0,        0,        0,  41,           138,             67,               7,        1, Alone      ,           2,         1, Graduate       ,       3
 48948.0,       0,        0,      53,      437,         8,             206,             160,               49,           42,                 2,               7,                  10,                 5,                 6,            1,            0,            0,            0,            0,        0,        1,  71,           513,            902,              24,        0, Alone      ,           1,         0, Postgraduate   ,       2
 80011.0,       0,        1,       3,      421,        76,             536,              82,              178,          102,                 2,               8,                   6,                 5,                 4,            0,            0,            0,            0,            0,        0,        0,  34,           426,           1395,              21,        1, Partner    ,           3,         1, Graduate       ,       2
 20559.0,       1,        0,      88,       13,         1,              29,               3,                0,            7,                 2,               2,                   0,                 3,                 8,            0,            0,            0,            0,            0,        0,        0,  29,           474,             53,               7,        1, Partner    ,           3,         1, Postgraduate   ,       3
 21994.0,       0,        1,       4,        9,         0,               6,               3,                1,            3,                 1,               0,                   0,                 3,                 5,            0,            0,            0,            0,            0,        0,        0,  57,           552,             22,               4,        1, Partner    ,           3,         1, Graduate       ,       1
  7500.0,       1,        0,      19,        3,         1,              10,               3,                2,           12,                 3,               2,                   0,                 3,                 5,            0,            0,            0,            0,            0,        0,        0,  39,           270,             31,               8,        1, Partner    ,           3,         1, Postgraduate   ,       1
 79941.0,       0,        0,      72,      123,       164,             266,             227,               30,          174,                 1,               2,                   4,                 9,                 1,            0,            0,            0,            0,            0,        0,        0,  38,             1,            984,              16,        0, Alone      ,           1,         0, Graduate       ,       2
  7500.0,       0,        0,      24,        3,        18,              14,              15,               22,           50,                 3,               3,                   1,                 3,                 9,            0,            0,            0,            0,            0,        0,        1,  18,           597,            122,              10,        0, Partner    ,           2,         0, Undergraduate  ,       3
 41728.0,       1,        0,      92,       13,         6,              15,               3,                5,           13,                 1,               2,                   0,                 2,                10,            0,            0,            0,            0,            0,        0,        0,  46,           401,             55,               5,        1, Partner    ,           3,         1, Graduate       ,       1
 72550.0,       1,        1,      39,      826,        50,             317,              50,               38,           38,                 9,               5,                   2,                12,                 8,            0,            0,            0,            0,            0,        0,        0,  60,           598,           1319,              28,        2, Partner    ,           4,         1, Postgraduate   ,       0
 65486.0,       0,        1,      29,      245,        19,             125,              37,               67,           14,                 1,               4,                   2,                10,                 2,            0,            0,            0,            0,            0,        0,        0,  57,            48,            507,              17,        1, Alone      ,           2,         1, Graduate       ,       2
 79143.0,       0,        0,       2,      650,        37,             780,              27,              167,           32,                 1,               6,                   9,                13,                 3,            0,            0,            0,            0,            0,        0,        0,  50,           687,           1693,              29,        0, Partner    ,           2,         0, Postgraduate   ,       2
 35790.0,       1,        0,      54,       12,         6,              20,              30,                1,            3,                 2,               2,                   0,                 3,                 7,            0,            0,            0,            0,            0,        0,        0,  37,           543,             72,               7,        1, Alone      ,           2,         1, Graduate       ,       3
 82582.0,       0,        0,      54,      510,       120,             550,             156,               40,          241,                 1,               4,                   9,                 7,                 1,            1,            0,            0,            1,            0,        0,        1,  37,            22,           1617,              21,        0, Alone      ,           1,         0, Graduate       ,       2
 66373.0,       1,        1,      57,      328,         9,             124,              12,               24,          109,                 7,               4,                   2,                10,                 3,            0,            0,            0,            0,            0,        0,        0,  36,           382,            606,              23,        2, Partner    ,           4,         1, Graduate       ,       0
 82384.0,       0,        0,      55,      984,        51,             432,             180,              120,          190,                 1,               3,                  10,                13,                 1,            0,            0,            1,            0,            0,        0,        1,  59,           587,           1957,              27,        0, Partner    ,           2,         0, Postgraduate   ,       2
 70287.0,       0,        0,      30,      295,        35,             482,             121,              120,           40,                 1,               5,                   5,                10,                 3,            0,            0,            0,            0,            0,        0,        1,  48,           453,           1093,              21,        0, Alone      ,           1,         0, Graduate       ,       2
 27938.0,       1,        0,      31,       13,         0,               8,               2,                1,            5,                 1,               1,                   0,                 4,                 3,            0,            0,            0,            0,            0,        0,        0,  26,            62,             29,               6,        1, Alone      ,           2,         1, Graduate       ,       3
 55954.0,       0,        1,      63,      447,         0,              28,               0,                0,           43,                 3,               8,                   2,                 6,                 7,            0,            0,            0,            0,            0,        0,        0,  46,           118,            518,              19,        1, Partner    ,           3,         1, Postgraduate   ,       1
 75777.0,       0,        0,      12,      712,        26,             538,              69,               13,           80,                 1,               3,                   6,                11,                 1,            0,            1,            1,            0,            0,        0,        1,  32,           360,           1438,              21,        0, Alone      ,           1,         0, Postgraduate   ,       2
 66653.0,       1,        1,      18,      452,        18,             102,              16,               18,            6,                 4,               4,                   2,                12,                 3,            0,            0,            0,            0,            0,        0,        0,  39,           660,            612,              22,        2, Partner    ,           4,         1, Graduate       ,       0
 61823.0,       0,        1,      26,      523,         7,             134,              37,               14,          169,                 4,               8,                   2,                10,                 7,            0,            0,            0,            0,            0,        0,        0,  62,           496,            884,              24,        1, Alone      ,           2,         1, Graduate       ,       0
 67680.0,       0,        1,       8,      546,         0,              48,               0,                6,            6,                 1,               7,                   3,                 8,                 5,            0,            0,            0,            0,            0,        0,        0,  63,           383,            606,              19,        1, Alone      ,           2,         1, Postgraduate   ,       2
 70666.0,       0,        0,      29,      398,        40,             367,             119,              122,           30,                 1,               7,                   4,                 4,                 4,            0,            0,            0,            0,            0,        0,        0,  66,           205,           1076,              16,        0, Partner    ,           2,         0, Graduate       ,       2
 25721.0,       1,        0,      75,        1,         3,               6,               3,                6,           15,                 1,               1,                   1,                 2,                 7,            0,            0,            0,            0,            0,        0,        1,  43,           404,             34,               5,        1, Partner    ,           3,         1, Graduate       ,       1
 32474.0,       1,        1,       0,       10,         0,               1,               0,                0,            0,                 1,               1,                   0,                 2,                 7,            0,            0,            0,            0,            0,        0,        0,  47,            49,             11,               4,        2, Partner    ,           4,         1, Graduate       ,       1
 88194.0,       0,        1,      19,      688,        14,             309,             201,               24,           38,                 1,              11,                  10,                10,                 5,            1,            0,            0,            1,            0,        0,        1,  35,           102,           1274,              32,        1, Alone      ,           2,         1, Undergraduate  ,       2
 69096.0,       0,        1,       4,      247,        49,             159,               7,               82,          109,                 1,               5,                   2,                10,                 4,            0,            0,            0,            0,            0,        0,        0,  56,           275,            653,              18,        1, Partner    ,           3,         1, Graduate       ,       2
 74854.0,       1,        2,      90,      856,        59,             487,              58,               29,           73,                 7,               2,                   5,                 5,                 5,            0,            0,            0,            0,            0,        0,        0,  44,           447,           1562,              19,        3, Partner    ,           5,         1, Graduate       ,       0
 66991.0,       0,        0,       1,      496,        36,             460,             189,               60,           12,                 3,               4,                   8,                 6,                 3,            0,            0,            0,            0,            0,        0,        0,  60,           656,           1253,              21,        0, Partner    ,           2,         0, Postgraduate   ,       2
 65031.0,       0,        1,      29,      258,       107,             291,              84,               37,           86,                 4,              10,                   3,                13,                 7,            0,            0,            0,            0,            0,        0,        0,  55,           469,            863,              30,        1, Partner    ,           3,         1, Graduate       ,       0
 60631.0,       1,        1,      88,      565,         6,              65,               0,                6,           19,                 5,               9,                   2,                 8,                 7,            0,            1,            0,            0,            0,        0,        0,  39,           450,            661,              24,        2, Partner    ,           4,         1, Postgraduate   ,       0
 28332.0,       0,        0,      58,       14,        10,              13,               4,               15,            9,                 1,               2,                   1,                 4,                 2,            0,            0,            0,            0,            0,        0,        0,  62,            60,             65,               8,        0, Partner    ,           2,         0, Graduate       ,       1
 40246.0,       1,        0,      68,        2,         1,               6,               2,                1,            1,                 1,               1,                   0,                 2,                 6,            0,            0,            0,            0,            0,        0,        0,  37,           557,             13,               4,        1, Alone      ,           2,         1, Graduate       ,       3
 75251.0,       0,        0,      34,      721,       111,             925,              97,               18,           18,                 1,               7,                   6,                 5,                 5,            0,            0,            0,            0,            0,        0,        1,  42,           671,           1890,              19,        0, Partner    ,           2,         0, Postgraduate   ,       2
 75825.0,       0,        0,      40,     1032,       105,             779,             137,              105,           51,                 0,               5,                   8,                 9,                 4,            1,            0,            0,            0,            0,        0,        1,  38,           625,           2209,              22,        0, Alone      ,           1,         0, Graduate       ,       2
 26326.0,       0,        0,      12,        1,         0,               5,               0,                3,            9,                 1,               0,                   0,                 3,                 3,            0,            0,            0,            0,            0,        1,        0,  38,           298,             18,               4,        0, Partner    ,           2,         0, Undergraduate  ,       3
 56046.0,       0,        0,       9,      577,         0,              64,               0,                0,           51,                 2,              10,                   1,                 8,                 8,            1,            0,            0,            0,            0,        0,        1,  49,           543,            692,              21,        0, Partner    ,           2,         0, Graduate       ,       0
 29760.0,       1,        0,      87,       64,         4,              68,               7,                5,           17,                 4,               3,                   1,                 4,                 8,            0,            0,            0,            0,            0,        0,        0,  29,           669,            165,              12,        1, Alone      ,           2,         1, Graduate       ,       3
 26304.0,       1,        0,       5,        4,         1,               5,               2,                0,            4,                 1,               1,                   0,                 2,                 7,            0,            0,            0,            0,            0,        0,        0,  45,           371,             16,               4,        1, Partner    ,           3,         1, Graduate       ,       1
 23559.0,       1,        0,      87,       25,         5,              19,               7,                0,           23,                 3,               3,                   0,                 3,                 7,            0,            0,            0,            0,            0,        0,        0,  41,           361,             79,               9,        1, Partner    ,           3,         1, Undergraduate  ,       1
 38620.0,       0,        0,      56,      112,        17,              44,              34,               22,           89,                 1,               2,                   5,                 3,                 3,            0,            0,            0,            0,            0,        0,        0,  51,           414,            318,              11,        0, Partner    ,           2,         0, Postgraduate   ,       3
 81361.0,       0,        0,      18,      163,        23,             424,              27,               65,           76,                 1,               3,                  10,                13,                 1,            0,            0,            0,            0,            0,        0,        0,  27,           124,            778,              27,        0, Alone      ,           1,         0, Graduate       ,       2
 29440.0,       1,        1,      95,       17,         8,              14,              10,                4,            3,                 2,               1,                   0,                 4,                 7,            0,            0,            0,            0,            0,        0,        0,  54,           322,             56,               7,        2, Partner    ,           4,         1, Graduate       ,       1
 36138.0,       1,        1,      48,      130,         0,              16,               0,                0,            5,                 5,               3,                   1,                 4,                 7,            0,            1,            0,            0,            0,        0,        0,  44,           348,            151,              13,        2, Partner    ,           4,         1, Postgraduate   ,       1
 50388.0,       0,        1,       3,      292,         6,              37,               0,                3,           34,                 4,               6,                   1,                 6,                 7,            0,            1,            0,            1,            0,        0,        1,  57,            32,            372,              17,        1, Alone      ,           2,         1, Graduate       ,       3
 79593.0,       0,        0,      70,      350,        60,             568,             110,              133,          145,                 1,               5,                   6,                 7,                 2,            0,            0,            1,            0,            0,        0,        0,  41,            48,           1366,              19,        0, Partner    ,           2,         0, Graduate       ,       2
 54178.0,       0,        1,      79,      135,         9,              39,               4,                0,            7,                 1,               2,                   2,                 5,                 2,            0,            0,            0,            0,            0,        0,        0,  47,           159,            194,              10,        1, Partner    ,           3,         1, Graduate       ,       1
 42394.0,       1,        0,      69,       15,         2,              10,               0,                1,            4,                 1,               1,                   0,                 3,                 7,            0,            0,            0,            0,            0,        0,        0,  42,            98,             32,               5,        1, Alone      ,           2,         1, Postgraduate   ,       3
 23626.0,       1,        0,      84,       27,         2,              14,               0,                0,            0,                 3,               3,                   1,                 3,                 5,            0,            0,            0,            0,            0,        0,        0,  44,            36,             43,              10,        1, Partner    ,           3,         1, Postgraduate   ,       1
 30096.0,       1,        0,      30,        5,         3,              11,              12,                5,            9,                 1,               2,                   0,                 3,                 6,            0,            0,            0,            0,            0,        0,        0,  31,            38,             45,               6,        1, Partner    ,           3,         1, Graduate       ,       1
 47916.0,       0,        1,      72,      505,         0,              26,               0,                0,           75,                 5,               7,                   4,                 6,                 6,            0,            1,            0,            0,            0,        0,        0,  54,           584,            606,              22,        1, Alone      ,           2,         1, Graduate       ,       0
 51813.0,       1,        1,      37,       51,         2,               7,               0,                1,            2,                 2,               2,                   0,                 3,                 7,            0,            0,            0,            0,            0,        0,        0,  42,           444,             63,               7,        2, Alone      ,           3,         1, Graduate       ,       3
 78497.0,       0,        0,      44,      207,        26,             447,              75,                0,          223,                 1,               5,                   7,                12,                 2,            0,            0,            0,            1,            0,        0,        0,  63,           210,            978,              25,        0, Partner    ,           2,         0, Undergraduate  ,       2
 50150.0,       0,        0,      32,      135,        46,              92,              65,               61,           11,                 2,               5,                   2,                 7,                 5,            0,            0,            0,            0,            0,        0,        0,  31,           374,            410,              16,        0, Partner    ,           2,         0, Postgraduate   ,       3
 47823.0,       0,        1,       0,       53,         1,               5,               2,                1,           10,                 2,               2,                   0,                 3,                 8,            0,            0,            0,            0,            0,        0,        0,  54,           341,             72,               7,        1, Alone      ,           2,         1, Undergraduate  ,       3
 34554.0,       0,        1,      43,       41,         1,               6,               2,                0,            5,                 2,               2,                   0,                 3,                 6,            0,            0,            0,            0,            0,        0,        0,  55,            91,             55,               7,        1, Alone      ,           2,         1, Postgraduate   ,       3
 85693.0,       0,        1,      59,      386,       172,             183,             185,              132,          111,                 2,               9,                   5,                11,                 5,            0,            0,            0,            0,            0,        0,        0,  35,           435,           1169,              27,        1, Partner    ,           3,         1, Graduate       ,       0
 65846.0,       0,        0,      68,      562,        81,             276,              80,               40,           81,                 1,               6,                   3,                 6,                 4,            0,            0,            0,            0,            0,        0,        0,  69,           408,           1120,              16,        0, Partner    ,           2,         0, Postgraduate   ,       2
 87195.0,       0,        0,      35,      217,        76,             690,              50,               26,           38,                 1,               3,                  11,                 5,                 1,            0,            0,            0,            0,            0,        0,        1,  55,            52,           1097,              20,        0, Partner    ,           2,         0, Graduate       ,       2
 24594.0,       1,        0,      94,        1,         3,               6,              10,                0,            9,                 1,               1,                   0,                 3,                 5,            0,            0,            0,            0,            0,        0,        0,  35,           201,             29,               5,        1, Partner    ,           3,         1, Undergraduate  ,       1
 49096.0,       1,        1,      15,      144,         1,              32,               2,                1,            7,                 4,               4,                   1,                 4,                 7,            0,            0,            0,            0,            0,        0,        0,  50,           278,            187,              13,        2, Partner    ,           4,         1, Graduate       ,       1
 52413.0,       0,        2,      56,      295,       106,             271,              75,               98,           65,                 4,               6,                   4,                12,                 6,            0,            0,            0,            0,            0,        0,        0,  45,           512,            910,              26,        2, Partner    ,           4,         1, Graduate       ,       0
 38557.0,       1,        0,      17,       76,         3,              31,               4,                4,           27,                 2,               3,                   1,                 3,                 7,            0,            0,            0,            0,            0,        0,        0,  36,           557,            145,               9,        1, Alone      ,           2,         1, Graduate       ,       3
 89058.0,       0,        0,      18,      454,       194,             106,              31,               22,           43,                 1,               5,                   4,                 4,                 2,            0,            0,            0,            0,            0,        0,        0,  54,           569,            850,              14,        0, Partner    ,           2,         0, Postgraduate   ,       2
 77298.0,       0,        1,      46,      425,       115,             292,              23,               35,           79,                 1,               6,                   6,                11,                 3,            0,            0,            0,            0,            0,        0,        0,  35,           239,            969,              24,        1, Partner    ,           3,         1, Graduate       ,       2
 68126.0,       0,        0,      40,     1332,        17,             311,              23,               51,           86,                 1,               7,                   4,                 5,                 9,            0,            1,            0,            0,            0,        0,        1,  23,           596,           1820,              17,        0, Alone      ,           1,         0, Postgraduate   ,       2
 57288.0,       0,        1,      27,      527,         0,              21,               0,                0,           60,                 3,               8,                   1,                 8,                 6,            0,            1,            0,            0,            0,        0,        0,  51,             4,            608,              20,        1, Partner    ,           3,         1, Postgraduate   ,       1
 86037.0,       0,        0,      95,      490,        44,             125,              29,               20,           22,                 1,               6,                   7,                11,                 3,            0,            1,            1,            0,            0,        0,        1,  23,           543,            730,              25,        0, Alone      ,           1,         0, Graduate       ,       2
 43974.0,       1,        0,      19,      378,         0,             101,               0,                0,           72,                 5,               6,                   4,                 6,                 7,            0,            0,            0,            0,            0,        0,        0,  34,           564,            551,              21,        1, Partner    ,           3,         1, Postgraduate   ,       0
 50785.0,       1,        1,      27,       64,         1,              21,               0,                1,           27,                 2,               2,                   1,                 3,                 6,            0,            0,            0,            0,            0,        0,        0,  52,           292,            114,               8,        2, Alone      ,           3,         1, Graduate       ,       1
 90765.0,       0,        0,      25,      547,        99,             812,             151,               82,           33,                 0,               4,                   6,                 5,                 1,            0,            0,            1,            1,            0,        0,        0,  44,           156,           1724,              15,        0, Partner    ,           2,         0, Graduate       ,       2
 36550.0,       1,        0,      74,       47,        90,              94,             123,              103,          120,                 5,               9,                   1,                 5,                 9,            0,            0,            0,            0,            0,        0,        0,  36,           495,            577,              20,        1, Partner    ,           3,         1, Undergraduate  ,       0
 30753.0,       1,        1,      85,       12,         5,              25,               0,                9,           30,                 2,               1,                   1,                 3,                 5,            0,            0,            0,            0,            0,        0,        0,  47,           353,             81,               7,        2, Partner    ,           4,         1, Undergraduate  ,       1
 21918.0,       1,        0,      37,        1,         6,               7,              11,                5,            3,                 2,               2,                   0,                 3,                 6,            0,            0,            0,            0,            0,        0,        0,  45,           227,             33,               7,        1, Partner    ,           3,         1, Graduate       ,       1
 56129.0,       0,        1,      65,      320,        48,             133,              39,               72,           48,                 4,               6,                   2,                10,                 4,            0,            0,            0,            0,            0,        0,        0,  61,           374,            660,              22,        1, Partner    ,           3,         1, Postgraduate   ,       0
 32557.0,       1,        0,      13,       34,         3,              29,               0,                4,           10,                 3,               2,                   1,                 3,                 5,            0,            0,            0,            0,            0,        0,        1,  47,           125,             80,               9,        1, Alone      ,           2,         1, Postgraduate   ,       3
 19510.0,       2,        0,      63,        9,         0,               7,               3,                4,            7,                 2,               1,                   0,                 3,                 7,            0,            0,            0,            0,            0,        0,        0,  29,           298,             30,               6,        2, Partner    ,           4,         1, Postgraduate   ,       1
 30992.0,       1,        0,      83,       17,         0,              14,               7,                3,            2,                 1,               1,                   0,                 3,                 7,            0,            0,            0,            0,            0,        0,        0,  38,           433,             43,               5,        1, Alone      ,           2,         1, Graduate       ,       3
101970.0,       0,        0,      69,      722,        27,             102,              44,               72,          168,                 0,               6,                   8,                13,                 2,            0,            1,            1,            1,            0,        0,        1,  31,           474,           1135,              27,        0, Alone      ,           1,         0, Graduate       ,       2
 71488.0,       0,        0,      87,      162,        33,             124,              40,               28,          172,                 2,               3,                   4,                 7,                 1,            0,            0,            0,            0,            0,        0,        0,  49,           496,            559,              16,        0, Partner    ,           2,         0, Undergraduate  ,       2
 79607.0,       0,        0,      37,      450,       133,             951,             173,                0,          216,                 1,               3,                   6,                 6,                 1,            0,            0,            0,            0,            0,        0,        1,  30,           434,           1923,              16,        0, Alone      ,           1,         0, Graduate       ,       2
 54348.0,       1,        1,      51,       70,         0,              16,               0,                0,            4,                 2,               2,                   0,                 4,                 6,            0,            0,            0,            0,            0,        0,        0,  61,            21,             90,               8,        2, Partner    ,           4,         1, Postgraduate   ,       1
 77376.0,       1,        1,      72,      492,        19,             110,              16,               12,           12,                 4,               6,                   3,                10,                 4,            0,            0,            0,            0,            0,        0,        0,  58,            50,            661,              23,        2, Partner    ,           4,         1, Postgraduate   ,       0
 62998.0,       0,        1,      10,      120,        58,              73,              65,               89,           58,                 5,               5,                   4,                 5,                 5,            0,            0,            0,            0,            0,        0,        0,  62,           272,            463,              19,        1, Partner    ,           3,         1, Graduate       ,       0
 61331.0,       1,        1,      42,      534,         5,              47,               0,                5,           41,                 5,              11,                   1,                 6,                 8,            0,            0,            0,            0,            0,        0,        0,  56,           476,            632,              23,        2, Alone      ,           3,         1, Postgraduate   ,       0
 73448.0,       0,        0,      10,      236,       106,             189,              23,               41,          130,                 1,               7,                   2,                 9,                 4,            0,            0,            0,            0,            0,        0,        0,  45,           139,            725,              19,        0, Partner    ,           2,         0, Graduate       ,       2
 41551.0,       1,        1,      51,      220,         0,              33,               3,                0,           23,                 5,               5,                   1,                 5,                 8,            0,            0,            0,            0,            0,        0,        0,  50,           319,            279,              16,        2, Partner    ,           4,         1, Postgraduate   ,       1
 62981.0,       0,        0,      21,      796,        14,             590,              38,               44,            0,                 1,               4,                   5,                13,                 3,            0,            1,            0,            0,            0,        0,        0,  47,           469,           1482,              23,        0, Partner    ,           2,         0, Postgraduate   ,       2
  9548.0,       1,        0,      31,        0,         1,               3,              10,                6,            9,                 2,               1,                   0,                 3,                 8,            0,            0,            0,            0,            0,        0,        0,  38,           690,             29,               6,        1, Alone      ,           2,         1, Undergraduate  ,       3
 33762.0,       2,        1,      61,       53,         1,              34,               2,                0,           16,                 3,               2,                   2,                 2,                 8,            0,            0,            0,            0,            0,        0,        0,  55,           357,            106,               9,        3, Partner    ,           5,         1, Postgraduate   ,       1
 35860.0,       1,        1,      37,       15,         0,               8,               4,                2,           20,                 2,               1,                   1,                 2,                 5,            1,            0,            0,            0,            0,        0,        1,  41,            41,             49,               6,        2, Alone      ,           3,         1, Postgraduate   ,       1
 36921.0,       1,        1,      74,       17,         1,              12,               3,                1,            4,                 2,               2,                   0,                 3,                 7,            0,            0,            0,            0,            0,        0,        0,  49,           336,             38,               7,        2, Alone      ,           3,         1, Postgraduate   ,       3
 92859.0,       0,        0,      46,      962,        61,             921,              52,               61,           20,                 1,               5,                   4,                12,                 2,            0,            0,            0,            0,            0,        0,        0,  22,           618,           2077,              22,        0, Alone      ,           1,         0, Postgraduate   ,       2
 65104.0,       0,        1,       4,      738,         0,             232,              13,               20,           50,                 2,               3,                   5,                 7,                 7,            0,            0,            0,            0,            0,        0,        1,  38,           227,           1053,              17,        1, Partner    ,           3,         1, Postgraduate   ,       0
 86111.0,       0,        0,      73,      399,        28,             756,              36,               40,          126,                 1,               5,                   7,                10,                 2,            0,            0,            0,            0,            0,        0,        0,  52,           436,           1385,              23,        0, Partner    ,           2,         0, Graduate       ,       2
 68352.0,       0,        1,      47,      614,        16,             132,              43,               33,           33,                 3,               8,                   5,                 9,                 6,            0,            0,            0,            0,            0,        0,        0,  40,           305,            871,              25,        1, Alone      ,           2,         1, Postgraduate   ,       2
 41883.0,       1,        0,      13,       32,        34,              41,              73,               16,          116,                 3,               4,                   2,                 3,                 7,            0,            0,            0,            0,            0,        0,        0,  26,           467,            312,              12,        1, Partner    ,           3,         1, Graduate       ,       3
 59809.0,       0,        2,      36,      598,        16,             141,              32,               41,           49,                 3,               3,                   3,                 6,                 8,            0,            0,            0,            0,            0,        0,        0,  38,           619,            877,              15,        2, Partner    ,           4,         1, Graduate       ,       0
 23957.0,       1,        0,      47,        2,         1,              18,              20,               11,           16,                 1,               2,                   0,                 3,                 6,            0,            0,            0,            0,            0,        0,        1,  39,           609,             68,               6,        1, Partner    ,           3,         1, Graduate       ,       3
 38547.0,       1,        0,      49,        6,         1,              10,               0,                1,            4,                 1,               1,                   0,                 2,                 8,            0,            0,            0,            0,            0,        1,        0,  33,           305,             22,               4,        1, Partner    ,           3,         1, Graduate       ,       1
 35688.0,       2,        1,      94,       73,         3,              90,              12,                1,           32,                 7,               4,                   1,                 4,                 8,            0,            0,            0,            0,            0,        0,        0,  41,           676,            211,              16,        3, Partner    ,           5,         1, Undergraduate  ,       0
 49605.0,       0,        0,      65,       42,        16,              29,              12,               20,            8,                 1,               2,                   1,                 4,                 3,            0,            0,            0,            0,            0,        0,        0,  48,             8,            127,               8,        0, Partner    ,           2,         0, Postgraduate   ,       1
 59354.0,       0,        2,      59,      295,        21,              78,              39,               13,           13,                 1,               4,                   4,                 7,                 3,            0,            0,            0,            0,            0,        0,        0,  61,            66,            459,              16,        2, Partner    ,           4,         1, Postgraduate   ,       1
 65747.0,       0,        1,      96,      346,        17,              48,              23,               13,           13,                 4,               8,                   1,                 6,                 6,            0,            1,            0,            0,            0,        0,        0,  45,           114,            460,              19,        1, Partner    ,           3,         1, Graduate       ,       0
 46344.0,       0,        1,      28,      233,        20,              57,               8,               20,           91,                 4,               7,                   1,                 5,                 7,            0,            0,            0,            0,            0,        0,        0,  42,           562,            429,              17,        1, Partner    ,           3,         1, Undergraduate  ,       0
 34176.0,       1,        0,      12,        5,         7,              24,              19,               14,           20,                 4,               3,                   0,                 4,                 6,            0,            0,            0,            0,            0,        0,        0,  26,            48,             89,              11,        1, Alone      ,           2,         1, Graduate       ,       3
 61010.0,       0,        1,      57,      888,         0,              57,               0,                0,           76,                 2,               8,                   5,                11,                 5,            0,            0,            0,            0,            0,        0,        0,  62,           628,           1021,              26,        1, Partner    ,           3,         1, Postgraduate   ,       0
 69372.0,       0,        0,      10,      997,        26,             269,              34,               13,           42,                 1,              10,                   4,                 6,                 4,            0,            1,            1,            0,            0,        0,        1,  65,           495,           1381,              21,        0, Partner    ,           2,         0, Graduate       ,       2
 49967.0,       0,        1,       4,      212,         6,              69,               4,               12,            3,                 3,               6,                   1,                 5,                 7,            0,            0,            0,            0,            0,        0,        0,  56,           356,            306,              15,        1, Alone      ,           2,         1, Graduate       ,       3
 60199.0,       1,        2,      49,        8,         1,               7,               2,                0,            0,                 1,               0,                   0,                 3,                 4,            0,            0,            0,            0,            0,        0,        0,  36,           290,             18,               4,        3, Alone      ,           4,         1, Graduate       ,       1
 55375.0,       0,        1,       3,       42,        11,              57,              10,               28,           14,                 1,               1,                   1,                 6,                 2,            0,            0,            0,            0,            0,        0,        0,  37,           255,            162,               9,        1, Partner    ,           3,         1, Graduate       ,       1
 80317.0,       0,        0,      64,      536,        11,             387,             149,               91,           57,                 1,               3,                   4,                10,                 1,            0,            0,            0,            0,            0,        0,        0,  59,           313,           1231,              18,        0, Alone      ,           1,         0, Graduate       ,       2
 30523.0,       2,        1,       0,        5,         0,               3,               0,                0,            5,                 1,               1,                   0,                 2,                 7,            0,            0,            0,            0,            0,        0,        0,  56,           363,             13,               4,        3, Alone      ,           4,         1, Postgraduate   ,       1
 70356.0,       0,        0,      20,     1349,        16,             249,              43,               16,           33,                 2,              10,                   6,                 9,                 6,            0,            0,            0,            0,            0,        0,        0,  69,           601,           1706,              27,        0, Partner    ,           2,         0, Postgraduate   ,       2
 23228.0,       1,        0,      91,       53,         3,              49,               7,                4,            5,                 4,               3,                   0,                 4,                 8,            0,            0,            0,            0,            0,        0,        0,  30,           175,            121,              11,        1, Partner    ,           3,         1, Graduate       ,       1
 74165.0,       0,        0,       9,     1001,        12,             240,              16,               12,           12,                 1,               5,                   4,                10,                 2,            0,            0,            0,            0,            0,        0,        0,  39,           424,           1293,              20,        0, Alone      ,           1,         0, Postgraduate   ,       2
157243.0,       0,        1,      98,       20,         2,            1582,               1,                2,            1,                15,               0,                  22,                 0,                 0,            0,            0,            0,            0,            0,        0,        0,  41,           120,           1608,              37,        1, Partner    ,           3,         1, Postgraduate   ,       0
 43482.0,       2,        1,      83,       18,         1,              32,               6,                3,           28,                 3,               2,                   0,                 4,                 6,            0,            0,            0,            0,            0,        0,        0,  48,           228,             88,               9,        3, Partner    ,           5,         1, Graduate       ,       1
 62551.0,       0,        0,      27,      125,        16,              98,             134,               21,           27,                 1,               6,                   7,                 4,                 3,            1,            0,            0,            0,            0,        0,        0,  61,           223,            421,              18,        0, Alone      ,           1,         0, Graduate       ,       2
 52332.0,       0,        0,      63,      212,         5,              33,               7,                0,            2,                 1,               3,                   2,                 6,                 4,            0,            1,            0,            0,            0,        0,        0,  55,           305,            259,              12,        0, Alone      ,           1,         0, Graduate       ,       2
 66951.0,       0,        0,      46,      277,       162,             305,             173,               76,          124,                 1,               3,                   4,                 7,                 1,            0,            0,            0,            0,            0,        0,        0,  26,           239,           1117,              15,        0, Alone      ,           1,         0, Graduate       ,       2
 26091.0,       1,        1,      84,       15,        10,              19,               8,               17,           20,                 3,               2,                   1,                 3,                 5,            0,            0,            0,            0,            0,        0,        0,  57,           124,             89,               9,        2, Partner    ,           4,         1, Graduate       ,       1
 33456.0,       1,        1,      58,        7,         3,              10,               8,                1,            7,                 2,               1,                   0,                 3,                 7,            0,            0,            0,            0,            0,        0,        0,  49,            69,             36,               6,        2, Partner    ,           4,         1, Graduate       ,       1
 28718.0,       1,        0,      78,       12,         4,               6,              11,                8,           16,                 2,               2,                   0,                 3,                 8,            0,            0,            0,            0,            0,        0,        0,  32,           351,             57,               7,        1, Partner    ,           3,         1, Graduate       ,       1
 50447.0,       2,        0,       4,       85,         7,              24,               2,                3,           27,                 1,               3,                   1,                 3,                 6,            0,            0,            0,            0,            0,        0,        0,  44,            69,            148,               8,        2, Partner    ,           4,         1, Graduate       ,       1
 53537.0,       1,        1,      17,       81,         0,               6,               0,                0,            6,                 2,               2,                   1,                 3,                 5,            0,            0,            0,            0,            0,        0,        0,  55,           150,             93,               8,        2, Partner    ,           4,         1, Postgraduate   ,       1
 52074.0,       0,        1,      77,       59,         0,              12,               0,                0,           48,                 1,               2,                   2,                 2,                 4,            1,            0,            0,            0,            0,        0,        0,  47,            86,            119,               7,        1, Alone      ,           2,         1, Graduate       ,       3
 80427.0,       0,        1,      56,     1149,        71,             449,              69,               71,           26,                 1,              11,                   8,                 8,                 5,            0,            0,            0,            0,            0,        0,        0,  39,           655,           1835,              28,        1, Partner    ,           3,         1, Postgraduate   ,       0
 83837.0,       0,        0,      79,      847,        66,             119,              86,               89,          111,                 1,               9,                  10,                 5,                 4,            0,            1,            0,            1,            0,        0,        1,  66,           560,           1318,              25,        0, Partner    ,           2,         0, Postgraduate   ,       2
 38853.0,       1,        1,      90,       29,         0,              14,               0,                0,            2,                 2,               2,                   0,                 3,                 7,            0,            0,            0,            0,            0,        0,        0,  44,            37,             45,               7,        2, Partner    ,           4,         1, Postgraduate   ,       1
 38285.0,       2,        1,      96,        2,         0,               5,               2,                0,            1,                 1,               0,                   0,                 3,                 2,            0,            0,            0,            0,            0,        0,        0,  55,             5,             10,               4,        3, Partner    ,           5,         1, Graduate       ,       1
 78497.0,       0,        0,      44,      207,        26,             447,              75,                0,          223,                 1,               5,                   7,                12,                 2,            0,            0,            0,            1,            0,        0,        0,  63,           210,            978,              25,        0, Partner    ,           2,         0, Undergraduate  ,       2
 51650.0,       0,        1,      81,      152,         3,              22,               2,                5,            7,                 1,               4,                   1,                 4,                 5,            0,            0,            0,            0,            0,        0,        0,  38,            49,            191,              10,        1, Partner    ,           3,         1, Postgraduate   ,       1
 16248.0,       1,        0,      77,       12,        11,              10,               3,               12,            9,                 3,               2,                   1,                 3,                 6,            0,            0,            0,            0,            0,        0,        0,  26,            50,             57,               9,        1, Partner    ,           3,         1, Undergraduate  ,       1
 66835.0,       0,        0,      21,      620,        26,             195,              34,               17,          141,                 1,               6,                   4,                13,                 2,            0,            0,            0,            0,            0,        0,        0,  68,           274,           1033,              24,        0, Partner    ,           2,         0, Postgraduate   ,       2
 30477.0,       1,        0,      16,       47,         1,               6,               0,                0,           12,                 1,               1,                   1,                 3,                 6,            0,            0,            0,            0,            0,        0,        0,  30,           158,             66,               6,        1, Partner    ,           3,         1, Postgraduate   ,       1
 28249.0,       0,        0,      80,        1,         9,               7,               2,               14,           10,                 1,               2,                   0,                 3,                 6,            0,            0,            0,            0,            0,        0,        0,  53,            14,             43,               6,        0, Partner    ,           2,         0, Undergraduate  ,       1
 25271.0,       1,        0,      45,       10,         1,              18,              10,                4,            7,                 1,               1,                   1,                 2,                 9,            0,            0,            0,            0,            0,        0,        0,  31,           571,             50,               5,        1, Partner    ,           3,         1, Graduate       ,       3
 32303.0,       0,        1,      63,       35,         0,               2,               0,                0,            2,                 2,               1,                   0,                 4,                 5,            0,            0,            0,            0,            0,        0,        0,  44,           113,             39,               7,        1, Alone      ,           2,         1, Postgraduate   ,       3
 61286.0,       0,        1,      34,      356,         0,             107,              19,                9,          117,                 2,               7,                   1,                 8,                 5,            0,            0,            0,            0,            0,        0,        0,  48,           331,            608,              18,        1, Partner    ,           3,         1, Graduate       ,       0
 74068.0,       0,        0,      14,      783,        30,             537,             140,               76,           15,                 1,               4,                  10,                 9,                 2,            0,            0,            0,            0,            0,        0,        0,  38,           467,           1581,              24,        0, Partner    ,           2,         0, Graduate       ,       2
 45759.0,       1,        1,      13,       42,         1,              18,               3,                0,            4,                 2,               2,                   0,                 3,                 7,            0,            0,            0,            0,            0,        0,        0,  50,           491,             68,               7,        2, Partner    ,           4,         1, Postgraduate   ,       1
 24882.0,       1,        0,      52,        1,         4,              10,              29,                0,           36,                 1,               1,                   1,                 2,                 6,            1,            0,            0,            0,            0,        0,        0,  36,           658,             80,               5,        1, Partner    ,           3,         1, Undergraduate  ,       3
 66973.0,       0,        0,      98,      466,        22,             432,             147,              113,          102,                 1,               8,                   7,                12,                 3,            0,            0,            0,            0,            0,        0,        0,  25,           408,           1282,              28,        0, Partner    ,           2,         0, Postgraduate   ,       2
 38872.0,       1,        0,      93,       23,         3,              21,               3,               19,           22,                 2,               3,                   0,                 3,                 8,            0,            0,            0,            0,            0,        0,        0,  26,           395,             91,               8,        1, Partner    ,           3,         1, Graduate       ,       3
 51148.0,       1,        1,      38,      235,         6,              45,               8,                9,           12,                 4,               5,                   1,                 6,                 6,            0,            0,            0,            0,            0,        0,        0,  41,           496,            315,              16,        2, Partner    ,           4,         1, Graduate       ,       0
 31353.0,       1,        1,      24,       10,         0,              10,               3,                1,            7,                 2,               1,                   1,                 2,                 8,            0,            0,            0,            0,            0,        0,        0,  37,           182,             31,               6,        2, Partner    ,           4,         1, Graduate       ,       1
 69661.0,       0,        0,      80,      656,        16,             106,              32,               16,            8,                 1,               7,                   3,                12,                 3,            0,            0,            0,            0,            0,        0,        0,  34,            47,            834,              23,        0, Partner    ,           2,         0, Postgraduate   ,       2
 80067.0,       0,        0,      82,      519,        17,             813,              27,              173,           51,                 1,               4,                   6,                 6,                 2,            0,            0,            1,            0,            0,        0,        0,  60,           283,           1600,              17,        0, Partner    ,           2,         0, Graduate       ,       2
 86718.0,       0,        0,      20,      344,       189,             482,              50,               33,          172,                 1,               5,                   6,                 5,                 2,            0,            0,            0,            0,            0,        0,        0,  60,           528,           1270,              17,        0, Partner    ,           2,         0, Graduate       ,       2
 46854.0,       1,        1,      81,       96,         1,              79,               7,                1,           79,                 6,               5,                   1,                 3,                 8,            1,            0,            0,            0,            0,        0,        1,  41,            90,            263,              15,        2, Alone      ,           3,         1, Postgraduate   ,       1
 69142.0,       0,        1,      50,      448,         4,              34,               6,                4,           39,                 3,               8,                   1,                 7,                 5,            0,            1,            0,            0,            0,        0,        0,  62,             0,            535,              19,        1, Alone      ,           2,         1, Graduate       ,       2
 75922.0,       0,        0,      60,      265,       138,             553,             224,               23,           92,                 1,               4,                   4,                 9,                 1,            0,            0,            0,            0,            0,        0,        0,  46,           202,           1295,              18,        0, Alone      ,           1,         0, Graduate       ,       2
 63693.0,       0,        1,      63,      587,        43,             337,              42,               87,           54,                 3,              11,                   6,                 9,                 6,            0,            0,            0,            0,            0,        0,        0,  36,           258,           1150,              29,        1, Alone      ,           2,         1, Graduate       ,       2
102160.0,       0,        0,      54,      763,        29,             138,              76,              176,           58,                 0,               7,                   9,                10,                 4,            0,            1,            1,            1,            0,        0,        1,  37,           604,           1240,              26,        0, Partner    ,           2,         0, Postgraduate   ,       2
 40637.0,       1,        1,      72,       22,         0,              13,               0,                0,            3,                 2,               1,                   0,                 3,                 7,            0,            0,            0,            0,            0,        0,        0,  49,           347,             38,               6,        2, Alone      ,           3,         1, Postgraduate   ,       3
 18890.0,       0,        0,       5,        6,         4,               1,               7,                2,           15,                 1,               0,                   1,                 2,                 6,            1,            0,            0,            0,            0,        0,        1,  30,           596,             35,               4,        0, Alone      ,           1,         0, Postgraduate   ,       3
 29604.0,       1,        0,      88,        7,         6,              13,               7,                6,           14,                 1,               1,                   0,                 3,                 9,            1,            0,            0,            0,            0,        0,        0,  26,           203,             53,               5,        1, Partner    ,           3,         1, Graduate       ,       1
 48721.0,       1,        1,      50,       81,        18,             113,              47,               13,           21,                 6,               4,                   2,                 5,                 6,            0,            0,            0,            0,            0,        0,        0,  51,           412,            293,              17,        2, Alone      ,           3,         1, Postgraduate   ,       0
 44794.0,       0,        1,      99,       54,         0,               7,               0,                0,            4,                 1,               2,                   0,                 3,                 6,            0,            0,            0,            0,            0,        0,        0,  48,            21,             65,               6,        1, Partner    ,           3,         1, Graduate       ,       1
 64497.0,       0,        1,      17,     1170,        48,             320,              42,               32,          192,                 5,              11,                   4,                 9,                 8,            1,            0,            0,            0,            0,        0,        1,  60,           657,           1804,              29,        1, Alone      ,           2,         1, Graduate       ,       0
 46097.0,       0,        1,      11,       72,        24,              68,              65,                4,            8,                 5,               3,                   1,                 6,                 4,            0,            0,            0,            0,            0,        0,        0,  58,           455,            241,              15,        1, Partner    ,           3,         1, Graduate       ,       0
 77972.0,       0,        0,      18,      613,        22,             319,              33,              102,           12,                 1,               4,                   6,                 9,                 1,            0,            0,            0,            0,            0,        0,        0,  60,           103,           1101,              20,        0, Partner    ,           2,         0, Graduate       ,       2
 44377.0,       1,        1,      70,      224,         0,              30,               0,                0,           10,                 8,               5,                   1,                 5,                 8,            0,            0,            0,            0,            0,        0,        0,  46,           632,            264,              19,        2, Partner    ,           4,         1, Postgraduate   ,       0
 46014.0,       1,        1,      21,      410,         0,              59,              19,                9,           44,                10,               7,                   1,                 8,                 7,            0,            0,            0,            0,            0,        0,        0,  40,           524,            541,              26,        2, Partner    ,           4,         1, Postgraduate   ,       0
 70951.0,       0,        0,      66,      239,        10,             554,             254,               87,           54,                 1,               3,                   4,                 9,                 1,            0,            0,            0,            0,            0,        0,        0,  29,           421,           1198,              17,        0, Partner    ,           2,         0, Graduate       ,       2
 41443.0,       1,        0,      79,      171,         7,             171,              25,               19,           89,                 6,               8,                   1,                 5,                 8,            0,            0,            0,            0,            0,        0,        0,  37,            89,            482,              20,        1, Partner    ,           3,         1, Graduate       ,       0
 52195.0,       2,        1,       2,       12,         0,               4,               0,                0,            1,                 1,               1,                   0,                 2,                 8,            0,            0,            0,            0,            0,        0,        0,  36,            48,             17,               4,        3, Alone      ,           4,         1, Undergraduate  ,       1
 83790.0,       0,        0,      81,     1076,        16,             417,              42,               48,           16,                 1,               8,                  10,                 6,                 3,            0,            1,            1,            0,            0,        0,        0,  66,           226,           1615,              25,        0, Partner    ,           2,         0, Postgraduate   ,       2
 44551.0,       0,        1,      24,      182,         4,              33,               0,                0,           66,                 2,               4,                   1,                 5,                 7,            0,            0,            0,            0,            0,        0,        0,  60,           302,            285,              12,        1, Alone      ,           2,         1, Postgraduate   ,       3
 69508.0,       1,        0,      48,      824,        32,             162,              42,               32,           43,                 2,              11,                   4,                11,                 6,            0,            0,            0,            0,            0,        0,        0,  34,           592,           1135,              28,        1, Partner    ,           3,         1, Graduate       ,       0
 45204.0,       1,        0,      93,       30,        11,              25,              29,                1,           18,                 1,               1,                   1,                 4,                 3,            0,            0,            0,            0,            0,        0,        0,  26,            79,            114,               7,        1, Partner    ,           3,         1, Undergraduate  ,       1
 72460.0,       0,        0,      56,      377,        10,             540,              80,               30,           10,                 1,               3,                   5,                 7,                 1,            0,            0,            0,            0,            0,        0,        0,  45,           227,           1047,              16,        0, Partner    ,           2,         0, Graduate       ,       2
 77622.0,       0,        2,       3,      520,         7,             154,              19,                0,           14,                 2,               6,                   3,                11,                 3,            0,            0,            0,            0,            0,        0,        0,  44,            76,            714,              22,        2, Partner    ,           4,         1, Postgraduate   ,       1
 30732.0,       1,        0,      44,      155,         1,              25,               0,                1,            3,                 4,               4,                   1,                 4,                 8,            0,            0,            0,            0,            0,        0,        0,  34,           540,            185,              13,        1, Partner    ,           3,         1, Postgraduate   ,       3
 63887.0,       0,        1,      38,      897,        23,             207,              15,               11,           92,                 5,               9,                   6,                12,                 6,            0,            0,            0,            0,            0,        0,        0,  52,           659,           1245,              32,        1, Alone      ,           2,         1, Graduate       ,       0
 42011.0,       1,        0,      46,      131,         0,              16,               2,                1,           39,                 4,               3,                   1,                 4,                 8,            0,            0,            0,            0,            0,        0,        0,  36,           460,            189,              12,        1, Partner    ,           3,         1, Graduate       ,       1
 51369.0,       0,        1,      84,      297,         7,              79,               0,               11,          182,                 2,               8,                   2,                 4,                 8,            0,            0,            0,            0,            0,        0,        0,  38,           612,            576,              16,        1, Partner    ,           3,         1, Graduate       ,       0
 51537.0,       0,        1,      27,      787,        20,             204,               0,                0,           92,                 3,               2,                   2,                11,                 8,            0,            0,            0,            0,            0,        0,        0,  62,           567,           1103,              18,        1, Alone      ,           2,         1, Graduate       ,       0
 79930.0,       0,        0,      72,      792,        86,             740,              67,               51,           17,                 1,               3,                   5,                 8,                 2,            0,            0,            0,            0,            0,        0,        0,  42,           690,           1753,              17,        0, Partner    ,           2,         0, Postgraduate   ,       2
 34320.0,       1,        0,      66,        4,         1,               9,               3,                0,            0,                 1,               1,                   0,                 2,                 8,            0,            0,            0,            0,            0,        0,        0,  28,           133,             17,               4,        1, Partner    ,           3,         1, Postgraduate   ,       1
 37070.0,       1,        1,      30,      231,         7,             137,               4,               15,           39,                 9,               5,                   1,                 8,                 7,            0,            0,            0,            0,            0,        0,        1,  48,           466,            433,              23,        2, Alone      ,           3,         1, Graduate       ,       0
 81975.0,       0,        1,       2,      983,        76,             184,             180,              138,           27,                 1,               6,                   3,                 4,                 7,            0,            0,            1,            0,            0,        0,        0,  52,           540,           1588,              14,        1, Alone      ,           2,         1, Undergraduate  ,       2
 38590.0,       1,        0,      65,        3,         1,               8,               4,                3,            3,                 1,               1,                   0,                 2,                 8,            0,            0,            0,            0,            0,        0,        0,  43,           410,             22,               4,        1, Partner    ,           3,         1, Graduate       ,       1
 15033.0,       0,        0,      37,        0,         4,               5,               6,                0,            4,                 1,               1,                   0,                 3,                 3,            0,            0,            0,            0,            0,        0,        0,  63,            74,             19,               5,        0, Alone      ,           1,         0, Graduate       ,       3
 62745.0,       0,        1,      89,      562,        21,             464,              28,               10,           32,                 3,               7,                   8,                11,                 5,            0,            0,            0,            0,            0,        0,        0,  49,           463,           1117,              29,        1, Partner    ,           3,         1, Postgraduate   ,       0
 22212.0,       1,        0,      49,        5,         9,              20,               6,                8,           21,                 2,               2,                   0,                 4,                 6,            0,            0,            0,            0,            0,        0,        0,  39,           202,             69,               8,        1, Partner    ,           3,         1, Undergraduate  ,       1
 23661.0,       1,        0,      46,       18,         0,               4,               0,                0,            1,                 1,               1,                   0,                 3,                 7,            0,            0,            0,            0,            0,        0,        0,  32,           207,             23,               5,        1, Partner    ,           3,         1, Postgraduate   ,       1
 79761.0,       0,        1,      32,      415,         5,             124,              15,               35,           11,                 1,               5,                   2,                11,                 3,            0,            0,            0,            0,            0,        0,        0,  56,           268,            605,              19,        1, Alone      ,           2,         1, Postgraduate   ,       2
  7500.0,       1,        0,      54,        5,         3,              10,              12,                7,           20,                 4,               3,                   1,                 3,                 7,            0,            0,            0,            0,            0,        0,        0,  41,           185,             57,              11,        1, Alone      ,           2,         1, Graduate       ,       3
 73455.0,       0,        0,      98,      901,        61,             757,             186,              163,           20,                 1,               6,                   5,                10,                 3,            0,            1,            0,            0,            0,        0,        0,  46,           244,           2088,              22,        0, Alone      ,           1,         0, Graduate       ,       2
 64961.0,       0,        1,      97,      382,       114,             276,              75,              124,           38,                 2,               6,                   4,                 4,                 3,            0,            0,            0,            0,            0,        0,        0,  56,           553,           1009,              16,        1, Partner    ,           3,         1, Graduate       ,       0
 22804.0,       1,        0,      75,       14,         1,               7,               2,                1,            1,                 1,               2,                   0,                 2,                 9,            0,            0,            0,            0,            0,        0,        0,  43,           333,             26,               5,        1, Alone      ,           2,         1, Graduate       ,       3
 73687.0,       0,        0,       8,      559,       153,             503,             218,               13,          181,                 1,               3,                   9,                 9,                 2,            0,            0,            0,            1,            0,        0,        1,  24,           213,           1627,              22,        0, Partner    ,           2,         0, Graduate       ,       2
 61074.0,       0,        1,      37,      789,         0,             133,               0,               28,          152,                 7,              11,                   5,                 8,                 7,            0,            0,            0,            0,            0,        0,        0,  56,           681,           1102,              31,        1, Partner    ,           3,         1, Graduate       ,       0
 31686.0,       1,        1,      31,       11,         0,               5,               0,                0,            1,                 2,               1,                   0,                 3,                 6,            0,            0,            0,            0,            0,        0,        0,  50,            24,             17,               6,        2, Partner    ,           4,         1, Postgraduate   ,       1
 80134.0,       1,        0,      40,     1218,        16,             272,             104,                0,           80,                 2,               5,                   3,                 6,                 6,            0,            1,            1,            1,            0,        0,        1,  42,           405,           1690,              16,        1, Partner    ,           3,         1, Graduate       ,       0
 75027.0,       0,        1,      74,      925,        64,             179,             133,               12,           77,                 2,               9,                   4,                 6,                 5,            0,            0,            0,            0,            0,        0,        0,  61,           536,           1390,              21,        1, Partner    ,           3,         1, Graduate       ,       0
 67546.0,       0,        0,      90,      864,       134,             768,             150,               38,          172,                 1,               4,                  10,                 5,                 3,            0,            0,            0,            0,            0,        0,        0,  26,           667,           2126,              20,        0, Partner    ,           2,         0, Postgraduate   ,       2
 65176.0,       0,        1,      57,      960,        28,             183,             220,               70,           70,                 4,               9,                   6,                 6,                 6,            0,            0,            0,            0,            0,        0,        0,  45,           608,           1531,              25,        1, Partner    ,           3,         1, Postgraduate   ,       0
 31160.0,       1,        0,      59,       16,         3,              25,               6,                1,           13,                 2,               2,                   0,                 3,                 8,            0,            0,            0,            0,            0,        0,        0,  39,           286,             64,               7,        1, Alone      ,           2,         1, Postgraduate   ,       3
 29938.0,       1,        0,      52,        3,         3,               7,               0,                2,           11,                 2,               1,                   0,                 3,                 6,            0,            0,            0,            0,            0,        0,        0,  29,           245,             26,               6,        1, Alone      ,           2,         1, Graduate       ,       3
102692.0,       0,        0,       5,      168,       148,             444,              32,              172,          148,                 1,               6,                   9,                13,                 2,            0,            1,            1,            1,            1,        0,        1,  40,           450,           1112,              29,        0, Alone      ,           1,         0, Graduate       ,       2
 26490.0,       0,        0,      92,       45,        47,              52,              21,               20,           25,                 2,               3,                   1,                 5,                 6,            0,            0,            0,            0,            0,        0,        0,  56,           645,            210,              11,        0, Partner    ,           2,         0, Undergraduate  ,       3
 75702.0,       1,        1,      77,      650,        28,             353,              45,               42,           30,                 5,               4,                   6,                11,                 8,            0,            0,            0,            0,            0,        0,        0,  47,           669,           1148,              26,        2, Partner    ,           4,         1, Graduate       ,       0
 30899.0,       1,        0,      35,       24,         0,               8,               0,                0,            1,                 2,               1,                   0,                 3,                 6,            0,            0,            0,            0,            0,        0,        0,  40,           624,             33,               6,        1, Alone      ,           2,         1, Postgraduate   ,       3
 63342.0,       0,        1,      48,      918,        21,             118,              13,               10,           21,                 3,               8,                   3,                 5,                 6,            0,            1,            0,            0,            0,        0,        0,  53,           621,           1101,              19,        1, Partner    ,           3,         1, Postgraduate   ,       0
 45989.0,       0,        1,      97,      138,        33,              87,              28,               24,           12,                 4,               3,                   2,                 7,                 3,            0,            0,            0,            0,            0,        0,        0,  50,           615,            322,              16,        1, Alone      ,           2,         1, Graduate       ,       0
 18701.0,       1,        1,      95,       12,         4,               2,              10,                6,           10,                 4,               2,                   0,                 4,                 5,            0,            0,            0,            0,            0,        0,        0,  50,           390,             44,              10,        2, Alone      ,           3,         1, Graduate       ,       1
 40737.0,       2,        1,      24,       11,         0,               4,               0,                0,            2,                 1,               1,                   0,                 2,                 8,            0,            0,            0,            0,            0,        0,        0,  57,           203,             17,               4,        3, Alone      ,           4,         1, Postgraduate   ,       1
 15287.0,       1,        0,      60,        1,         2,               8,               4,                3,           13,                 2,               1,                   1,                 2,                 7,            1,            0,            0,            0,            0,        0,        1,  35,           627,             31,               6,        1, Alone      ,           2,         1, Graduate       ,       3
 69674.0,       0,        2,      46,      554,        41,             215,              11,                0,           24,                 3,              10,                   2,                10,                 5,            0,            0,            0,            0,            0,        0,        0,  46,           403,            845,              25,        2, Alone      ,           3,         1, Postgraduate   ,       0
 44159.0,       1,        0,      85,      167,         2,              62,              24,               13,            7,                 4,               4,                   1,                 6,                 5,            0,            0,            0,            0,            0,        0,        0,  44,            12,            275,              15,        1, Partner    ,           3,         1, Postgraduate   ,       1
 37717.0,       1,        0,      31,        9,         0,               6,               4,                1,            5,                 1,               1,                   0,                 2,                 9,            0,            0,            0,            0,            0,        0,        0,  36,           583,             25,               4,        1, Partner    ,           3,         1, Postgraduate   ,       3
 43776.0,       1,        1,       9,      177,         2,              71,               3,                2,           20,                 6,               5,                   2,                 4,                 8,            0,            0,            0,            0,            0,        0,        1,  62,           511,            275,              17,        2, Partner    ,           4,         1, Postgraduate   ,       0
 38179.0,       1,        1,      30,       38,         4,              22,               4,                2,           20,                 4,               3,                   1,                 3,                 7,            0,            0,            0,            0,            0,        0,        0,  48,           472,             90,              11,        2, Partner    ,           4,         1, Postgraduate   ,       1
 80124.0,       0,        0,      47,      483,        84,             398,             205,               84,          241,                 1,               3,                   7,                 8,                 1,            1,            0,            0,            0,            0,        0,        0,  51,             3,           1495,              19,        0, Partner    ,           2,         0, Graduate       ,       2
 38097.0,       1,        1,      70,       77,         2,              35,               0,                1,           69,                 4,               3,                   2,                 2,                 7,            1,            0,            0,            0,            0,        0,        1,  44,           622,            184,              11,        2, Partner    ,           4,         1, Postgraduate   ,       1
 72940.0,       0,        0,      13,      182,        74,             298,             162,              149,          116,                 1,               3,                   3,                 6,                 1,            0,            0,            0,            0,            0,        0,        0,  44,           375,            981,              13,        0, Partner    ,           2,         0, Graduate       ,       2
 22070.0,       1,        0,      11,       10,         7,              19,               8,                2,           21,                 2,               2,                   2,                 2,                 6,            0,            0,            0,            0,            0,        0,        0,  44,           268,             67,               8,        1, Partner    ,           3,         1, Graduate       ,       1
 69267.0,       0,        0,      31,      778,        44,             499,              95,               73,          146,                 2,               3,                   4,                 5,                 7,            0,            0,            0,            0,            0,        0,        1,  61,           645,           1635,              14,        0, Alone      ,           1,         0, Graduate       ,       2
 31788.0,       1,        0,      15,       16,         7,              23,               0,                8,            6,                 3,               3,                   0,                 4,                 5,            0,            0,            0,            0,            0,        1,        0,  31,           101,             60,              10,        1, Alone      ,           2,         1, Postgraduate   ,       3
 61905.0,       0,        1,       2,      167,         0,              43,               6,                2,           13,                 2,               4,                   2,                 4,                 5,            0,            0,            0,            0,            0,        0,        0,  39,           145,            231,              12,        1, Partner    ,           3,         1, Postgraduate   ,       1
 29315.0,       1,        1,      55,       13,         2,              14,               8,                7,            4,                 4,               2,                   0,                 4,                 6,            0,            0,            0,            0,            0,        0,        0,  54,            84,             48,              10,        2, Partner    ,           4,         1, Graduate       ,       1
 33378.0,       1,        1,      38,       33,         6,              40,               3,                7,           10,                 3,               2,                   0,                 4,                 7,            0,            0,            0,            0,            0,        0,        0,  51,           508,             99,               9,        2, Alone      ,           3,         1, Graduate       ,       3
 66313.0,       0,        1,      86,      625,         7,              99,              10,               22,            7,                 2,               6,                   3,                12,                 4,            0,            0,            0,            0,            0,        0,        0,  51,           286,            770,              23,        1, Partner    ,           3,         1, Postgraduate   ,       0
 60714.0,       0,        0,      56,      216,       162,             224,             101,               92,          162,                 2,               7,                   4,                10,                 5,            0,            0,            0,            0,            0,        0,        1,  58,           528,            957,              23,        0, Alone      ,           1,         0, Graduate       ,       2
 77882.0,       0,        0,      29,       68,       129,             396,             188,               22,           15,                 1,               3,                   3,                 5,                 1,            0,            0,            0,            0,            0,        0,        0,  33,            60,            818,              12,        0, Partner    ,           2,         0, Postgraduate   ,       2
 69867.0,       0,        0,      30,      196,         0,             512,              33,              130,           54,                 1,               3,                   5,                 8,                 1,            0,            0,            0,            1,            0,        0,        1,  28,           453,            925,              17,        0, Alone      ,           1,         0, Postgraduate   ,       2
 63841.0,       0,        1,      64,      635,        15,             100,              20,                7,          131,                 1,               9,                   3,                 9,                 6,            0,            0,            0,            0,            0,        0,        0,  46,           434,            908,              22,        1, Alone      ,           2,         1, Postgraduate   ,       2
 24480.0,       1,        0,      46,        4,        19,               9,              28,               25,           17,                 3,               3,                   0,                 4,                 7,            0,            0,            0,            0,            0,        0,        0,  33,           503,            102,              10,        1, Partner    ,           3,         1, Undergraduate  ,       3
 51369.0,       0,        1,      84,      297,         7,              79,               0,               11,          182,                 2,               8,                   2,                 4,                 8,            0,            0,            0,            0,            0,        0,        0,  38,           612,            576,              16,        1, Partner    ,           3,         1, Graduate       ,       0
 37760.0,       0,        0,      20,       84,         5,              38,             150,               12,           28,                 2,               4,                   1,                 6,                 7,            0,            0,            0,            0,            0,        0,        0,  68,           667,            317,              13,        0, Partner    ,           2,         0, Graduate       ,       3
 65640.0,       0,        1,      74,      204,         7,             149,              20,               15,           66,                 1,               5,                   1,                 8,                 2,            0,            0,            0,            0,            0,        0,        0,  40,           120,            461,              15,        1, Partner    ,           3,         1, Postgraduate   ,       1
 44319.0,       1,        1,      18,       26,         0,               8,               0,                0,            3,                 2,               2,                   0,                 3,                 5,            0,            0,            0,            0,            0,        0,        0,  39,            73,             37,               7,        2, Partner    ,           4,         1, Postgraduate   ,       1
 30631.0,       1,        0,      75,       15,         6,              20,               4,                5,           20,                 1,               3,                   1,                 2,                 7,            0,            0,            0,            0,            0,        0,        0,  40,           352,             70,               7,        1, Partner    ,           3,         1, Graduate       ,       1
 75278.0,       0,        0,      17,      304,        98,             230,             150,               74,           74,                 1,               6,                   3,                13,                 3,            0,            0,            0,            0,            0,        0,        0,  62,           516,            930,              23,        0, Partner    ,           2,         0, Graduate       ,       2
 50898.0,       1,        1,      88,      285,        28,             242,              55,              114,          135,                13,               6,                   2,                12,                 5,            0,            0,            0,            0,            0,        0,        0,  58,           537,            859,              33,        2, Partner    ,           4,         1, Postgraduate   ,       0
 79946.0,       0,        0,      19,      395,       183,             565,             166,              141,           28,                 1,               5,                  11,                 5,                 3,            0,            0,            0,            0,            0,        0,        0,  48,            48,           1478,              22,        0, Alone      ,           1,         0, Graduate       ,       2
 35416.0,       0,        0,      62,      248,         3,              81,               4,                3,           51,                 3,               7,                   1,                 5,                 8,            0,            0,            0,            0,            0,        0,        0,  65,           381,            390,              16,        0, Alone      ,           1,         0, Postgraduate   ,       3
 32414.0,       0,        0,      11,       20,         6,               5,               0,                9,           12,                 1,               1,                   0,                 3,                 7,            1,            0,            0,            0,            0,        0,        0,  30,           360,             52,               5,        0, Partner    ,           2,         0, Undergraduate  ,       3
 38361.0,       1,        0,      74,       39,         0,              56,              20,                8,           14,                 3,               3,                   1,                 3,                 7,            0,            0,            0,            0,            0,        0,        0,  45,           184,            137,              10,        1, Partner    ,           3,         1, Graduate       ,       1
 82497.0,       0,        0,      32,      777,       129,             573,             216,               21,          203,                 1,               2,                   7,                 9,                 4,            0,            0,            1,            0,            0,        0,        0,  34,           606,           1919,              19,        0, Partner    ,           2,         0, Graduate       ,       2
 16626.0,       2,        0,      76,        8,         3,              22,              21,                1,           13,                 3,               3,                   0,                 3,                 9,            0,            0,            0,            0,            0,        0,        0,  43,           165,             68,               9,        2, Partner    ,           4,         1, Graduate       ,       1
 29672.0,       1,        1,       6,        9,         1,               3,               0,                4,            8,                 1,               0,                   0,                 3,                 6,            0,            0,            0,            0,            0,        0,        0,  49,           474,             25,               4,        2, Partner    ,           4,         1, Graduate       ,       1
 55951.0,       0,        1,      62,     1241,         0,              80,               0,               13,           40,                 3,               3,                   6,                11,                 8,            0,            1,            0,            0,            1,        0,        0,  62,           675,           1374,              23,        1, Partner    ,           3,         1, Postgraduate   ,       0
 35388.0,       1,        0,      20,        6,         4,               7,               4,                3,            8,                 1,               1,                   0,                 3,                 7,            0,            0,            0,            0,            0,        0,        0,  26,           479,             32,               5,        1, Alone      ,           2,         1, Undergraduate  ,       3
 42386.0,       1,        0,      43,       65,         4,              16,               0,                4,           11,                 1,               3,                   0,                 3,                 8,            0,            0,            0,            0,            0,        0,        0,  28,           532,            100,               7,        1, Partner    ,           3,         1, Postgraduate   ,       3
 68627.0,       0,        0,      45,      395,        15,             263,              60,               54,           38,                 1,               2,                   3,                 6,                 1,            0,            0,            0,            0,            0,        0,        0,  32,           533,            825,              12,        0, Alone      ,           1,         0, Graduate       ,       2
 57912.0,       0,        1,      34,      801,         0,              80,               0,                0,           35,                 5,               8,                   3,                12,                 5,            0,            1,            0,            0,            0,        0,        0,  49,           104,            916,              28,        1, Alone      ,           2,         1, Postgraduate   ,       0
 35246.0,       1,        1,      53,       36,         0,              12,               2,                2,           10,                 4,               3,                   1,                 3,                 5,            0,            0,            0,            0,            0,        0,        0,  56,            74,             62,              11,        2, Alone      ,           3,         1, Graduate       ,       1
 58821.0,       0,        1,      44,      513,        14,             154,              19,                0,           28,                 1,               9,                   2,                 9,                 6,            0,            0,            0,            0,            0,        0,        0,  58,           260,            728,              21,        1, Partner    ,           3,         1, Undergraduate  ,       0
 46377.0,       1,        0,      89,       37,         0,              46,               4,                3,            0,                 1,               2,                   1,                 3,                 4,            0,            0,            0,            0,            0,        0,        0,  36,           120,             90,               7,        1, Partner    ,           3,         1, Postgraduate   ,       1
 39747.0,       1,        0,      43,       80,        15,              93,              20,               13,           52,                 3,               5,                   1,                 4,                 8,            0,            0,            0,            0,            0,        0,        0,  26,            77,            273,              13,        1, Alone      ,           2,         1, Graduate       ,       3
 23976.0,       1,        0,      68,       14,         1,              21,               2,                3,           25,                 3,               3,                   1,                 3,                 7,            0,            0,            0,            0,            0,        0,        0,  30,           184,             66,              10,        1, Partner    ,           3,         1, Graduate       ,       1
 80950.0,       0,        0,      44,      525,       147,             112,             219,              147,           63,                 1,               6,                   7,                 9,                 2,            0,            0,            0,            1,            0,        0,        0,  53,           458,           1213,              23,        0, Partner    ,           2,         0, Postgraduate   ,       2
 27038.0,       0,        0,      64,        1,        26,              25,              17,               23,           15,                 1,               3,                   0,                 3,                 9,            0,            0,            0,            0,            0,        0,        1,  48,           649,            107,               7,        0, Alone      ,           1,         0, Graduate       ,       3
 77457.0,       0,        0,      85,      675,        11,             400,              15,               45,           11,                 1,               2,                   5,                10,                 1,            0,            0,            1,            0,            0,        0,        0,  67,           116,           1157,              18,        0, Alone      ,           1,         0, Graduate       ,       2
 64100.0,       0,        1,      93,      509,         0,              27,               0,                0,           10,                 1,               8,                   3,                 6,                 7,            0,            1,            0,            0,            0,        0,        0,  50,           292,            546,              18,        1, Partner    ,           3,         1, Postgraduate   ,       1
 42670.0,       0,        0,      12,      154,         2,              46,              20,                4,           15,                 1,               4,                   2,                 4,                 4,            0,            0,            0,            0,            0,        0,        0,  22,           428,            241,              11,        0, Partner    ,           2,         0, Postgraduate   ,       3
 12571.0,       1,        0,      86,        3,         5,              14,               2,               12,           17,                 4,               3,                   1,                 3,                 6,            0,            0,            0,            0,            0,        0,        0,  38,           162,             53,              11,        1, Alone      ,           2,         1, Graduate       ,       3
 22574.0,       2,        1,      28,       25,         0,               8,               2,                0,            2,                 2,               2,                   0,                 3,                 7,            0,            0,            0,            0,            0,        0,        0,  47,           244,             37,               7,        3, Partner    ,           5,         1, Graduate       ,       1
 70893.0,       0,        0,      42,      768,        44,             561,              77,               44,           14,                 1,               6,                   6,                10,                 3,            0,            0,            0,            0,            0,        0,        0,  38,           508,           1508,              23,        0, Alone      ,           1,         0, Postgraduate   ,       2
 54198.0,       1,        1,      13,      185,         0,              28,               3,                2,           17,                 6,               3,                   1,                 6,                 4,            0,            0,            0,            0,            0,        0,        0,  48,           194,            235,              16,        2, Partner    ,           4,         1, Graduate       ,       0
 28839.0,       1,        1,      86,       24,         0,               7,               0,                0,            1,                 2,               2,                   0,                 3,                 5,            0,            0,            0,            0,            0,        0,        0,  58,           110,             32,               7,        2, Partner    ,           4,         1, Postgraduate   ,       1
 40321.0,       1,        1,      59,       44,         4,              21,               6,                0,           27,                 2,               3,                   0,                 3,                 7,            0,            0,            0,            0,            0,        0,        0,  42,           335,            102,               8,        2, Partner    ,           4,         1, Graduate       ,       1
 66503.0,       1,        0,      30,       91,        64,             128,              65,                3,           50,                 2,               4,                   3,                 6,                 3,            0,            0,            0,            0,            0,        0,        0,  29,           684,            401,              15,        1, Alone      ,           2,         1, Graduate       ,       3
 30833.0,       1,        1,      33,       11,         0,               7,               3,                1,            6,                 2,               1,                   0,                 3,                 5,            0,            0,            0,            0,            0,        0,        0,  63,           348,             28,               6,        2, Partner    ,           4,         1, Graduate       ,       1
 64795.0,       0,        1,      23,      412,         5,             119,              38,               29,           77,                 3,               3,                   3,                12,                 2,            0,            0,            0,            0,            0,        0,        0,  43,           528,            680,              21,        1, Partner    ,           3,         1, Graduate       ,       0
 34421.0,       1,        0,      81,        3,         3,               7,               6,                2,            9,                 1,               1,                   0,                 2,                 7,            0,            0,            0,            0,            0,        0,        0,  40,           363,             30,               4,        1, Partner    ,           3,         1, Graduate       ,       1
 47025.0,       1,        1,       6,       16,         0,               3,               0,                0,            1,                 1,               1,                   0,                 2,                 7,            0,            0,            0,            0,            0,        0,        0,  49,           140,             20,               4,        2, Alone      ,           3,         1, Postgraduate   ,       1
 64325.0,       0,        1,      41,      731,        60,             353,              78,               12,           73,                 5,              10,                   3,                 5,                 7,            0,            0,            0,            0,            0,        0,        0,  53,           507,           1307,              23,        1, Alone      ,           2,         1, Postgraduate   ,       0
 40464.0,       0,        1,      78,      424,        17,             118,               7,               23,           41,                 6,               8,                   2,                 8,                 8,            0,            0,            0,            0,            0,        0,        0,  61,           534,            630,              24,        1, Alone      ,           2,         1, Graduate       ,       0
 62187.0,       0,        0,      49,      792,         0,             275,              45,               45,          126,                 1,               4,                   8,                 5,                 3,            0,            0,            0,            0,            0,        0,        0,  57,           359,           1283,              18,        0, Partner    ,           2,         0, Graduate       ,       2
 14849.0,       1,        0,      39,       21,         2,              28,               3,                2,            9,                 3,               2,                   0,                 4,                 8,            0,            0,            0,            0,            0,        0,        0,  38,           362,             65,               9,        1, Alone      ,           2,         1, Postgraduate   ,       3
 27255.0,       1,        0,       3,       22,         1,              11,               0,                1,            2,                 1,               1,                   0,                 3,                 7,            0,            0,            0,            0,            0,        0,        0,  30,           234,             37,               5,        1, Partner    ,           3,         1, Graduate       ,       1
 54432.0,       2,        1,      37,       33,         0,               5,               0,                0,            0,                 1,               1,                   0,                 3,                 4,            0,            0,            0,            0,            0,        0,        0,  64,           416,             38,               5,        3, Partner    ,           5,         1, Postgraduate   ,       1
 29999.0,       1,        0,      22,       68,         7,              59,              10,                5,           11,                 4,               3,                   1,                 4,                 8,            0,            0,            0,            0,            0,        0,        0,  28,           501,            160,              12,        1, Alone      ,           2,         1, Postgraduate   ,       3
 24072.0,       1,        0,      79,        9,         1,               6,               3,                0,            4,                 1,               1,                   0,                 2,                 8,            0,            0,            0,            0,            0,        0,        0,  31,           439,             23,               4,        1, Alone      ,           2,         1, Graduate       ,       3
 33996.0,       0,        0,      46,       40,         2,              15,               8,                0,            6,                 1,               1,                   1,                 3,                 4,            0,            0,            0,            0,            0,        0,        0,  25,           291,             71,               6,        0, Alone      ,           1,         0, Postgraduate   ,       3
 66334.0,       0,        1,      82,      909,        11,             218,               0,                0,           23,                 2,               9,                   3,                 5,                 5,            0,            0,            0,            0,            0,        0,        1,  58,           452,           1161,              19,        1, Partner    ,           3,         1, Postgraduate   ,       0
 35178.0,       1,        0,      10,       23,         1,              13,               2,                2,           18,                 1,               1,                   1,                 2,                 7,            1,            0,            0,            0,            0,        0,        1,  43,           535,             59,               5,        1, Partner    ,           3,         1, Postgraduate   ,       1
 22010.0,       1,        0,      51,       11,         2,               9,               3,                0,            8,                 2,               2,                   0,                 3,                 8,            0,            0,            0,            0,            0,        0,        0,  31,           364,             33,               7,        1, Partner    ,           3,         1, Graduate       ,       1
 62204.0,       0,        2,      38,      317,        46,             247,             151,               46,          139,                 1,               4,                   5,                12,                 3,            0,            0,            0,            0,            0,        0,        0,  54,           655,            946,              22,        2, Alone      ,           3,         1, Graduate       ,       0
 75693.0,       0,        0,      10,      797,       153,             293,              72,               97,           30,                 1,              11,                   4,                 6,                 4,            0,            1,            1,            1,            0,        0,        1,  46,           570,           1442,              22,        0, Alone      ,           1,         0, Graduate       ,       2
 30675.0,       1,        0,      14,       10,         2,              16,              11,                2,           21,                 1,               1,                   0,                 3,                 8,            0,            0,            0,            0,            0,        0,        0,  42,           594,             62,               5,        1, Partner    ,           3,         1, Graduate       ,       3
 83003.0,       0,        0,      18,      856,        61,             570,              40,               25,          122,                 1,               7,                   6,                 8,                 3,            0,            0,            1,            0,            0,        0,        1,  49,           483,           1674,              22,        0, Partner    ,           2,         0, Graduate       ,       2
 68655.0,       0,        0,      95,      456,        19,             832,              75,              118,           38,                 1,               4,                   5,                11,                 3,            0,            0,            0,            0,            0,        0,        0,  26,           688,           1538,              21,        0, Alone      ,           1,         0, Graduate       ,       2
 41411.0,       0,        0,      11,       37,        32,              38,              11,                3,           18,                 1,               2,                   1,                 4,                 6,            0,            0,            0,            0,            0,        0,        0,  28,           204,            139,               8,        0, Alone      ,           1,         0, Graduate       ,       3
 55212.0,       0,        1,      65,     1103,         0,              45,               0,                0,           34,                 3,               4,                   2,                11,                 8,            0,            1,            0,            0,            1,        0,        0,  45,           583,           1182,              20,        1, Partner    ,           3,         1, Postgraduate   ,       0
 59292.0,       0,        1,      71,      378,        14,              68,              19,               14,           14,                 2,               3,                   5,                 8,                 3,            0,            0,            0,            0,            0,        0,        0,  64,           381,            507,              18,        1, Partner    ,           3,         1, Postgraduate   ,       0
 27190.0,       1,        0,      13,        1,         6,               7,               0,                1,            3,                 1,               1,                   0,                 2,                 8,            1,            0,            0,            0,            0,        0,        1,  41,           318,             18,               4,        1, Partner    ,           3,         1, Undergraduate  ,       1
 82623.0,       0,        0,      58,      204,        34,             204,             172,              153,          173,                 1,               2,                   9,                 4,                 1,            0,            0,            0,            0,            0,        0,        0,  62,           231,            940,              16,        0, Alone      ,           1,         0, Graduate       ,       2
 44300.0,       1,        1,      65,       30,         0,               9,               0,                0,            3,                 2,               1,                   0,                 3,                 6,            0,            0,            0,            0,            0,        0,        0,  49,           371,             42,               6,        2, Partner    ,           4,         1, Graduate       ,       1
 84835.0,       0,        0,       0,      189,       104,             379,             111,              189,          218,                 1,               4,                   4,                 6,                 1,            0,            0,            0,            0,            0,        0,        1,  44,            13,           1190,              15,        0, Alone      ,           1,         0, Graduate       ,       2
 30372.0,       1,        1,      33,       15,         0,              12,               7,                3,            7,                 3,               2,                   0,                 3,                 7,            0,            0,            0,            0,            0,        0,        0,  43,           551,             44,               8,        2, Alone      ,           3,         1, Graduate       ,       3
 33181.0,       1,        0,      90,        9,         0,               3,               0,                0,            4,                 1,               1,                   0,                 2,                 6,            1,            0,            0,            0,            0,        0,        0,  38,           177,             16,               4,        1, Partner    ,           3,         1, Postgraduate   ,       1
 71113.0,       0,        1,      95,      495,        33,             255,              11,               33,            8,                 4,               6,                   7,                 9,                 4,            0,            0,            0,            0,            0,        0,        0,  57,           194,            835,              26,        1, Partner    ,           3,         1, Graduate       ,       0
 71952.0,       1,        0,      93,      656,        80,             455,              52,              107,           93,                 2,               8,                   4,                 8,                 4,            1,            0,            1,            0,            0,        0,        0,  28,           535,           1443,              22,        1, Partner    ,           3,         1, Graduate       ,       0
 69759.0,       0,        0,      38,      452,        20,             514,              13,               30,            0,                 3,               4,                   6,                 5,                 3,            0,            0,            0,            0,            0,        0,        1,  48,           244,           1029,              18,        0, Alone      ,           1,         0, Postgraduate   ,       2
 72099.0,       0,        0,      18,      546,        91,             410,             119,                0,           22,                 1,               3,                   4,                10,                 1,            0,            0,            0,            0,            0,        0,        0,  40,           610,           1188,              18,        0, Partner    ,           2,         0, Graduate       ,       2
 60000.0,       0,        1,      57,     1048,         0,             217,               0,                0,           12,                 5,              11,                   3,                 5,                 6,            0,            0,            0,            0,            0,        0,        0,  38,           554,           1277,              24,        1, Alone      ,           2,         1, Postgraduate   ,       0
 38643.0,       1,        1,      45,       22,         2,              14,               0,                1,           10,                 2,               2,                   0,                 3,                 7,            0,            0,            0,            0,            0,        1,        0,  36,           212,             49,               7,        2, Alone      ,           3,         1, Graduate       ,       3
 50737.0,       0,        1,      61,       78,         0,              11,               0,                0,           10,                 1,               2,                   0,                 4,                 6,            0,            1,            0,            0,            0,        0,        0,  59,           414,             99,               7,        1, Partner    ,           3,         1, Graduate       ,       1
 68462.0,       0,        0,       6,      561,        64,             785,              84,              128,           48,                 1,               3,                   3,                 8,                 1,            0,            0,            0,            0,            0,        0,        0,  45,           564,           1670,              15,        0, Partner    ,           2,         0, Postgraduate   ,       2
 65073.0,       0,        0,      65,      629,        17,             177,              69,                0,            8,                 1,               5,                   3,                 5,                 2,            0,            0,            0,            0,            0,        1,        0,  71,           313,            900,              14,        0, Partner    ,           2,         0, Postgraduate   ,       2
 46681.0,       0,        2,      52,      269,        15,              69,              15,               19,           38,                 2,               4,                   6,                 4,                 5,            0,            0,            0,            0,            0,        0,        0,  66,           264,            425,              16,        2, Partner    ,           4,         1, Postgraduate   ,       1
 78618.0,       0,        0,      87,      736,       163,             818,             212,              163,           61,                 1,               4,                   7,                10,                 2,            0,            1,            0,            0,            0,        0,        0,  57,           639,           2153,              22,        0, Partner    ,           2,         0, Graduate       ,       2
 62187.0,       0,        1,      38,      512,         0,              83,               0,                0,           41,                 3,               6,                   2,                10,                 4,            0,            0,            0,            0,            0,        0,        0,  45,            99,            636,              21,        1, Alone      ,           2,         1, Postgraduate   ,       2
 28442.0,       2,        0,      53,       19,         3,              10,              11,                8,            6,                 3,               2,                   1,                 4,                 4,            0,            0,            0,            0,            0,        0,        0,  36,           125,             57,              10,        2, Partner    ,           4,         1, Graduate       ,       1
 37717.0,       1,        0,      31,        9,         0,               6,               4,                1,            5,                 1,               1,                   0,                 2,                 9,            0,            0,            0,            0,            0,        0,        0,  36,           583,             25,               4,        1, Partner    ,           3,         1, Postgraduate   ,       3
 51479.0,       1,        1,      67,      247,         8,             160,               6,                8,           65,                 7,               6,                   3,                 6,                 7,            0,            0,            0,            0,            0,        0,        0,  47,           548,            494,              22,        2, Partner    ,           4,         1, Graduate       ,       0
 54803.0,       0,        1,      65,      404,         0,              92,              28,               27,          142,                 2,               6,                   2,                 9,                 4,            0,            0,            0,            0,            0,        0,        0,  45,           677,            693,              19,        1, Alone      ,           2,         1, Graduate       ,       0
 79530.0,       0,        0,      64,      333,         0,             815,             129,               42,           29,                 1,               4,                  10,                11,                 2,            0,            0,            0,            0,            0,        0,        0,  54,           408,           1348,              26,        0, Partner    ,           2,         0, Graduate       ,       2
 31615.0,       1,        0,      82,        2,         3,              20,               6,               11,            9,                 2,               2,                   0,                 3,                 7,            0,            0,            0,            0,            0,        0,        0,  38,           470,             51,               7,        1, Alone      ,           2,         1, Graduate       ,       3
 72025.0,       0,        0,      27,      833,        33,             549,             151,              133,          233,                 1,               4,                   3,                 8,                 3,            0,            0,            0,            0,            0,        0,        0,  52,           589,           1932,              16,        0, Partner    ,           2,         0, Graduate       ,       2
 52614.0,       0,        1,      63,      789,         0,             142,              12,                9,           38,                 2,               2,                   4,                 8,                 8,            0,            0,            0,            0,            0,        0,        0,  39,           575,            990,              16,        1, Alone      ,           2,         1, Postgraduate   ,       3
 35684.0,       1,        0,      66,       10,         4,               7,               0,                6,            3,                 1,               1,                   0,                 3,                 6,            0,            0,            0,            0,            0,        0,        0,  30,            68,             30,               5,        1, Partner    ,           3,         1, Undergraduate  ,       1
 48178.0,       1,        1,      69,      159,         4,              45,               6,                2,           38,                 6,               5,                   1,                 4,                 8,            0,            0,            0,            0,            0,        0,        0,  39,           609,            254,              16,        2, Partner    ,           4,         1, Graduate       ,       0
 29548.0,       1,        0,      52,        7,         1,               6,               3,                1,           11,                 1,               1,                   1,                 2,                 4,            1,            0,            0,            0,            0,        0,        0,  44,           304,             29,               5,        1, Alone      ,           2,         1, Postgraduate   ,       3
 63810.0,       0,        1,      45,      977,        12,             253,              16,               12,          101,                 4,               4,                   3,                12,                 8,            0,            1,            0,            0,            0,        0,        0,  48,           595,           1371,              23,        1, Alone      ,           2,         1, Graduate       ,       0
 38578.0,       1,        1,       2,       38,         4,              22,               3,                3,            3,                 3,               3,                   0,                 3,                 8,            0,            0,            0,            0,            0,        0,        1,  42,           372,             73,               9,        2, Alone      ,           3,         1, Postgraduate   ,       3
 46098.0,       1,        1,      86,       57,         0,              27,               0,                0,           36,                 4,               3,                   2,                 2,                 8,            0,            0,            0,            0,            0,        0,        0,  39,           680,            120,              11,        2, Alone      ,           3,         1, Postgraduate   ,       3
 22585.0,       0,        0,      23,        3,         9,              15,              13,                2,           39,                 1,               1,                   1,                 2,                 9,            1,            0,            0,            0,            0,        0,        1,  44,           468,             81,               5,        0, Alone      ,           1,         0, Graduate       ,       3
 30279.0,       1,        0,      13,       10,         4,              14,               4,                4,            1,                 1,               1,                   0,                 3,                 8,            0,            0,            0,            0,            0,        0,        0,  25,           546,             37,               5,        1, Alone      ,           2,         1, Graduate       ,       3
 66426.0,       0,        1,      14,     1043,        24,              97,              32,               24,          157,                 2,               3,                   5,                10,                 6,            0,            0,            0,            0,            0,        0,        0,  53,           270,           1377,              20,        1, Partner    ,           3,         1, Postgraduate   ,       0
 30822.0,       1,        0,      92,        3,         9,              13,               2,               12,           12,                 1,               1,                   0,                 3,                 7,            0,            0,            0,            0,            0,        0,        0,  45,           380,             51,               5,        1, Alone      ,           2,         1, Graduate       ,       3
 33581.0,       2,        0,      38,       11,         0,               5,               0,                0,            1,                 1,               1,                   0,                 2,                 8,            0,            0,            0,            0,            0,        0,        0,  45,           537,             17,               4,        2, Partner    ,           4,         1, Postgraduate   ,       1
 19986.0,       1,        0,      74,        3,         6,               5,               0,                2,            6,                 1,               0,                   0,                 3,                 7,            0,            0,            0,            0,            0,        0,        0,  29,           227,             22,               4,        1, Partner    ,           3,         1, Graduate       ,       1
 27421.0,       0,        0,      14,       43,        12,              96,              78,               40,           55,                 3,               4,                   1,                 6,                 7,            0,            0,            0,            0,            0,        0,        0,  60,           564,            324,              14,        0, Alone      ,           1,         0, Graduate       ,       3
 35688.0,       2,        1,      94,       73,         3,              90,              12,                1,           32,                 7,               4,                   1,                 4,                 8,            0,            0,            0,            0,            0,        0,        0,  41,           676,            211,              16,        3, Partner    ,           5,         1, Undergraduate  ,       0
 36143.0,       1,        0,      33,       12,         0,               1,               0,                0,            6,                 1,               0,                   1,                 2,                 3,            0,            0,            0,            0,            0,        0,        0,  33,            91,             19,               4,        1, Alone      ,           2,         1, Postgraduate   ,       3
 10245.0,       1,        0,      32,        4,         7,               7,               6,                4,           13,                 3,               1,                   2,                 2,                 5,            0,            0,            0,            0,            0,        0,        0,  43,           410,             41,               8,        1, Alone      ,           2,         1, Graduate       ,       3
 43795.0,       0,        1,      11,      314,        11,              53,               4,                3,          107,                 3,               7,                   3,                 4,                 7,            0,            1,            0,            0,            0,        0,        1,  46,           256,            492,              17,        1, Partner    ,           3,         1, Postgraduate   ,       1
 63381.0,       0,        1,      78,      571,        50,             142,              33,               50,          159,                 4,               4,                   5,                13,                 2,            0,            0,            0,            0,            0,        0,        0,  54,           632,           1005,              26,        1, Partner    ,           3,         1, Graduate       ,       0
 38823.0,       0,        1,      56,       70,         0,              11,               2,                8,           23,                 1,               2,                   1,                 3,                 6,            0,            0,            0,            0,            0,        0,        0,  65,           668,            114,               7,        1, Partner    ,           3,         1, Graduate       ,       1
 83664.0,       1,        1,      57,      866,        21,             151,              28,               21,           86,                 3,               2,                   2,                12,                 5,            0,            0,            0,            0,            0,        0,        0,  46,           417,           1173,              19,        2, Alone      ,           3,         1, Postgraduate   ,       0
 90300.0,       0,        0,       7,      594,       134,             786,              33,              134,           57,                 0,               5,                   6,                 8,                 1,            0,            0,            1,            0,            0,        0,        0,  35,           177,           1738,              19,        0, Partner    ,           2,         0, Graduate       ,       2
 62499.0,       1,        0,       0,      140,         4,              61,               0,               13,            4,                 2,               3,                   1,                 6,                 4,            0,            0,            0,            0,            0,        0,        0,  35,           202,            222,              12,        1, Partner    ,           3,         1, Postgraduate   ,       1
 74293.0,       0,        0,      66,      375,       152,             335,              93,               91,           81,                 1,               5,                   4,                 6,                 2,            0,            0,            0,            0,            0,        0,        0,  21,            56,           1127,              16,        0, Alone      ,           1,         0, Graduate       ,       2
 51012.0,       0,        0,      86,      102,         9,              63,               2,                9,           24,                 1,               4,                   1,                 4,                 6,            0,            0,            0,            0,            0,        0,        0,  68,           437,            209,              10,        0, Partner    ,           2,         0, Postgraduate   ,       3
 70777.0,       0,        1,      80,      554,        35,             113,               0,                7,           78,                 3,               5,                   3,                12,                 3,            0,            0,            0,            0,            0,        0,        0,  46,           124,            787,              23,        1, Partner    ,           3,         1, Postgraduate   ,       0
 68682.0,       0,        0,      56,      919,         0,             505,              99,               30,           45,                 1,               4,                   9,                10,                 2,            0,            0,            0,            0,            0,        0,        0,  23,           266,           1598,              24,        0, Partner    ,           2,         0, Postgraduate   ,       2
 43824.0,       1,        1,      18,       96,         1,              42,              12,                3,           32,                 4,               3,                   1,                 4,                 8,            0,            0,            0,            0,            0,        0,        0,  43,           652,            186,              12,        2, Partner    ,           4,         1, Graduate       ,       0
 15345.0,       1,        0,      51,        5,         2,              16,               3,                2,           19,                 2,               1,                   1,                 2,                 8,            0,            0,            0,            0,            0,        0,        1,  30,           667,             47,               6,        1, Partner    ,           3,         1, Graduate       ,       3
 23442.0,       1,        0,      71,        2,         0,               6,               8,                6,            5,                 1,               1,                   0,                 3,                 7,            0,            0,            0,            0,            0,        0,        0,  27,           552,             27,               5,        1, Alone      ,           2,         1, Graduate       ,       3
 14515.0,       1,        0,      71,        6,         4,               9,               6,               36,           35,                 4,               2,                   2,                 3,                 7,            0,            0,            0,            0,            0,        0,        1,  34,           597,             96,              11,        1, Partner    ,           3,         1, Undergraduate  ,       3
 31395.0,       1,        1,      80,       23,         1,              25,               0,                8,            7,                 4,               2,                   1,                 3,                 6,            0,            0,            0,            0,            0,        0,        0,  58,           463,             64,              10,        2, Alone      ,           3,         1, Undergraduate  ,       3
 75276.0,       0,        0,       2,      610,       105,             125,             137,               42,           21,                 1,               9,                   4,                 9,                 5,            0,            0,            0,            0,            0,        0,        0,  49,           640,           1040,              23,        0, Partner    ,           2,         0, Graduate       ,       2
 42373.0,       1,        1,      83,       67,         5,              61,               3,                8,           19,                 5,               2,                   1,                 5,                 5,            0,            0,            0,            0,            0,        0,        0,  40,           318,            163,              13,        2, Alone      ,           3,         1, Graduate       ,       1
 30507.0,       0,        0,      29,       65,        36,              74,              38,               20,          110,                 1,               5,                   1,                 4,                 7,            0,            0,            0,            0,            0,        0,        0,  54,           475,            343,              11,        0, Partner    ,           2,         0, Graduate       ,       3
 55521.0,       1,        2,      11,      416,         0,              26,               0,                0,            4,                 9,               6,                   3,                 6,                 7,            0,            1,            0,            0,            0,        0,        1,  59,           250,            446,              24,        3, Alone      ,           4,         1, Postgraduate   ,       0
 48006.0,       1,        1,      55,       23,         0,              11,               3,                2,            2,                 1,               1,                   0,                 3,                 6,            0,            0,            0,            0,            0,        0,        0,  49,            20,             41,               5,        2, Partner    ,           4,         1, Graduate       ,       1
 27213.0,       1,        0,      19,       19,         3,              26,              10,                9,            3,                 3,               2,                   0,                 4,                 8,            0,            0,            0,            0,            0,        0,        1,  42,           668,             70,               9,        1, Alone      ,           2,         1, Postgraduate   ,       3
 65808.0,       1,        1,       1,      155,         7,              80,              13,                7,           10,                 3,               5,                   1,                 5,                 6,            0,            0,            0,            0,            0,        0,        0,  43,            30,            272,              14,        2, Alone      ,           3,         1, Postgraduate   ,       1
 30351.0,       1,        0,      19,       14,         0,              24,               3,                3,            2,                 1,               3,                   0,                 2,                 9,            0,            0,            0,            0,            0,        0,        0,  40,           388,             46,               6,        1, Partner    ,           3,         1, Postgraduate   ,       1
 50437.0,       0,        2,      28,      370,         9,              92,               6,                9,            4,                 3,               7,                   1,                 8,                 7,            0,            0,            0,            0,            0,        0,        0,  51,           620,            490,              19,        2, Partner    ,           4,         1, Graduate       ,       0
 23616.0,       1,        0,      76,        4,        22,              11,               3,                7,           32,                 2,               3,                   0,                 3,                 8,            0,            0,            0,            0,            0,        0,        1,  32,           589,             79,               8,        1, Alone      ,           2,         1, Undergraduate  ,       3
 53858.0,       0,        1,      50,      407,        53,             221,              58,              150,           26,                 4,               4,                   3,                 6,                 4,            0,            0,            0,            0,            0,        0,        0,  38,           597,            915,              17,        1, Partner    ,           3,         1, Graduate       ,       0
 66465.0,       0,        1,       1,     1200,         0,             204,              38,               29,           14,                 3,              11,                   9,                12,                 6,            0,            0,            0,            1,            0,        0,        0,  59,           456,           1485,              35,        1, Partner    ,           3,         1, Postgraduate   ,       0
 46923.0,       1,        0,      90,       85,        44,              54,             102,               78,            6,                 3,               5,                   1,                 7,                 7,            0,            0,            0,            0,            0,        0,        0,  27,           676,            369,              16,        1, Alone      ,           2,         1, Graduate       ,       3
 75072.0,       0,        1,      83,      583,        34,             309,               0,               22,          125,                 2,               5,                   4,                 8,                 3,            0,            0,            0,            0,            0,        0,        0,  52,           522,           1073,              19,        1, Partner    ,           3,         1, Graduate       ,       0
 75865.0,       0,        0,      73,      483,         0,             591,             156,                0,           12,                 1,               3,                   5,                10,                 1,            0,            0,            0,            0,            0,        0,        0,  71,            90,           1242,              19,        0, Partner    ,           2,         0, Postgraduate   ,       2
 19789.0,       1,        0,      24,        2,         5,               9,              28,                6,           28,                 3,               2,                   1,                 3,                 5,            1,            0,            0,            0,            0,        0,        0,  39,           221,             78,               9,        1, Partner    ,           3,         1, Undergraduate  ,       1
 80134.0,       0,        0,      11,      966,        26,             282,              52,               26,           26,                 1,               2,                   7,                11,                 5,            0,            1,            1,            1,            1,        0,        0,  20,           135,           1378,              21,        0, Partner    ,           2,         0, Graduate       ,       2
 91065.0,       0,        0,      33,      822,       114,             108,             179,              137,          114,                 1,               7,                   9,                 9,                 3,            0,            0,            1,            1,            0,        0,        1,  33,           492,           1474,              26,        0, Alone      ,           1,         0, Graduate       ,       2
 49505.0,       1,        1,       4,      604,         0,             100,              19,                0,           28,                 9,              10,                   2,                 8,                 8,            0,            0,            0,            0,            0,        0,        0,  43,           481,            751,              29,        2, Partner    ,           4,         1, Postgraduate   ,       0
 37401.0,       1,        0,      14,       19,         3,              19,               3,                1,            3,                 2,               2,                   0,                 3,                 7,            0,            0,            0,            0,            0,        0,        0,  41,            54,             48,               7,        1, Partner    ,           3,         1, Postgraduate   ,       1
 30096.0,       1,        0,      30,        5,         3,              11,              12,                5,            9,                 1,               2,                   0,                 3,                 6,            0,            0,            0,            0,            0,        0,        0,  31,            38,             45,               6,        1, Partner    ,           3,         1, Graduate       ,       1
 18492.0,       1,        0,      75,        2,         2,               2,               2,                1,            1,                 1,               1,                   0,                 2,                 8,            0,            0,            0,            0,            0,        0,        0,  32,            24,             10,               4,        1, Partner    ,           3,         1, Postgraduate   ,       1
 82584.0,       0,        0,      26,     1076,        68,             103,              29,               91,           68,                 1,               3,                   4,                 8,                 1,            0,            1,            1,            0,            0,        0,        1,  40,           390,           1435,              16,        0, Partner    ,           2,         0, Postgraduate   ,       2
 93027.0,       0,        0,      77,     1285,        42,             716,              55,                0,           21,                 0,               7,                  10,                 5,                 2,            0,            0,            1,            0,            0,        0,        0,  73,           442,           2119,              22,        0, Partner    ,           2,         0, Postgraduate   ,       2
 48686.0,       1,        2,       8,       10,         0,               7,               2,                0,            1,                 1,               1,                   0,                 2,                 8,            0,            0,            0,            0,            0,        0,        0,  61,           207,             20,               4,        3, Partner    ,           5,         1, Graduate       ,       1
 92910.0,       0,        0,      42,      551,       137,             792,             179,              103,           33,                 1,               6,                   7,                13,                 1,            0,            1,            1,            1,            0,        0,        0,  28,            66,           1795,              27,        0, Partner    ,           2,         0, Graduate       ,       2
 75433.0,       1,        0,      28,      800,         0,             297,               0,               34,           57,                 2,               2,                   5,                10,                 6,            0,            1,            0,            1,            0,        0,        0,  25,            85,           1188,              19,        1, Partner    ,           3,         1, Graduate       ,       2
 10404.0,       1,        0,      52,        2,         2,              11,              10,                6,           12,                 2,               1,                   0,                 4,                 5,            0,            0,            0,            0,            0,        0,        0,  25,            56,             43,               7,        1, Partner    ,           3,         1, Undergraduate  ,       1
 61314.0,       0,        1,       1,      378,         0,             189,              97,              172,          172,                 2,               5,                   5,                12,                 3,            0,            0,            0,            0,            0,        0,        0,  46,           430,           1008,              24,        1, Partner    ,           3,         1, Graduate       ,       0
 84865.0,       0,        0,       1,     1248,        16,             349,              43,               16,           16,                 1,               2,                   4,                 9,                 4,            0,            1,            1,            1,            1,        0,        1,  53,           416,           1688,              16,        0, Alone      ,           1,         0, Postgraduate   ,       2
 42387.0,       1,        0,      42,      235,         0,             235,              19,                4,          191,                 5,               8,                   1,                 7,                 8,            0,            0,            0,            0,            0,        0,        0,  25,           608,            684,              21,        1, Partner    ,           3,         1, Graduate       ,       0
 67309.0,       1,        1,      76,      515,        47,             181,             149,               95,           95,                15,               9,                   6,                 9,                 7,            0,            0,            0,            0,            0,        0,        0,  47,           522,           1082,              39,        2, Partner    ,           4,         1, Undergraduate  ,       0
 75236.0,       0,        1,      27,      438,        66,             400,              12,               38,          114,                 1,               8,                   3,                13,                 4,            0,            0,            0,            0,            0,        0,        0,  50,           216,           1068,              25,        1, Partner    ,           3,         1, Graduate       ,       2
 30015.0,       1,        0,      28,       25,         0,              22,               2,                3,            5,                 2,               1,                   0,                 4,                 5,            0,            0,            0,            0,            0,        0,        0,  44,           147,             57,               7,        1, Alone      ,           2,         1, Graduate       ,       3
 50943.0,       0,        1,      49,       31,         0,               7,               2,                0,            6,                 1,               1,                   0,                 3,                 5,            0,            0,            0,            0,            0,        0,        0,  58,           373,             46,               5,        1, Partner    ,           3,         1, Postgraduate   ,       1
 67272.0,       0,        1,      12,      357,        35,             271,              28,               28,           14,                 3,               6,                   2,                12,                 5,            0,            0,            0,            0,            0,        0,        0,  48,           190,            733,              23,        1, Alone      ,           2,         1, Graduate       ,       2
 51529.0,       0,        1,      14,      400,         4,              35,               6,                0,           22,                 2,               9,                   1,                 5,                 8,            0,            0,            0,            0,            0,        0,        0,  65,           295,            467,              17,        1, Alone      ,           2,         1, Postgraduate   ,       3
 32011.0,       1,        0,      89,       99,         0,              15,               2,                1,            5,                 3,               2,                   1,                 4,                 7,            0,            0,            0,            0,            0,        0,        0,  43,           311,            122,              10,        1, Partner    ,           3,         1, Postgraduate   ,       1
  7500.0,       1,        0,      96,        1,        11,               5,               4,                6,            9,                 2,               2,                   0,                 3,                 8,            0,            0,            0,            0,            0,        0,        0,  28,           507,             36,               7,        1, Partner    ,           3,         1, Undergraduate  ,       3
 28691.0,       1,        0,      56,        5,         4,              13,               8,                0,            4,                 1,               1,                   0,                 3,                 8,            0,            0,            0,            0,            0,        0,        0,  25,           360,             34,               5,        1, Partner    ,           3,         1, Graduate       ,       3
 56223.0,       0,        1,      72,       77,        28,              31,              16,                0,            4,                 2,               2,                   1,                 5,                 4,            0,            0,            0,            0,            0,        0,        0,  66,           191,            156,              10,        1, Partner    ,           3,         1, Postgraduate   ,       1
 18100.0,       0,        0,      14,        3,         1,               2,               4,                3,            1,                 1,               0,                   0,                 3,                 5,            0,            0,            0,            0,            0,        0,        0,  68,           327,             14,               4,        0, Partner    ,           2,         0, Graduate       ,       1
 30279.0,       1,        0,      13,       10,         4,              14,               4,                4,            1,                 1,               1,                   0,                 3,                 8,            0,            0,            0,            0,            0,        0,        0,  25,           546,             37,               5,        1, Alone      ,           2,         1, Graduate       ,       3
 20130.0,       0,        0,      99,        0,         6,               3,               7,                6,           12,                 1,               1,                   0,                 3,                 8,            0,            0,            0,            0,            0,        0,        0,  40,           104,             34,               5,        0, Partner    ,           2,         0, Undergraduate  ,       3
 23295.0,       0,        0,      72,        0,         0,               1,               2,               12,            5,                 1,               1,                   0,                 2,                 8,            0,            0,            0,            0,            0,        0,        0,  55,           351,             20,               4,        0, Alone      ,           1,         0, Graduate       ,       3
 42618.0,       1,        0,      92,       76,        14,              74,              13,                5,           10,                 2,               5,                   0,                 4,                 8,            0,            0,            0,            0,            0,        0,        0,  42,           263,            192,              11,        1, Alone      ,           2,         1, Postgraduate   ,       3
 81246.0,       0,        0,      87,      398,       190,             537,              61,              156,           37,                 1,               4,                   5,                 7,                 1,            1,            0,            0,            1,            0,        0,        0,  50,           182,           1379,              17,        0, Alone      ,           1,         0, Graduate       ,       2
 24027.0,       1,        0,       7,       14,         7,              11,              11,                0,            5,                 2,               2,                   0,                 3,                 8,            0,            0,            0,            0,            0,        0,        0,  38,           385,             48,               7,        1, Partner    ,           3,         1, Graduate       ,       1
 55707.0,       0,        1,      91,      208,         7,              82,              30,               66,           35,                 2,               3,                   2,                 9,                 3,            0,            0,            0,            0,            0,        0,        0,  61,           189,            428,              16,        1, Partner    ,           3,         1, Postgraduate   ,       1
 57959.0,       0,        1,      71,      430,        16,             322,              43,               24,           33,                 5,               4,                   7,                11,                 3,            0,            0,            0,            0,            0,        0,        0,  59,           423,            868,              27,        1, Alone      ,           2,         1, Graduate       ,       0
 56796.0,       0,        1,      24,      656,        38,             161,              62,               47,           37,                 3,               8,                   9,                 7,                 7,            0,            0,            0,            0,            0,        0,        0,  45,           498,           1001,              27,        1, Partner    ,           3,         1, Graduate       ,       0
 36230.0,       1,        0,      17,       14,         2,              30,               8,                2,            3,                 1,               2,                   0,                 4,                 5,            0,            0,            0,            0,            0,        0,        0,  43,           255,             59,               7,        1, Alone      ,           2,         1, Postgraduate   ,       3
 70829.0,       1,        1,      87,      141,        70,             106,              72,               19,           23,                 2,               4,                   2,                 8,                 3,            0,            0,            0,            0,            0,        0,        0,  34,           210,            431,              16,        2, Partner    ,           4,         1, Undergraduate  ,       1
 65991.0,       0,        1,      21,      507,        19,             364,              25,               47,            9,                 3,               9,                   5,                10,                 7,            0,            0,            0,            0,            0,        0,        0,  38,           660,            971,              27,        1, Partner    ,           3,         1, Graduate       ,       0
 38988.0,       1,        2,      90,      164,        24,             103,              12,                3,           42,                 7,               5,                   1,                 6,                 8,            0,            0,            0,            0,            0,        0,        0,  42,           678,            348,              19,        3, Partner    ,           5,         1, Graduate       ,       0
 89572.0,       0,        0,      44,      606,        24,             974,             197,              194,           64,                 1,               7,                   7,                 9,                 4,            0,            1,            0,            1,            0,        0,        1,  48,           652,           2059,              24,        0, Alone      ,           1,         0, Undergraduate  ,       2
 42207.0,       1,        0,      71,      116,        11,              72,               3,               17,           46,                 4,               4,                   1,                 5,                 6,            1,            0,            0,            0,            0,        0,        1,  30,           454,            265,              14,        1, Partner    ,           3,         1, Postgraduate   ,       1
 50300.0,       0,        1,      52,      143,        15,              60,              24,               23,            5,                 2,               2,                   1,                 8,                 2,            0,            0,            0,            0,            0,        0,        0,  62,            35,            270,              13,        1, Partner    ,           3,         1, Graduate       ,       1
 66664.0,       0,        0,      78,      398,        96,             447,             220,               96,           32,                 1,               5,                   7,                 6,                 3,            0,            0,            0,            0,            0,        0,        0,  32,           642,           1289,              19,        0, Partner    ,           2,         0, Undergraduate  ,       2
 60597.0,       0,        1,       2,      522,         0,             257,              32,               16,           66,                 4,               2,                   2,                 8,                 7,            0,            0,            0,            1,            0,        0,        1,  50,           179,            893,              16,        1, Partner    ,           3,         1, Graduate       ,       0
 70165.0,       0,        0,      60,      161,         0,             253,             199,              191,          122,                 1,               3,                   7,                11,                 1,            0,            0,            0,            0,            0,        0,        0,  65,           280,            926,              22,        0, Alone      ,           1,         0, Graduate       ,       2
 50520.0,       0,        1,      25,      112,         0,               6,               2,                1,           14,                 2,               3,                   1,                 3,                 6,            0,            0,            0,            0,            0,        0,        0,  56,           152,            135,               9,        1, Alone      ,           2,         1, Postgraduate   ,       3
 80124.0,       0,        0,      47,      483,        84,             398,             205,               84,          241,                 1,               3,                   7,                 8,                 1,            1,            0,            0,            0,            0,        0,        0,  51,             3,           1495,              19,        0, Partner    ,           2,         0, Graduate       ,       2
 33183.0,       1,        0,      46,        7,         5,              39,              17,               15,           37,                 2,               4,                   0,                 3,                 7,            0,            0,            0,            0,            0,        0,        0,  39,           125,            120,               9,        1, Partner    ,           3,         1, Graduate       ,       1
 66582.0,       0,        0,      83,      789,        25,             420,              16,               38,            0,                 1,               2,                   8,                 9,                 1,            0,            0,            0,            0,            0,        0,        0,  45,           118,           1288,              20,        0, Alone      ,           1,         0, Postgraduate   ,       2
 75261.0,       0,        0,      17,     1239,        17,             413,              23,               34,           17,                 1,               5,                   6,                 5,                 2,            0,            1,            1,            0,            0,        0,        1,  59,           432,           1743,              17,        0, Partner    ,           2,         0, Postgraduate   ,       2
 31880.0,       1,        0,      13,        4,         1,               5,               2,                0,            3,                 1,               1,                   0,                 2,                 8,            0,            0,            0,            0,            0,        0,        0,  44,           606,             15,               4,        1, Alone      ,           2,         1, Graduate       ,       3
 53790.0,       0,        2,      86,      335,        42,             127,              28,                5,            5,                 3,               7,                   2,                 8,                 6,            0,            0,            0,            0,            0,        0,        0,  63,           115,            542,              20,        2, Partner    ,           4,         1, Graduate       ,       1
 49269.0,       1,        0,      92,      639,         8,             166,              11,                8,           58,                 3,               7,                   3,                12,                 7,            0,            0,            0,            0,            0,        0,        0,  43,           683,            890,              25,        1, Partner    ,           3,         1, Postgraduate   ,       0
 61456.0,       0,        1,      47,      563,        76,             384,              84,              192,           89,                 4,               6,                  10,                13,                 4,            0,            0,            0,            0,            0,        0,        0,  39,           459,           1388,              33,        1, Partner    ,           3,         1, Graduate       ,       0
 37406.0,       1,        0,      18,        2,         0,               8,               2,                2,            3,                 1,               1,                   0,                 2,                 8,            0,            0,            0,            0,            0,        0,        1,  34,           262,             17,               4,        1, Partner    ,           3,         1, Graduate       ,       1
 56937.0,       1,        0,      81,      746,         8,             125,              11,                8,            8,                 7,               8,                   6,                 9,                 6,            0,            1,            0,            0,            0,        0,        1,  33,           694,            906,              30,        1, Partner    ,           3,         1, Postgraduate   ,       0
 38415.0,       1,        1,      91,       22,         1,              13,               4,                0,            4,                 2,               1,                   0,                 3,                 7,            0,            0,            0,            0,            0,        0,        0,  36,           543,             44,               6,        2, Partner    ,           4,         1, Graduate       ,       1
 20518.0,       1,        0,      58,        4,         1,               6,               4,                1,            9,                 1,               1,                   1,                 2,                 5,            0,            0,            0,            0,            0,        0,        0,  26,            42,             25,               5,        1, Alone      ,           2,         1, Graduate       ,       3
 62503.0,       0,        1,      40,      478,         0,             193,             110,               75,          117,                 4,               8,                   3,                11,                 5,            0,            0,            0,            0,            0,        0,        0,  58,           496,            973,              26,        1, Partner    ,           3,         1, Graduate       ,       0
 41644.0,       1,        1,      67,       20,         3,               4,               2,                0,            2,                 2,               1,                   0,                 3,                 3,            0,            0,            0,            0,            0,        0,        0,  42,            51,             31,               6,        2, Alone      ,           3,         1, Postgraduate   ,       1
 55842.0,       0,        1,      19,      451,         0,              39,               0,                4,           24,                 1,               7,                   1,                 8,                 5,            0,            0,            0,            0,            0,        0,        0,  37,            37,            518,              17,        1, Partner    ,           3,         1, Postgraduate   ,       1
 62010.0,       0,        1,      93,      371,        22,              39,               6,                0,           92,                 4,               6,                   2,                 7,                 5,            0,            0,            0,            0,            0,        0,        0,  42,           614,            530,              19,        1, Partner    ,           3,         1, Postgraduate   ,       0
 41124.0,       1,        0,      41,      281,         7,              84,              15,                0,          119,                 7,               7,                   3,                 4,                 8,            0,            0,            0,            0,            0,        0,        0,  37,           606,            506,              21,        1, Partner    ,           3,         1, Graduate       ,       0
 38961.0,       1,        0,      60,       19,         7,              19,               0,                1,           24,                 1,               2,                   1,                 2,                 7,            0,            0,            0,            0,            0,        0,        0,  41,           181,             70,               6,        1, Partner    ,           3,         1, Postgraduate   ,       1
 37760.0,       1,        0,      54,       26,         3,              13,               2,               10,            0,                 1,               2,                   0,                 3,                 6,            0,            0,            0,            0,            0,        0,        0,  42,           322,             54,               6,        1, Alone      ,           2,         1, Postgraduate   ,       3
 32233.0,       1,        0,      26,      138,        15,              35,              25,               11,           72,                 2,               6,                   2,                 2,                 9,            1,            0,            0,            0,            0,        0,        1,  40,           679,            296,              12,        1, Alone      ,           2,         1, Graduate       ,       3
 43057.0,       0,        1,      30,      213,         2,              44,               0,                2,            5,                 4,               4,                   2,                 5,                 5,            0,            0,            0,            0,            0,        0,        0,  39,           242,            266,              15,        1, Partner    ,           3,         1, Graduate       ,       1
 83151.0,       0,        0,      93,      407,        28,             100,             120,               74,           18,                 1,               5,                   9,                 4,                 3,            0,            0,            0,            0,            0,        0,        0,  54,           627,            747,              19,        0, Partner    ,           2,         0, Postgraduate   ,       2
 78825.0,       0,        0,      35,      483,        74,             114,             169,               37,           18,                 1,               5,                  10,                13,                 3,            0,            0,            0,            0,            0,        0,        1,  50,           653,            895,              29,        0, Alone      ,           1,         0, Postgraduate   ,       2
 65104.0,       0,        1,       4,      738,         0,             232,              13,               20,           50,                 2,               3,                   5,                 7,                 7,            0,            0,            0,            0,            0,        0,        0,  38,           227,           1053,              17,        1, Partner    ,           3,         1, Postgraduate   ,       0
 60093.0,       0,        1,      92,      502,        12,             109,              16,                6,           90,                 2,               7,                   2,                10,                 6,            0,            0,            0,            0,            0,        0,        0,  40,           368,            735,              21,        1, Partner    ,           3,         1, Graduate       ,       0
 14045.0,       1,        0,      24,       11,         0,               5,               2,                1,            1,                 1,               1,                   0,                 3,                 7,            0,            0,            0,            0,            0,        0,        0,  45,           154,             20,               5,        1, Partner    ,           3,         1, Graduate       ,       1
 28457.0,       0,        0,      96,       24,         1,             108,              29,               29,           14,                 1,               4,                   1,                 4,                 8,            0,            0,            0,            0,            0,        0,        0,  62,           609,            205,              10,        0, Alone      ,           1,         0, Undergraduate  ,       3
 78952.0,       0,        1,      11,     1170,        19,             594,              99,               76,          134,                 2,               2,                   5,                12,                 6,            0,            0,            0,            0,            0,        0,        0,  56,           643,           2092,              21,        1, Partner    ,           3,         1, Postgraduate   ,       0
 46310.0,       1,        0,      99,      185,         2,              88,              15,                5,           14,                 2,               6,                   1,                 5,                 8,            0,            0,            0,            0,            0,        0,        0,  38,           573,            309,              14,        1, Alone      ,           2,         1, Graduate       ,       3
 76005.0,       0,        0,      72,      983,        20,             389,             240,               50,           40,                 1,               3,                   5,                13,                 6,            0,            0,            0,            1,            0,        0,        0,  59,           492,           1722,              22,        0, Partner    ,           2,         0, Graduate       ,       2
 58308.0,       0,        1,      77,      691,         0,              69,              10,                0,          130,                 4,               2,                   6,                 3,                 8,            0,            0,            0,            0,            0,        0,        0,  50,           533,            900,              15,        1, Alone      ,           2,         1, Postgraduate   ,       0
 55614.0,       0,        0,      85,      504,        13,             131,               8,                0,           26,                 1,               9,                   4,                 6,                 7,            0,            1,            0,            0,            0,        0,        0,  70,           214,            682,              20,        0, Alone      ,           1,         0, Postgraduate   ,       2
 59432.0,       0,        1,      88,      317,        25,             265,              25,               19,           12,                 3,               5,                   3,                11,                 5,            0,            0,            0,            0,            0,        0,        0,  52,           442,            663,              22,        1, Alone      ,           2,         1, Postgraduate   ,       0
 55563.0,       0,        1,      22,       29,         1,               9,               2,                0,            2,                 1,               2,                   0,                 3,                 3,            0,            0,            0,            0,            0,        0,        0,  36,            85,             43,               6,        1, Alone      ,           2,         1, Graduate       ,       3
 78642.0,       0,        1,      83,     1396,         0,             322,              46,               35,           17,                 1,               4,                   9,                 4,                 6,            0,            0,            0,            0,            0,        0,        0,  43,           434,           1816,              18,        1, Partner    ,           3,         1, Postgraduate   ,       2
 67911.0,       0,        1,      63,      529,         0,             356,              63,               28,            0,                 3,               6,                   7,                11,                 3,            0,            0,            0,            0,            0,        0,        0,  65,            38,            976,              27,        1, Partner    ,           3,         1, Postgraduate   ,       0
 65275.0,       0,        0,       9,      388,        14,             218,              91,               14,           21,                 1,               4,                   3,                13,                 2,            0,            0,            0,            0,            0,        0,        0,  70,           452,            746,              21,        0, Partner    ,           2,         0, Graduate       ,       2
 27203.0,       1,        1,      92,       13,         2,              21,               4,                0,           24,                 2,               1,                   1,                 2,                 8,            0,            0,            0,            0,            0,        0,        0,  64,           692,             64,               6,        2, Partner    ,           4,         1, Graduate       ,       1
 48330.0,       0,        1,       2,       28,         0,               4,               0,                0,            0,                 1,               1,                   0,                 3,                 5,            0,            0,            0,            0,            0,        0,        0,  53,           226,             32,               5,        1, Partner    ,           3,         1, Postgraduate   ,       1
 24279.0,       0,        0,       6,       16,        36,              21,              20,               62,          108,                 1,               4,                   1,                 3,                 8,            0,            0,            0,            0,            0,        0,        0,  24,           547,            263,               9,        0, Partner    ,           2,         0, Undergraduate  ,       3
 64355.0,       1,        0,      66,     1047,         0,             140,              67,               38,          153,                 2,               4,                   3,                12,                 8,            0,            0,            0,            0,            0,        0,        0,  29,           674,           1445,              21,        1, Partner    ,           3,         1, Postgraduate   ,       0
 50943.0,       0,        1,      49,       31,         0,               7,               2,                0,            6,                 1,               1,                   0,                 3,                 5,            0,            0,            0,            0,            0,        0,        0,  58,           373,             46,               5,        1, Partner    ,           3,         1, Postgraduate   ,       1
 53653.0,       0,        0,      29,      815,        10,             239,              28,               10,          108,                 2,              10,                   4,                12,                 6,            0,            0,            0,            0,            0,        0,        0,  61,           599,           1210,              28,        0, Alone      ,           1,         0, Graduate       ,       2
 65665.0,       0,        1,      77,      225,       162,             387,             106,               36,           29,                 1,               5,                  10,                 8,                 3,            0,            0,            0,            0,            0,        0,        0,  38,           209,            945,              24,        1, Partner    ,           3,         1, Graduate       ,       2
 81217.0,       0,        0,      77,      493,        70,             324,             146,               40,           84,                 1,               3,                   7,                11,                 1,            0,            0,            0,            0,            0,        0,        0,  25,           345,           1157,              22,        0, Alone      ,           1,         0, Graduate       ,       2
 34935.0,       0,        0,      71,       34,         4,              66,               3,               10,           20,                 1,               2,                   1,                 4,                 7,            0,            0,            0,            0,            0,        0,        0,  22,           373,            137,               8,        0, Partner    ,           2,         0, Graduate       ,       3
 61250.0,       0,        1,      49,      382,       138,              65,              60,               26,           59,                 6,               5,                   2,                12,                 5,            0,            0,            0,            0,            0,        0,        0,  55,           560,            730,              25,        1, Alone      ,           2,         1, Graduate       ,       0
 39665.0,       1,        0,      97,      127,         1,              56,               0,                1,           31,                 3,               4,                   2,                 3,                 7,            1,            0,            0,            0,            0,        0,        0,  33,           400,            216,              12,        1, Partner    ,           3,         1, Postgraduate   ,       1
 60152.0,       0,        1,       6,      325,        83,             300,              86,               58,           91,                 1,               6,                   4,                12,                 3,            0,            0,            0,            0,            0,        0,        0,  35,           458,            943,              23,        1, Alone      ,           2,         1, Graduate       ,       2
 48920.0,       0,        2,      93,      238,        17,              68,               8,               10,            6,                 3,               6,                   2,                 5,                 7,            0,            1,            0,            0,            0,        0,        0,  50,           252,            347,              16,        2, Partner    ,           4,         1, Graduate       ,       1
 89120.0,       0,        0,      78,     1168,        92,             408,              72,              129,           55,                 1,               5,                   6,                 7,                 1,            0,            0,            1,            0,            0,        0,        0,  55,           104,           1924,              19,        0, Partner    ,           2,         0, Postgraduate   ,       2
 44124.0,       0,        1,      62,      284,         0,              55,               0,                6,           52,                 4,               6,                   2,                 5,                 8,            0,            0,            0,            0,            0,        0,        0,  68,           414,            397,              17,        1, Partner    ,           3,         1, Postgraduate   ,       0
 81169.0,       0,        0,      47,     1288,        20,             613,              80,               61,           27,                 1,               5,                   7,                 9,                 2,            0,            0,            0,            0,            0,        0,        0,  39,           441,           2089,              22,        0, Alone      ,           1,         0, Postgraduate   ,       2
 36443.0,       1,        1,       9,       65,         0,              46,               4,                3,           20,                 4,               3,                   1,                 3,                 8,            0,            0,            0,            0,            0,        0,        0,  53,           511,            138,              11,        2, Partner    ,           4,         1, Graduate       ,       1
 26095.0,       1,        0,      77,       11,         7,               9,               3,                1,           11,                 1,               1,                   0,                 3,                 7,            0,            0,            0,            0,            0,        0,        0,  24,           364,             42,               5,        1, Alone      ,           2,         1, Graduate       ,       3
 71367.0,       0,        0,      24,      227,        23,             389,              42,               21,           75,                 1,               4,                   5,                 7,                 2,            0,            0,            0,            0,            0,        0,        0,  55,           310,            777,              17,        0, Partner    ,           2,         0, Graduate       ,       2
 80184.0,       0,        0,      19,     1035,       134,             670,              25,               38,            0,                 1,               6,                   3,                10,                 3,            0,            0,            1,            1,            0,        0,        0,  70,           120,           1902,              20,        0, Partner    ,           2,         0, Postgraduate   ,       2
 30630.0,       1,        1,      67,       27,         1,              12,               2,                0,           10,                 2,               2,                   0,                 3,                 7,            0,            0,            0,            0,            0,        0,        0,  49,           153,             52,               7,        2, Alone      ,           3,         1, Graduate       ,       1
 73454.0,       0,        0,      95,      982,        73,             351,              56,               14,          175,                 1,               2,                   4,                 6,                 5,            1,            0,            0,            0,            0,        0,        0,  27,           120,           1651,              13,        0, Alone      ,           1,         0, Postgraduate   ,       2
 42691.0,       0,        0,      48,      179,         2,              64,              38,               17,           58,                 1,               5,                   1,                 6,                 5,            0,            0,            0,            0,            0,        0,        0,  23,           317,            358,              13,        0, Partner    ,           2,         0, Graduate       ,       3
 70503.0,       0,        0,      73,     1379,        33,             216,               0,               33,           66,                 1,               2,                   4,                 9,                 6,            0,            1,            1,            0,            0,        0,        0,  61,           637,           1727,              16,        0, Partner    ,           2,         0, Graduate       ,       2
 25545.0,       1,        0,      35,       32,         1,              64,              16,               12,           85,                 3,               2,                   2,                 3,                 6,            0,            0,            0,            0,            0,        0,        1,  27,           659,            210,              10,        1, Partner    ,           3,         1, Graduate       ,       3
 32880.0,       1,        0,      76,        8,         4,              15,               7,                6,            2,                 1,               1,                   0,                 3,                 8,            0,            0,            0,            0,            0,        0,        0,  28,           572,             42,               5,        1, Partner    ,           3,         1, Graduate       ,       3
 77863.0,       0,        0,      20,      881,        38,             319,              16,               25,           12,                 1,               4,                   5,                10,                 2,            0,            0,            0,            0,            0,        0,        0,  56,           214,           1291,              20,        0, Partner    ,           2,         0, Postgraduate   ,       2
 50353.0,       0,        0,      72,      141,        15,             153,              67,               31,           35,                 1,               4,                   4,                 6,                 3,            0,            0,            0,            0,            0,        0,        0,  37,            21,            442,              15,        0, Partner    ,           2,         0, Postgraduate   ,       2
 61839.0,       0,        0,      20,     1000,       155,             379,             224,               17,          120,                 1,               4,                   8,                 4,                 8,            0,            0,            0,            0,            0,        0,        0,  50,           686,           1895,              17,        0, Alone      ,           1,         0, Graduate       ,       2
 49154.0,       1,        1,      69,      206,        10,              67,              30,               27,           71,                 6,               4,                   1,                 8,                 6,            0,            0,            0,            0,            0,        0,        0,  54,           238,            411,              19,        2, Partner    ,           4,         1, Postgraduate   ,       0
 47682.0,       0,        1,      80,      162,        61,              83,              97,               57,           61,                 4,               4,                   3,                 8,                 5,            0,            0,            0,            0,            0,        0,        0,  39,           499,            521,              19,        1, Alone      ,           2,         1, Undergraduate  ,       3
 72679.0,       0,        1,      65,      619,        54,             260,             127,               54,           54,                 1,               4,                   7,                 5,                 1,            0,            0,            0,            0,            0,        0,        0,  45,           284,           1168,              17,        1, Alone      ,           2,         1, Graduate       ,       2
 57954.0,       1,        1,      52,      456,         4,              24,               0,                0,            9,                 7,               8,                   2,                 6,                 7,            0,            1,            0,            0,            0,        0,        0,  37,            11,            493,              23,        2, Partner    ,           4,         1, Postgraduate   ,       0
 65316.0,       1,        1,      65,      112,         6,              92,               3,                9,           38,                 2,               3,                   2,                 5,                 4,            0,            0,            0,            0,            0,        0,        0,  52,           431,            260,              12,        2, Partner    ,           4,         1, Graduate       ,       1
 28567.0,       1,        0,      57,       11,         3,              22,               2,                2,            6,                 2,               2,                   0,                 3,                 6,            0,            0,            0,            0,            0,        0,        0,  32,           377,             46,               7,        1, Alone      ,           2,         1, Graduate       ,       3
 47352.0,       0,        1,      70,      172,        12,             112,               8,                0,           15,                 4,               6,                   1,                 5,                 7,            0,            0,            0,            0,            0,        0,        0,  63,           444,            319,              16,        1, Partner    ,           3,         1, Postgraduate   ,       0
 44931.0,       0,        1,       0,       78,         0,              11,               0,                0,            7,                 1,               2,                   1,                 3,                 5,            0,            0,            0,            0,            0,        0,        0,  47,           162,             96,               7,        1, Partner    ,           3,         1, Graduate       ,       1
 76982.0,       0,        0,      19,      464,       151,             292,              65,               60,           30,                 1,               8,                   3,                 4,                 4,            0,            0,            1,            0,            0,        0,        1,  47,           134,           1062,              16,        0, Alone      ,           1,         0, Graduate       ,       2
 57247.0,       0,        1,      50,       99,         4,              32,              37,               54,            6,                 2,               2,                   1,                 7,                 2,            0,            0,            0,            0,            0,        0,        0,  62,           325,            232,              12,        1, Partner    ,           3,         1, Undergraduate  ,       1
 22944.0,       1,        0,      67,       19,         3,              19,               4,                5,           26,                 3,               3,                   0,                 3,                 7,            0,            0,            0,            0,            0,        0,        0,  33,           188,             76,               9,        1, Alone      ,           2,         1, Postgraduate   ,       3
 25315.0,       1,        0,      46,        1,         9,               8,              11,                3,           22,                 3,               3,                   0,                 3,                 8,            0,            0,            0,            0,            0,        0,        0,  37,           234,             54,               9,        1, Partner    ,           3,         1, Undergraduate  ,       1
 43638.0,       0,        1,      37,       63,        10,              83,               7,               19,           19,                 2,               4,                   1,                 4,                 7,            0,            0,            0,            0,            0,        0,        0,  45,           692,            201,              11,        1, Alone      ,           2,         1, Graduate       ,       3
 42710.0,       1,        0,      38,      252,         3,              42,               4,                3,          102,                 2,               4,                   5,                 3,                 6,            0,            0,            0,            0,            0,        0,        0,  30,           578,            406,              14,        1, Alone      ,           2,         1, Postgraduate   ,       3
 84169.0,       0,        0,       9,     1478,        19,             403,               0,               19,            0,                 1,               7,                   6,                 6,                 3,            0,            1,            1,            0,            0,        0,        1,  32,           326,           1919,              20,        0, Partner    ,           2,         0, Postgraduate   ,       2
 54058.0,       0,        1,      56,      198,        18,             252,              32,              108,           54,                 2,               4,                   6,                 8,                 3,            0,            0,            0,            0,            0,        0,        0,  38,           390,            662,              20,        1, Partner    ,           3,         1, Graduate       ,       0
 24683.0,       1,        0,      98,        8,         4,              10,               6,                7,            6,                 2,               2,                   0,                 4,                 5,            0,            0,            0,            0,            0,        0,        0,  24,           113,             41,               8,        1, Partner    ,           3,         1, Undergraduate  ,       1
 85620.0,       0,        0,      68,      416,        46,             925,              60,              107,           46,                 1,               3,                   6,                 4,                 1,            0,            0,            0,            0,            0,        0,        1,  50,           173,           1600,              14,        0, Alone      ,           1,         0, Graduate       ,       2
 47850.0,       1,        0,      72,       42,         7,              43,              20,               12,           10,                 1,               3,                   0,                 4,                 6,            0,            0,            0,            0,            0,        0,        0,  34,           208,            134,               8,        1, Partner    ,           3,         1, Graduate       ,       1
 19514.0,       1,        1,      47,       14,         3,              21,               2,                1,           28,                 4,               3,                   1,                 2,                 8,            1,            0,            0,            0,            0,        0,        1,  46,           154,             69,              10,        2, Partner    ,           4,         1, Graduate       ,       1
 27159.0,       1,        1,      33,       17,         0,               3,               0,                0,            1,                 2,               1,                   0,                 3,                 6,            0,            0,            0,            0,            0,        0,        0,  41,            92,             21,               6,        2, Partner    ,           4,         1, Postgraduate   ,       1
 39548.0,       1,        1,      87,       15,         4,              10,               3,                4,           18,                 2,               1,                   1,                 3,                 3,            0,            0,            0,            0,            0,        0,        0,  51,            90,             54,               7,        2, Alone      ,           3,         1, Undergraduate  ,       1
 21474.0,       1,        0,       0,        6,        16,              24,              11,                0,           34,                 2,               3,                   1,                 2,                 7,            1,            0,            0,            0,            0,        0,        1,  25,            82,             91,               8,        1, Alone      ,           2,         1, Graduate       ,       3
 60504.0,       0,        1,      73,      458,         0,              24,               6,                4,           34,                 2,               6,                   2,                 8,                 6,            0,            0,            0,            0,            0,        0,        0,  43,           142,            526,              18,        1, Alone      ,           2,         1, Postgraduate   ,       3
 22419.0,       0,        0,      74,       30,         3,              47,              19,               21,           42,                 1,               3,                   2,                 2,                 8,            0,            0,            0,            0,            0,        0,        0,  51,           437,            162,               8,        0, Partner    ,           2,         0, Graduate       ,       3
 81698.0,       0,        0,       4,      179,        28,             520,             111,              123,           47,                 1,               3,                   8,                13,                 1,            0,            0,            0,            0,            0,        0,        1,  65,           235,           1008,              25,        0, Partner    ,           2,         0, Postgraduate   ,       2
 43462.0,       1,        1,      50,       90,        17,              97,              15,                6,           15,                 6,               4,                   1,                 5,                 8,            0,            0,            0,            0,            0,        0,        0,  62,           655,            240,              16,        2, Partner    ,           4,         1, Graduate       ,       0
 54880.0,       1,        0,      57,      308,        85,             137,             102,               45,          118,                 2,               6,                   2,                11,                 5,            0,            0,            0,            0,            0,        0,        0,  36,           485,            795,              21,        1, Alone      ,           2,         1, Postgraduate   ,       3
 79908.0,       0,        0,      30,      557,       129,             761,              29,              185,          111,                 1,               5,                   6,                 7,                 2,            0,            0,            1,            0,            0,        0,        0,  32,           450,           1772,              19,        0, Partner    ,           2,         0, Graduate       ,       2
 15315.0,       0,        0,      27,        7,         4,              13,              15,                8,           17,                 2,               2,                   0,                 4,                 5,            0,            0,            0,            0,            0,        0,        0,  44,           330,             64,               8,        0, Partner    ,           2,         0, Undergraduate  ,       3
 87771.0,       0,        1,      61,     1492,        38,             287,              50,               57,           33,                 1,               5,                  10,                 4,                 6,            0,            1,            1,            1,            1,        0,        1,  55,           403,           1957,              20,        1, Partner    ,           3,         1, Graduate       ,       2
 33039.0,       1,        0,       4,       30,         8,              12,               8,                8,           12,                 1,               2,                   0,                 4,                 5,            0,            0,            0,            0,            0,        0,        0,  36,           293,             78,               7,        1, Partner    ,           3,         1, Graduate       ,       1
 81741.0,       0,        0,      75,      249,       153,             940,              58,              134,           38,                 0,               6,                   6,                 7,                 2,            0,            0,            0,            0,            0,        0,        0,  34,           378,           1572,              19,        0, Alone      ,           1,         0, Graduate       ,       2
 71499.0,       0,        1,      12,      465,        25,             132,             136,                0,           37,                 2,               8,                   3,                13,                 4,            0,            0,            0,            0,            0,        0,        0,  43,           369,            795,              26,        1, Partner    ,           3,         1, Postgraduate   ,       0
 62466.0,       0,        1,      13,      129,       129,             259,             168,              121,           83,                 5,               6,                   3,                12,                 4,            0,            0,            0,            0,            0,        0,        0,  44,           165,            889,              26,        1, Partner    ,           3,         1, Undergraduate  ,       0
 48799.0,       0,        1,       9,      174,        18,              81,              28,                6,           24,                 3,               3,                   2,                 7,                 3,            0,            0,            0,            0,            0,        0,        0,  51,           236,            331,              15,        1, Alone      ,           2,         1, Postgraduate   ,       3
 52157.0,       0,        1,      48,      189,         2,              29,               3,                2,           40,                 2,               3,                   2,                 5,                 4,            0,            0,            0,            0,            0,        0,        0,  64,            22,            265,              12,        1, Partner    ,           3,         1, Postgraduate   ,       1
 66565.0,       0,        1,      80,      747,        10,             161,              65,               40,           42,                 4,               4,                   2,                 9,                 8,            0,            0,            0,            0,            0,        0,        0,  52,           571,           1065,              19,        1, Alone      ,           2,         1, Graduate       ,       0
 29298.0,       1,        1,      60,        6,         0,               2,               2,                0,            1,                 1,               1,                   0,                 2,                 5,            0,            0,            0,            0,            0,        0,        0,  63,           295,             11,               4,        2, Partner    ,           4,         1, Postgraduate   ,       1
 47691.0,       0,        1,      43,       14,         0,               3,               0,                0,            4,                 1,               1,                   0,                 2,                 6,            0,            0,            0,            0,            0,        0,        0,  35,           359,             21,               4,        1, Alone      ,           2,         1, Graduate       ,       3
 38200.0,       1,        1,      19,       12,         0,               4,               0,                0,            1,                 1,               1,                   0,                 2,                 7,            0,            0,            0,            0,            0,        0,        0,  44,           569,             17,               4,        2, Partner    ,           4,         1, Graduate       ,       1
 44989.0,       0,        1,      26,       98,         0,             106,              49,               10,          106,                 5,               5,                   1,                 5,                 6,            0,            0,            0,            0,            0,        0,        0,  40,           655,            369,              16,        1, Partner    ,           3,         1, Graduate       ,       0
 38443.0,       1,        1,      58,       32,         0,               5,               0,                0,            1,                 2,               1,                   0,                 3,                 7,            0,            0,            0,            0,            0,        0,        0,  46,           153,             38,               6,        2, Partner    ,           4,         1, Postgraduate   ,       1
 38593.0,       1,        0,      42,       51,        12,              49,              17,               24,           24,                 3,               4,                   1,                 3,                 8,            0,            0,            0,            0,            0,        0,        0,  36,           289,            177,              11,        1, Alone      ,           2,         1, Undergraduate  ,       3
 64413.0,       0,        1,      27,      200,         5,              44,               0,               10,           20,                 1,               5,                   1,                 5,                 5,            0,            0,            0,            0,            0,        0,        0,  44,           332,            279,              12,        1, Partner    ,           3,         1, Postgraduate   ,       1
 36959.0,       1,        0,      56,       25,         6,              25,               6,                0,            0,                 2,               2,                   0,                 3,                 8,            0,            0,            0,            0,            0,        0,        0,  33,           270,             62,               7,        1, Partner    ,           3,         1, Postgraduate   ,       1
 61996.0,       0,        1,      27,     1050,        12,             144,               0,                0,           24,                 3,               6,                   4,                 8,                 5,            0,            1,            0,            1,            1,        0,        1,  37,           514,           1230,              21,        1, Partner    ,           3,         1, Postgraduate   ,       0
 51287.0,       1,        1,      10,      117,         0,              22,              13,                0,           30,                 3,               4,                   1,                 3,                 7,            0,            0,            0,            0,            0,        0,        0,  46,            89,            182,              11,        2, Partner    ,           4,         1, Graduate       ,       1
 13260.0,       1,        1,      48,        9,         4,              17,              10,                2,            7,                 4,               3,                   0,                 3,                 8,            0,            0,            0,            0,            0,        0,        0,  44,           310,             49,              10,        2, Partner    ,           4,         1, Graduate       ,       1
 47472.0,       1,        1,      39,       56,         0,              11,               0,                0,            8,                 2,               2,                   0,                 4,                 5,            0,            0,            0,            0,            0,        0,        0,  48,           286,             75,               8,        2, Partner    ,           4,         1, Postgraduate   ,       1
 54603.0,       1,        1,      85,      145,        13,              46,              17,                2,            4,                 6,               4,                   2,                 4,                 7,            0,            0,            0,            0,            0,        0,        0,  58,           355,            227,              16,        2, Partner    ,           4,         1, Postgraduate   ,       0
 45207.0,       1,        1,      64,      203,         0,              10,               0,                0,            2,                 5,               3,                   1,                 6,                 6,            0,            1,            0,            0,            0,        0,        0,  40,           596,            215,              15,        2, Partner    ,           4,         1, Postgraduate   ,       0
 40689.0,       0,        1,      69,      270,         3,              27,              39,                6,           99,                 7,               7,                   1,                 5,                 8,            0,            0,            0,            0,            0,        0,        0,  63,           468,            444,              20,        1, Partner    ,           3,         1, Graduate       ,       0
 47821.0,       1,        1,      54,        9,         0,              16,               6,                6,           10,                 1,               1,                   0,                 3,                 8,            0,            0,            0,            0,            0,        0,        0,  47,           252,             47,               5,        2, Partner    ,           4,         1, Undergraduate  ,       1
 27450.0,       0,        0,      57,       37,        12,              23,               8,               11,           52,                 1,               2,                   1,                 3,                 7,            0,            0,            0,            0,            0,        0,        0,  63,           440,            143,               7,        0, Partner    ,           2,         0, Postgraduate   ,       3
 39453.0,       1,        0,      64,       46,         0,               7,               0,                0,            2,                 2,               2,                   0,                 3,                 6,            0,            0,            0,            0,            0,        0,        0,  31,            87,             55,               7,        1, Partner    ,           3,         1, Graduate       ,       1
 26850.0,       1,        1,      10,       31,         1,              13,               7,                2,            9,                 4,               2,                   1,                 4,                 4,            0,            0,            0,            0,            0,        0,        0,  43,            72,             63,              11,        2, Partner    ,           4,         1, Undergraduate  ,       1
 79800.0,       0,        0,      65,     1060,        21,             530,              32,                0,          224,                 1,               5,                  11,                 5,                 3,            1,            0,            1,            1,            0,        0,        1,  59,           644,           1867,              22,        0, Alone      ,           1,         0, Graduate       ,       2
 61794.0,       0,        1,      74,      264,        47,             188,              54,               47,           11,                 2,               4,                   4,                10,                 2,            0,            0,            0,            0,            0,        0,        0,  53,           288,            611,              20,        1, Partner    ,           3,         1, Postgraduate   ,       0
 53863.0,       0,        1,       4,      399,         4,              30,               6,                4,           30,                 3,               7,                   1,                 7,                 7,            0,            1,            0,            0,            0,        0,        0,  59,            43,            473,              18,        1, Partner    ,           3,         1, Graduate       ,       1
 24221.0,       0,        0,      94,        8,         9,               9,               2,                5,           22,                 1,               1,                   1,                 3,                 4,            0,            0,            0,            0,            0,        0,        0,  55,           313,             55,               6,        0, Partner    ,           2,         0, Graduate       ,       3
 39684.0,       1,        0,      41,       19,         0,              35,               6,                4,           17,                 2,               2,                   1,                 2,                 7,            0,            0,            0,            0,            0,        1,        1,  30,           625,             81,               7,        1, Alone      ,           2,         1, Postgraduate   ,       3
 92163.0,       0,        0,      25,      817,       183,             797,             106,              163,           20,                 0,               5,                  11,                 5,                 2,            0,            0,            1,            1,            0,        0,        1,  39,           564,           2086,              21,        0, Partner    ,           2,         0, Postgraduate   ,       2
 69882.0,       0,        0,      94,      292,       127,             635,             132,              127,          165,                 1,               3,                   7,                 9,                 1,            0,            0,            0,            0,            0,        0,        0,  49,           231,           1478,              20,        0, Alone      ,           1,         0, Postgraduate   ,       2
 33178.0,       1,        0,       9,       12,         6,               2,              11,                2,           16,                 1,               1,                   0,                 3,                 4,            0,            0,            0,            0,            0,        0,        0,  37,           150,             49,               5,        1, Partner    ,           3,         1, Graduate       ,       1
 59973.0,       0,        0,      47,      130,        30,             168,              20,               34,            0,                 1,               3,                   4,                 7,                 1,            0,            0,            0,            0,            0,        0,        0,  42,           291,            382,              15,        0, Partner    ,           2,         0, Postgraduate   ,       2
 17459.0,       1,        0,      12,        6,         4,              16,               3,               10,           30,                 3,               3,                   1,                 2,                 7,            0,            0,            0,            0,            0,        0,        1,  39,           283,             69,               9,        1, Partner    ,           3,         1, Postgraduate   ,       1
 23910.0,       1,        0,      80,       16,        12,              18,               7,                1,           13,                 1,               2,                   0,                 3,                 7,            0,            0,            0,            0,            0,        0,        0,  45,           611,             67,               6,        1, Alone      ,           2,         1, Graduate       ,       3
 42169.0,       1,        1,      20,       19,         0,               9,               0,                0,            2,                 2,               1,                   0,                 3,                 8,            0,            0,            0,            0,            0,        0,        0,  45,           253,             30,               6,        2, Partner    ,           4,         1, Postgraduate   ,       1
 26224.0,       1,        0,      39,        4,         7,              15,              13,                9,           15,                 3,               2,                   1,                 3,                 6,            0,            0,            0,            0,            0,        0,        0,  36,           390,             63,               9,        1, Partner    ,           3,         1, Undergraduate  ,       1
 31089.0,       1,        0,      57,       31,         3,              31,               2,                8,            4,                 3,               3,                   0,                 4,                 8,            0,            0,            0,            0,            0,        0,        0,  33,           681,             79,              10,        1, Partner    ,           3,         1, Graduate       ,       3
 30081.0,       0,        1,      27,       36,         0,               2,               0,                0,            4,                 1,               1,                   0,                 3,                 7,            0,            0,            0,            0,            0,        0,        0,  53,           493,             42,               5,        1, Alone      ,           2,         1, Graduate       ,       3
 62807.0,       0,        1,      83,      526,        28,             135,              10,               21,           99,                 3,               5,                   3,                12,                 5,            0,            0,            0,            0,            0,        0,        0,  54,           667,            819,              23,        1, Partner    ,           3,         1, Graduate       ,       0
 72906.0,       0,        0,      79,      400,        32,             519,              71,               75,           54,                 1,               3,                   4,                 9,                 1,            0,            0,            0,            0,            0,        0,        0,  59,           285,           1151,              17,        0, Alone      ,           1,         0, Graduate       ,       2
 61467.0,       0,        2,      69,      410,        16,             114,               0,                5,           49,                 3,               5,                   2,                10,                 5,            0,            0,            0,            0,            0,        0,        0,  66,           567,            594,              20,        2, Partner    ,           4,         1, Postgraduate   ,       0
 49618.0,       1,        1,      77,       80,         3,              26,               4,                2,           14,                 4,               3,                   1,                 3,                 7,            0,            0,            0,            0,            0,        0,        0,  48,           519,            129,              11,        2, Partner    ,           4,         1, Postgraduate   ,       1
 21888.0,       1,        0,      15,       88,        10,              46,               2,                3,           64,                 4,               5,                   1,                 2,                10,            0,            0,            0,            0,            0,        0,        1,  28,           547,            213,              12,        1, Alone      ,           2,         1, Postgraduate   ,       3
 42429.0,       0,        1,      99,       55,         0,               6,               2,                0,            4,                 2,               1,                   1,                 3,                 5,            0,            0,            0,            0,            0,        0,        0,  41,           138,             67,               7,        1, Alone      ,           2,         1, Graduate       ,       3
 26150.0,       2,        1,      61,        5,         1,              13,               3,                5,            1,                 1,               1,                   0,                 3,                 7,            0,            0,            0,            0,            0,        0,        0,  58,           475,             28,               5,        3, Alone      ,           4,         1, Graduate       ,       1
 30801.0,       0,        1,      23,        8,         4,               5,              15,                2,           11,                 2,               1,                   0,                 3,                 7,            0,            0,            0,            0,            0,        0,        0,  39,           611,             45,               6,        1, Partner    ,           3,         1, Undergraduate  ,       3
 81168.0,       0,        0,      84,      410,         0,             592,             147,               22,           22,                 1,               6,                   4,                 7,                 3,            0,            0,            0,            1,            0,        0,        0,  49,            53,           1193,              18,        0, Partner    ,           2,         0, Graduate       ,       2
 26877.0,       0,        0,      74,      101,        13,              76,              20,               18,           40,                 2,               3,                   1,                 6,                 6,            0,            0,            0,            0,            0,        0,        0,  45,           314,            268,              12,        0, Alone      ,           1,         0, Postgraduate   ,       3
 45006.0,       0,        0,      90,      162,        25,              53,              16,                0,           10,                 1,               3,                   1,                 7,                 3,            0,            0,            0,            0,            0,        0,        0,  70,           346,            266,              12,        0, Alone      ,           1,         0, Postgraduate   ,       2
 18978.0,       1,        0,      41,        2,         8,               1,               4,                7,           15,                 1,               1,                   0,                 3,                 8,            0,            0,            0,            0,            0,        0,        0,  41,           565,             37,               5,        1, Partner    ,           3,         1, Undergraduate  ,       3
 22574.0,       2,        1,      28,       25,         0,               8,               2,                0,            2,                 2,               2,                   0,                 3,                 7,            0,            0,            0,            0,            0,        0,        0,  47,           244,             37,               7,        3, Partner    ,           5,         1, Graduate       ,       1
 48240.0,       0,        0,      73,      389,        91,             248,              64,               49,           41,                 3,               6,                   3,                13,                 5,            0,            0,            0,            0,            0,        0,        1,  45,           597,            882,              25,        0, Alone      ,           1,         0, Postgraduate   ,       2
 45837.0,       1,        1,      88,      215,        13,              87,              17,               17,           24,                 5,               6,                   2,                 5,                 7,            0,            0,            0,            0,            0,        0,        0,  40,           338,            373,              18,        2, Partner    ,           4,         1, Graduate       ,       0
 35791.0,       2,        1,      94,       27,         0,               5,               0,                0,            3,                 2,               1,                   0,                 3,                 8,            0,            0,            0,            0,            0,        0,        0,  49,           419,             35,               6,        3, Alone      ,           4,         1, Postgraduate   ,       1
162397.0,       1,        1,      31,       85,         1,              16,               2,                1,            2,                 0,               0,                   0,                 1,                 1,            0,            0,            0,            0,            0,        0,        0,  38,           391,            107,               1,        2, Partner    ,           4,         1, Postgraduate   ,       1
 54162.0,       1,        1,      31,        5,         6,              10,               6,                5,           10,                 1,               1,                   0,                 3,                 4,            0,            0,            0,            0,            0,        0,        0,  36,           468,             42,               5,        2, Alone      ,           3,         1, Graduate       ,       3
 30522.0,       0,        1,       6,      179,         8,              83,              19,               11,           26,                 5,               1,                   2,                 9,                 2,            0,            0,            0,            0,            0,        0,        0,  54,           681,            326,              17,        1, Partner    ,           3,         1, Postgraduate   ,       0
 54456.0,       0,        1,      23,      352,         0,              27,              10,                0,           15,                 3,               6,                   1,                 7,                 6,            0,            0,            0,            0,            0,        0,        0,  53,           353,            404,              17,        1, Partner    ,           3,         1, Postgraduate   ,       0
 31632.0,       0,        0,      92,       17,         8,              12,              11,               15,           32,                 1,               2,                   1,                 2,                 7,            0,            0,            0,            0,            0,        0,        0,  43,           350,             95,               6,        0, Alone      ,           1,         0, Graduate       ,       3
 72298.0,       0,        0,      52,      625,        35,             169,              58,               17,           35,                 1,               4,                   3,                 6,                 1,            0,            1,            1,            0,            0,        0,        0,  65,           111,            939,              14,        0, Alone      ,           1,         0, Graduate       ,       2
 36975.0,       1,        0,      50,       10,         6,              11,               0,                4,            2,                 1,               1,                   0,                 3,                 7,            0,            0,            0,            0,            0,        0,        0,  36,           183,             33,               5,        1, Alone      ,           2,         1, Undergraduate  ,       3
 72635.0,       0,        0,      54,      390,        22,             323,             104,               35,          107,                 1,               6,                   8,                 6,                 3,            0,            0,            0,            1,            0,        0,        0,  59,           391,            981,              21,        0, Partner    ,           2,         0, Undergraduate  ,       2
 13624.0,       1,        0,      93,       10,         2,              15,               2,                1,            6,                 2,               2,                   0,                 3,                 6,            0,            0,            0,            0,            0,        0,        0,  38,           525,             36,               7,        1, Partner    ,           3,         1, Graduate       ,       1
 84196.0,       0,        1,      56,      215,        63,             507,             231,               31,          190,                 1,               8,                   4,                 7,                 3,            0,            0,            0,            0,            0,        0,        0,  39,           391,           1237,              20,        1, Alone      ,           2,         1, Graduate       ,       2
 70971.0,       0,        1,      28,     1001,        17,             572,              93,              125,           17,                 7,              11,                  11,                 5,                 7,            0,            0,            0,            0,            0,        0,        1,  54,           646,           1825,              34,        1, Partner    ,           3,         1, Graduate       ,       0
 34487.0,       1,        1,      94,       19,        18,              33,              24,                1,            8,                 3,               3,                   0,                 3,                 9,            0,            0,            0,            0,            0,        0,        0,  37,           661,            103,               9,        2, Alone      ,           3,         1, Postgraduate   ,       3
 28769.0,       1,        0,      76,       41,         5,             129,              10,                3,            3,                 3,               4,                   1,                 4,                 9,            0,            0,            0,            0,            0,        0,        0,  37,           558,            191,              12,        1, Alone      ,           2,         1, Graduate       ,       3
 69084.0,       1,        0,      43,     1181,       107,             199,              39,               30,           30,                 2,               7,                   3,                13,                 8,            0,            0,            0,            0,            0,        0,        0,  44,           222,           1586,              25,        1, Partner    ,           3,         1, Postgraduate   ,       0
 65488.0,       0,        0,      46,      603,        45,             207,              36,               18,           54,                 1,               3,                   4,                 6,                 1,            0,            0,            0,            0,            0,        0,        0,  56,            16,            963,              14,        0, Partner    ,           2,         0, Postgraduate   ,       2
 62466.0,       0,        1,      13,      129,       129,             259,             168,              121,           83,                 5,               6,                   3,                12,                 4,            0,            0,            0,            0,            0,        0,        0,  44,           165,            889,              26,        1, Partner    ,           3,         1, Undergraduate  ,       0
 32218.0,       0,        0,      27,       10,        24,              15,              13,                1,           30,                 1,               2,                   1,                 3,                 7,            1,            0,            0,            0,            0,        0,        1,  54,           134,             93,               7,        0, Alone      ,           1,         0, Undergraduate  ,       3
 83917.0,       0,        0,      12,      514,        22,             732,              42,              198,           79,                 1,               6,                   7,                 7,                 3,            0,            0,            0,            0,            0,        0,        1,  41,           437,           1587,              21,        0, Alone      ,           1,         0, Graduate       ,       2
 46102.0,       2,        1,       3,       14,         0,               1,               0,                0,            1,                 1,               1,                   0,                 2,                 7,            0,            0,            0,            0,            0,        0,        0,  52,           111,             16,               4,        3, Alone      ,           4,         1, Graduate       ,       1
 84574.0,       0,        0,      72,      387,        20,             713,              38,               54,          163,                 1,               9,                  11,                11,                 5,            0,            0,            0,            0,            0,        0,        0,  62,           390,           1375,              32,        0, Alone      ,           1,         0, Graduate       ,       2
 56181.0,       0,        1,       6,      121,       103,              69,               8,               44,           48,                 1,               4,                   2,                 7,                 4,            0,            0,            0,            0,            0,        0,        0,  52,           537,            393,              14,        1, Partner    ,           3,         1, Graduate       ,       1
 63120.0,       0,        1,      53,      965,        69,             279,              54,               41,           69,                 5,               8,                   4,                 9,                 7,            0,            0,            0,            0,            0,        0,        1,  64,           639,           1477,              26,        1, Alone      ,           2,         1, Postgraduate   ,       0
 73691.0,       0,        1,      58,      707,        21,             250,              85,               43,           73,                 2,               6,                   2,                 8,                 2,            1,            0,            0,            0,            0,        0,        0,  43,           235,           1179,              18,        1, Partner    ,           3,         1, Graduate       ,       2
 63381.0,       0,        1,      78,      571,        50,             142,              33,               50,          159,                 4,               4,                   5,                13,                 2,            0,            0,            0,            0,            0,        0,        0,  54,           632,           1005,              26,        1, Partner    ,           3,         1, Graduate       ,       0
 76140.0,       0,        0,      57,      586,        66,             653,              17,                0,           26,                 1,               5,                   9,                 6,                 2,            0,            0,            0,            0,            0,        0,        0,  66,            47,           1348,              21,        0, Partner    ,           2,         0, Postgraduate   ,       2
 62859.0,       0,        1,      37,     1063,        89,             102,              16,               12,           25,                 4,               9,                   4,                 6,                 6,            0,            0,            0,            0,            0,        0,        0,  55,           546,           1307,              23,        1, Alone      ,           2,         1, Postgraduate   ,       0
 45906.0,       0,        1,      20,      305,         3,              27,               4,                3,          144,                 2,               5,                   4,                 4,                 5,            1,            0,            0,            0,            0,        0,        0,  50,           418,            486,              15,        1, Alone      ,           2,         1, Graduate       ,       3
 77632.0,       0,        0,      73,     1200,       105,             758,               0,               42,          147,                 1,               4,                   2,                 6,                 2,            0,            1,            1,            0,            0,        0,        1,  67,           476,           2252,              13,        0, Partner    ,           2,         0, Postgraduate   ,       2
 46463.0,       1,        1,      56,      163,         2,              40,               8,               11,           11,                 7,               3,                   1,                 6,                 6,            0,            0,            0,            0,            0,        0,        0,  43,           315,            235,              17,        2, Partner    ,           4,         1, Postgraduate   ,       0
105471.0,       0,        0,      36,     1009,       181,             104,             202,               21,          207,                 0,               9,                   8,                13,                 3,            0,            0,            1,            1,            0,        0,        1,  44,           524,           1724,              30,        0, Partner    ,           2,         0, Graduate       ,       2
 55282.0,       1,        0,       9,      125,         6,              73,               8,                4,           19,                 1,               3,                   1,                 6,                 4,            0,            0,            0,            0,            0,        0,        0,  44,           198,            235,              11,        1, Alone      ,           2,         1, Postgraduate   ,       3
 78710.0,       0,        1,      42,      721,         0,             152,             119,               50,           50,                 3,               7,                   6,                12,                 4,            0,            0,            0,            0,            0,        0,        0,  37,            37,           1092,              28,        1, Partner    ,           3,         1, Postgraduate   ,       2
 66886.0,       0,        1,      28,      315,         4,              62,              41,               31,          146,                 2,               7,                   1,                 7,                 5,            0,            0,            0,            0,            0,        0,        0,  56,           286,            599,              17,        1, Partner    ,           3,         1, Graduate       ,       0
 98777.0,       0,        0,      23,     1000,        19,             711,             125,              115,           38,                 0,               4,                   6,                 9,                 1,            0,            1,            0,            0,            0,        0,        0,  54,           132,           2008,              19,        0, Alone      ,           1,         0, Postgraduate   ,       2
 29103.0,       1,        0,      38,       16,         0,              17,               6,                3,            6,                 2,               1,                   0,                 3,                 9,            0,            0,            0,            0,            0,        0,        0,  29,           671,             48,               6,        1, Partner    ,           3,         1, Graduate       ,       3
 67445.0,       0,        1,      63,      757,        80,             217,              29,               80,           11,                 5,               9,                   6,                12,                 6,            0,            0,            0,            0,            0,        0,        0,  40,           686,           1174,              32,        1, Partner    ,           3,         1, Graduate       ,       0
 50616.0,       0,        1,      71,       30,         2,              25,               0,                1,            9,                 1,               1,                   1,                 4,                 2,            0,            0,            0,            0,            0,        0,        0,  64,            77,             67,               7,        1, Partner    ,           3,         1, Postgraduate   ,       1
 49431.0,       0,        1,       9,      219,         3,             100,              26,                0,           17,                 2,               7,                   1,                 5,                 8,            0,            0,            0,            0,            0,        0,        0,  59,           695,            365,              15,        1, Alone      ,           2,         1, Graduate       ,       3
153924.0,       0,        0,      81,        1,         1,               1,               1,                1,            1,                 0,               0,                   0,                 0,                 0,            0,            0,            0,            0,            0,        0,        0,  39,           142,              6,               0,        0, Alone      ,           1,         0, Graduate       ,       2
 61278.0,       0,        1,      87,      111,         3,              28,               2,                6,           15,                 2,               3,                   1,                 4,                 6,            0,            0,            0,            0,            0,        0,        0,  61,           176,            165,              10,        1, Partner    ,           3,         1, Graduate       ,       1
 26490.0,       0,        0,      92,       45,        47,              52,              21,               20,           25,                 2,               3,                   1,                 5,                 6,            0,            0,            0,            0,            0,        0,        0,  56,           645,            210,              11,        0, Partner    ,           2,         0, Undergraduate  ,       3
 73059.0,       0,        1,      36,      410,       112,             420,               0,               82,           71,                 1,               9,                   3,                13,                 4,            0,            0,            0,            0,            0,        0,        0,  67,           302,           1095,              26,        1, Partner    ,           3,         1, Postgraduate   ,       2
 46734.0,       1,        2,      86,      100,         1,              39,               6,                1,           76,                 4,               3,                   2,                 3,                 6,            1,            0,            0,            0,            0,        0,        0,  48,           251,            223,              12,        3, Alone      ,           4,         1, Postgraduate   ,       1
 56253.0,       0,        1,      83,      509,         0,              65,               7,               11,            5,                 4,               7,                   2,                 9,                 6,            0,            0,            0,            0,            0,        0,        0,  51,           569,            597,              22,        1, Partner    ,           3,         1, Graduate       ,       0
 19986.0,       1,        0,      74,        3,         6,               5,               0,                2,            6,                 1,               0,                   0,                 3,                 7,            0,            0,            0,            0,            0,        0,        0,  29,           227,             22,               4,        1, Partner    ,           3,         1, Graduate       ,       1
 58330.0,       0,        1,      87,      445,        53,             213,             104,               98,          151,                 1,               6,                   4,                13,                 4,            0,            0,            0,            0,            0,        0,        0,  39,           186,           1064,              24,        1, Alone      ,           2,         1, Graduate       ,       2
 25965.0,       0,        0,      29,        2,         2,              11,              41,                7,           11,                 1,               2,                   0,                 3,                 8,            0,            0,            0,            0,            0,        0,        0,  34,           660,             74,               6,        0, Partner    ,           2,         0, Undergraduate  ,       3
 14661.0,       0,        0,      88,        4,         1,              11,               6,                2,            2,                 1,               1,                   0,                 3,                 6,            0,            0,            0,            0,            0,        0,        0,  58,           544,             26,               5,        0, Partner    ,           2,         0, Postgraduate   ,       3
 18690.0,       0,        0,      77,        6,         1,               7,              23,                4,           19,                 1,               1,                   1,                 2,                 8,            0,            0,            0,            0,            0,        0,        0,  55,           548,             60,               5,        0, Partner    ,           2,         0, Graduate       ,       3
 45068.0,       0,        1,      25,       14,         0,               3,               0,                0,            3,                 1,               1,                   0,                 2,                 7,            0,            0,            0,            0,            0,        0,        0,  40,           409,             20,               4,        1, Partner    ,           3,         1, Postgraduate   ,       1
 21063.0,       1,        0,      34,        1,        10,              11,              19,                3,           15,                 2,               2,                   0,                 3,                 6,            0,            0,            0,            0,            0,        0,        0,  27,           277,             59,               7,        1, Alone      ,           2,         1, Undergraduate  ,       3
 29187.0,       1,        0,      43,       26,         0,               6,               0,                0,            2,                 1,               1,                   0,                 3,                 8,            0,            0,            0,            0,            0,        0,        0,  46,           416,             34,               5,        1, Partner    ,           3,         1, Postgraduate   ,       1
 54690.0,       1,        1,      76,      111,        16,              37,               7,                9,           18,                 3,               3,                   1,                 5,                 3,            0,            0,            0,            0,            0,        0,        0,  43,           234,            198,              12,        2, Partner    ,           4,         1, Undergraduate  ,       1
 59304.0,       0,        1,      81,      418,        61,             428,              80,               51,           10,                 3,               7,                   8,                10,                 5,            0,            0,            0,            0,            0,        0,        0,  50,           335,           1048,              28,        1, Partner    ,           3,         1, Postgraduate   ,       0
 59247.0,       0,        2,      87,      327,         9,             122,              19,               14,           83,                 5,               5,                   2,                 9,                 6,            0,            0,            0,            0,            0,        0,        0,  52,           233,            574,              21,        2, Alone      ,           3,         1, Postgraduate   ,       0
 66731.0,       0,        1,      33,      371,       159,             194,              58,              106,          141,                 4,               4,                   3,                 6,                 3,            0,            0,            0,            0,            0,        0,        0,  44,           655,           1029,              17,        1, Alone      ,           2,         1, Graduate       ,       0
 77353.0,       0,        1,      38,      275,        59,             107,              69,              101,           59,                 2,               6,                   4,                 8,                 4,            0,            0,            0,            0,            0,        0,        0,  34,           195,            670,              20,        1, Partner    ,           3,         1, Graduate       ,       2
 52614.0,       0,        1,      63,      789,         0,             142,              12,                9,           38,                 2,               2,                   4,                 8,                 8,            0,            0,            0,            0,            0,        0,        0,  39,           575,            990,              16,        1, Alone      ,           2,         1, Postgraduate   ,       3
 26751.0,       2,        0,      26,        1,         1,               5,               0,                3,            1,                 1,               1,                   0,                 2,                 8,            0,            0,            0,            0,            0,        0,        0,  40,            38,             11,               4,        2, Partner    ,           4,         1, Graduate       ,       1
 81300.0,       0,        1,      17,     1004,        12,             145,              32,               12,           36,                 3,              10,                   3,                 5,                 5,            0,            0,            0,            1,            0,        0,        1,  51,           607,           1241,              21,        1, Partner    ,           3,         1, Postgraduate   ,       0
 70337.0,       0,        0,      75,      187,        81,             149,              25,               43,           91,                 1,               2,                   2,                12,                 1,            0,            0,            0,            0,            0,        0,        0,  35,           178,            576,              17,        0, Alone      ,           1,         0, Graduate       ,       2
 36145.0,       1,        0,      13,       56,         4,              76,              17,                1,           18,                 4,               4,                   1,                 3,                 9,            1,            0,            0,            0,            0,        0,        1,  29,           378,            172,              12,        1, Partner    ,           3,         1, Undergraduate  ,       3
 65295.0,       0,        0,      19,      365,        32,             117,              34,              110,            6,                 1,               3,                   3,                13,                 2,            0,            0,            0,            0,            0,        0,        0,  34,           188,            664,              20,        0, Alone      ,           1,         0, Postgraduate   ,       2
 68118.0,       0,        1,      51,      595,        23,             123,              10,               23,          154,                 2,               8,                   9,                 4,                 6,            0,            0,            0,            0,            0,        0,        0,  51,           254,            928,              23,        1, Alone      ,           2,         1, Graduate       ,       2
 68743.0,       0,        0,      81,     1132,       134,             384,             175,              134,          115,                 1,              11,                   5,                13,                 7,            0,            0,            0,            0,            0,        0,        0,  47,           668,           2074,              30,        0, Alone      ,           1,         0, Graduate       ,       2
 41039.0,       0,        0,      32,       34,        11,             137,             179,               61,           45,                 1,               8,                   1,                 5,                 8,            0,            0,            0,            0,            0,        0,        0,  32,           339,            467,              15,        0, Partner    ,           2,         0, Undergraduate  ,       3
 38946.0,       0,        1,      84,      116,         6,              82,               6,                6,           41,                 2,               3,                   1,                 6,                 5,            0,            0,            0,            0,            0,        0,        0,  59,           248,            257,              12,        1, Partner    ,           3,         1, Graduate       ,       1
 65777.0,       0,        0,      87,      565,        32,             435,              28,               32,           54,                 1,               2,                   8,                 6,                 1,            0,            0,            0,            0,            0,        0,        0,  47,           192,           1146,              17,        0, Partner    ,           2,         0, Graduate       ,       2
 66476.0,       0,        1,      99,      372,        18,             126,              47,               48,           78,                 2,               5,                   2,                11,                 4,            0,            0,            0,            0,            0,        0,        0,  38,           479,            689,              20,        1, Alone      ,           2,         1, Postgraduate   ,       2
 86857.0,       0,        0,      96,      899,       102,             838,             133,              102,           40,                 1,               5,                   6,                10,                 2,            0,            0,            0,            0,            0,        0,        1,  42,           655,           2114,              22,        0, Alone      ,           1,         0, Postgraduate   ,       2
160803.0,       0,        0,      21,       55,        16,            1622,              17,                3,            4,                15,               0,                  28,                 1,                 0,            0,            0,            0,            0,            0,        0,        0,  32,           694,           1717,              44,        0, Partner    ,           2,         0, Postgraduate   ,       0
 77845.0,       0,        0,      40,      760,        40,             480,               0,               40,           26,                 1,               3,                   5,                12,                 1,            0,            0,            1,            1,            0,        0,        0,  25,            44,           1346,              21,        0, Partner    ,           2,         0, Postgraduate   ,       2
 69476.0,       0,        0,       3,      260,        86,             559,              63,                9,           67,                 1,               4,                   6,                 4,                 2,            0,            0,            0,            0,            0,        0,        0,  45,           272,           1044,              15,        0, Partner    ,           2,         0, Postgraduate   ,       2
 50611.0,       0,        1,      98,      459,         0,              24,               6,                0,            4,                 6,               4,                   5,                 7,                 6,            0,            1,            0,            0,            0,        0,        1,  54,           633,            493,              22,        1, Alone      ,           2,         1, Postgraduate   ,       0
 61209.0,       0,        0,      73,      466,         0,             224,             119,               49,           99,                 1,               5,                   3,                 4,                 2,            0,            0,            0,            0,            0,        0,        0,  44,           308,            957,              13,        0, Alone      ,           1,         0, Graduate       ,       2
 42315.0,       0,        1,      90,       67,        15,              80,              17,               11,           80,                 3,               1,                   4,                 4,                 3,            0,            0,            0,            0,            0,        0,        0,  56,           352,            270,              12,        1, Partner    ,           3,         1, Postgraduate   ,       1
 13084.0,       0,        0,      29,        2,         0,               7,               3,                7,           10,                 1,               1,                   0,                 3,                 6,            0,            0,            0,            0,            0,        0,        0,  62,           239,             29,               5,        0, Partner    ,           2,         0, Undergraduate  ,       3
 47570.0,       1,        1,       3,       67,         1,              20,               0,                2,           31,                 3,               2,                   2,                 2,                 7,            0,            0,            0,            0,            0,        0,        1,  65,           396,            121,               9,        2, Alone      ,           3,         1, Postgraduate   ,       1
 61923.0,       0,        2,      94,       92,         4,              18,               3,                3,            6,                 1,               2,                   1,                 4,                 3,            0,            0,            0,            0,            0,        0,        0,  53,           338,            126,               8,        2, Partner    ,           4,         1, Postgraduate   ,       1
 34824.0,       0,        0,      65,        4,         2,              11,               2,                0,            4,                 1,               1,                   0,                 2,                 6,            0,            0,            0,            0,            0,        0,        0,  19,            95,             23,               4,        0, Alone      ,           1,         0, Graduate       ,       3
 26518.0,       1,        1,      33,       20,         1,              28,               3,                3,            2,                 3,               2,                   0,                 3,                 8,            0,            0,            0,            0,            0,        0,        1,  65,           447,             57,               8,        2, Alone      ,           3,         1, Postgraduate   ,       3
 45938.0,       0,        0,      46,      273,        11,             178,              62,               83,           29,                 2,               8,                   4,                 6,                 6,            0,            0,            0,            0,            0,        0,        0,  53,           238,            636,              20,        0, Alone      ,           1,         0, Graduate       ,       2
 78468.0,       0,        0,      29,      434,        22,             388,             104,               22,           34,                 1,              10,                   7,                10,                 4,            0,            0,            0,            1,            0,        0,        0,  54,            81,           1004,              28,        0, Partner    ,           2,         0, Graduate       ,       2
 78901.0,       0,        1,      99,      321,        11,             309,              33,               26,           34,                 3,               9,                   3,                 5,                 4,            0,            0,            0,            0,            0,        0,        0,  41,           285,            734,              20,        1, Alone      ,           2,         1, Graduate       ,       2
 71427.0,       2,        0,      26,      212,       123,             177,              15,               64,           23,                 2,               8,                   2,                 8,                 4,            0,            0,            0,            0,            0,        0,        0,  36,           109,            614,              20,        2, Partner    ,           4,         1, Graduate       ,       1
 71022.0,       0,        1,      30,      909,        12,             278,               0,               12,          242,                 3,               5,                   2,                11,                 8,            1,            0,            0,            0,            0,        0,        0,  36,           138,           1453,              21,        1, Alone      ,           2,         1, Graduate       ,       2
 90247.0,       0,        0,      27,     1184,        32,             352,              21,               16,           16,                 1,               3,                   4,                 7,                 1,            0,            1,            1,            1,            0,        0,        1,  26,            61,           1621,              15,        0, Alone      ,           1,         0, Postgraduate   ,       2
 41335.0,       1,        0,      24,      112,        19,              21,              16,               14,            5,                 3,               4,                   1,                 4,                 7,            0,            0,            0,            0,            0,        0,        0,  46,           185,            187,              12,        1, Alone      ,           2,         1, Postgraduate   ,       3
 71952.0,       1,        0,      93,      656,        80,             455,              52,              107,           93,                 2,               8,                   4,                 8,                 4,            1,            0,            1,            0,            0,        0,        0,  28,           535,           1443,              22,        1, Partner    ,           3,         1, Graduate       ,       0
 35682.0,       1,        0,      34,       23,         0,               8,               6,                2,           18,                 1,               1,                   1,                 3,                 2,            0,            0,            0,            0,            0,        0,        0,  44,             2,             57,               6,        1, Alone      ,           2,         1, Postgraduate   ,       3
 43185.0,       0,        1,      88,      537,         6,              42,              16,                6,           30,                 2,               9,                   3,                 6,                 8,            0,            0,            0,            0,            0,        0,        0,  63,           445,            637,              20,        1, Alone      ,           2,         1, Graduate       ,       0
 66375.0,       0,        1,      96,      712,         0,              45,               0,                0,          191,                 3,               2,                   4,                 5,                 7,            1,            0,            0,            0,            0,        0,        0,  66,           220,            948,              14,        1, Partner    ,           3,         1, Postgraduate   ,       0
 35178.0,       1,        0,      10,       23,         1,              13,               2,                2,           18,                 1,               1,                   1,                 2,                 7,            1,            0,            0,            0,            0,        0,        1,  43,           535,             59,               5,        1, Partner    ,           3,         1, Postgraduate   ,       1
 25252.0,       1,        0,      26,        1,         3,               4,               2,                2,            6,                 1,               1,                   0,                 2,                 8,            0,            0,            0,            0,            0,        0,        0,  28,           352,             18,               4,        1, Partner    ,           3,         1, Graduate       ,       3
 55250.0,       0,        1,      49,      664,        58,              83,              32,                0,           66,                 4,               7,                   5,                10,                 5,            0,            0,            0,            0,            0,        0,        0,  49,           616,            903,              26,        1, Alone      ,           2,         1, Postgraduate   ,       0
 33249.0,       1,        0,      11,        6,        10,              21,              19,               14,           42,                 2,               2,                   1,                 3,                 6,            0,            0,            0,            0,            0,        0,        0,  39,           494,            112,               8,        1, Alone      ,           2,         1, Graduate       ,       3
 58398.0,       0,        0,      44,      299,         5,             201,              21,               21,           49,                 3,               5,                   4,                 8,                 4,            0,            0,            0,            0,            0,        0,        0,  61,           411,            596,              20,        0, Partner    ,           2,         0, Graduate       ,       2
 50272.0,       1,        0,      75,       99,        13,              66,              43,                8,            4,                 3,               4,                   1,                 5,                 7,            0,            0,            0,            0,            0,        0,        0,  32,           326,            233,              13,        1, Partner    ,           3,         1, Graduate       ,       1
 76618.0,       0,        0,      64,      749,        40,             294,             121,              160,          147,                 1,               3,                   2,                 5,                 1,            0,            0,            0,            0,            0,        0,        0,  39,           569,           1511,              11,        0, Partner    ,           2,         0, Postgraduate   ,       2
 87305.0,       0,        0,      19,      345,        25,             501,              63,              138,           80,                 1,               5,                   3,                 8,                 2,            0,            0,            1,            0,            0,        0,        1,  54,           644,           1152,              17,        0, Alone      ,           1,         0, Undergraduate  ,       2
 25851.0,       1,        0,      45,        9,         4,              18,               7,                5,            5,                 2,               2,                   0,                 3,                 7,            0,            0,            0,            0,            0,        0,        0,  36,           503,             48,               7,        1, Partner    ,           3,         1, Graduate       ,       3
 58710.0,       0,        1,      77,      440,        81,             368,               0,              122,          174,                 6,              11,                   5,                 9,                 6,            0,            0,            0,            0,            0,        0,        0,  44,           455,           1185,              31,        1, Alone      ,           2,         1, Graduate       ,       0
 45160.0,       1,        1,       9,        8,         2,               5,               3,                0,            3,                 1,               1,                   0,                 2,                 7,            0,            0,            0,            0,            0,        0,        0,  56,            92,             21,               4,        2, Alone      ,           3,         1, Graduate       ,       1
 74806.0,       0,        1,       1,      670,         9,             249,               0,               28,            9,                 2,               5,                   4,                 5,                 4,            0,            0,            0,            0,            0,        0,        0,  49,           557,            965,              16,        1, Partner    ,           3,         1, Postgraduate   ,       0
 59111.0,       0,        0,      90,      524,         0,             134,              28,               28,          155,                 1,              11,                   1,                 8,                 7,            0,            0,            0,            0,            0,        0,        0,  60,           423,            869,              21,        0, Partner    ,           2,         0, Graduate       ,       2
 18988.0,       1,        0,      43,        6,         0,               6,               2,                1,            1,                 2,               1,                   0,                 3,                 7,            0,            0,            0,            0,            0,        0,        0,  30,            37,             16,               6,        1, Partner    ,           3,         1, Postgraduate   ,       1
 72190.0,       0,        0,      79,      597,       166,             597,             172,              166,          249,                 1,               5,                   6,                 4,                 3,            0,            0,            0,            0,            0,        0,        0,  49,           501,           1947,              16,        0, Partner    ,           2,         0, Graduate       ,       2
  7500.0,       1,        0,      19,        7,         0,              12,              13,                7,           32,                 5,               4,                   1,                 2,                 9,            1,            0,            0,            0,            0,        0,        1,  38,           697,             71,              12,        1, Partner    ,           3,         1, Graduate       ,       3
 44794.0,       0,        1,      99,       54,         0,               7,               0,                0,            4,                 1,               2,                   0,                 3,                 6,            0,            0,            0,            0,            0,        0,        0,  48,            21,             65,               6,        1, Partner    ,           3,         1, Graduate       ,       1
 80395.0,       0,        0,      62,      445,        25,             706,              80,               76,           48,                 1,               6,                   5,                12,                 2,            0,            0,            0,            1,            0,        0,        0,  59,           218,           1380,              24,        0, Partner    ,           2,         0, Graduate       ,       2
 75012.0,       0,        0,      41,      294,       142,             218,             164,               58,          151,                 1,               3,                   8,                11,                 1,            0,            0,            0,            0,            0,        0,        0,  38,           155,           1027,              23,        0, Alone      ,           1,         0, Postgraduate   ,       2
 56962.0,       2,        1,      60,      292,         3,              77,              10,                3,           26,                 7,               6,                   3,                 5,                 7,            0,            0,            0,            0,            0,        0,        0,  49,           261,            411,              21,        3, Partner    ,           5,         1, Postgraduate   ,       0
 89891.0,       0,        0,      17,      412,        22,             132,              59,               28,          183,                 1,              11,                   6,                 8,                 4,            0,            0,            1,            0,            0,        0,        0,  23,           440,            836,              26,        0, Partner    ,           2,         0, Graduate       ,       2
 35946.0,       1,        1,      24,        8,         0,               3,               0,                0,            0,                 1,               0,                   0,                 3,                 5,            0,            0,            0,            0,            0,        0,        0,  65,           275,             11,               4,        2, Alone      ,           3,         1, Postgraduate   ,       1
 53593.0,       1,        1,      60,      349,         4,              78,               6,                0,           43,                 8,               7,                   2,                 6,                 8,            0,            0,            0,            0,            0,        0,        0,  61,           691,            480,              23,        2, Partner    ,           4,         1, Postgraduate   ,       0
 66373.0,       1,        1,      57,      328,         9,             124,              12,               24,          109,                 7,               4,                   2,                10,                 3,            0,            0,            0,            0,            0,        0,        0,  36,           382,            606,              23,        2, Partner    ,           4,         1, Graduate       ,       0
 45072.0,       1,        2,      74,      144,         2,              99,               7,                2,           30,                 5,               6,                   1,                 4,                 8,            0,            0,            0,            0,            0,        0,        0,  66,           256,            284,              16,        3, Alone      ,           4,         1, Postgraduate   ,       0
 89694.0,       1,        1,      22,     1126,        28,             211,              37,               28,           42,                 3,               4,                   3,                 4,                 5,            0,            1,            1,            1,            0,        0,        0,  41,           263,           1472,              14,        2, Alone      ,           3,         1, Graduate       ,       0
 72025.0,       0,        0,      46,      967,         0,             617,              43,               50,            0,                 1,               4,                   8,                13,                 2,            0,            1,            1,            1,            0,        0,        1,  65,            61,           1677,              26,        0, Partner    ,           2,         0, Graduate       ,       2
 67432.0,       0,        1,      69,      432,        79,             341,             177,              136,          170,                 2,               8,                   5,                 4,                 4,            0,            0,            0,            0,            0,        0,        0,  41,           457,           1335,              19,        1, Partner    ,           3,         1, Graduate       ,       0
 70545.0,       0,        1,      29,      138,        39,              63,              55,               18,           21,                 1,               4,                   1,                 7,                 2,            0,            0,            0,            0,            0,        0,        0,  62,            26,            334,              13,        1, Partner    ,           3,         1, Postgraduate   ,       1
 17487.0,       1,        0,      37,        0,         0,               1,               7,                4,            6,                 1,               1,                   0,                 2,                 7,            0,            0,            0,            0,            0,        0,        0,  25,           468,             18,               4,        1, Partner    ,           3,         1, Undergraduate  ,       3
 62882.0,       0,        1,      26,      509,       133,             497,              78,               24,           97,                 2,               7,                   5,                 6,                 4,            0,            0,            0,            0,            0,        0,        0,  45,           689,           1338,              20,        1, Partner    ,           3,         1, Graduate       ,       0
 64108.0,       0,        1,       8,      948,        10,              86,              13,               21,           21,                 4,               6,                   9,                11,                 5,            0,            0,            0,            0,            0,        0,        0,  61,           463,           1099,              30,        1, Alone      ,           2,         1, Postgraduate   ,       0
 34941.0,       1,        1,      26,       39,         2,              25,               4,                3,           24,                 2,               3,                   0,                 3,                 8,            0,            0,            0,            0,            0,        0,        0,  58,           480,             97,               8,        2, Partner    ,           4,         1, Postgraduate   ,       1
 48767.0,       1,        2,      79,       28,         1,              21,               3,                0,           10,                 3,               2,                   1,                 3,                 5,            0,            0,            0,            0,            0,        0,        0,  64,           179,             63,               9,        3, Alone      ,           4,         1, Postgraduate   ,       1
 38702.0,       1,        0,      71,       13,        11,              24,              13,                8,           40,                 2,               3,                   0,                 4,                 6,            0,            0,            0,            0,            0,        0,        0,  36,           332,            109,               9,        1, Partner    ,           3,         1, Undergraduate  ,       1
 82224.0,       0,        0,      83,      307,        26,             360,             138,               31,           40,                 1,               6,                   9,                 5,                 3,            0,            0,            0,            1,            0,        0,        0,  50,           155,            902,              21,        0, Partner    ,           2,         0, Graduate       ,       2
 83844.0,       0,        0,      57,      901,        31,             345,              75,               31,          191,                 1,               4,                   4,                11,                 1,            0,            0,            1,            0,            0,        0,        0,  62,           413,           1574,              20,        0, Partner    ,           2,         0, Graduate       ,       2
 17003.0,       1,        0,      37,        2,         5,              12,               4,                8,            7,                 3,               2,                   0,                 4,                 5,            0,            0,            0,            0,            0,        0,        0,  39,           202,             38,               9,        1, Partner    ,           3,         1, Undergraduate  ,       1
 71163.0,       0,        0,      30,      283,        17,             372,             138,              106,           44,                 1,               3,                   8,                12,                 1,            0,            0,            0,            0,            0,        0,        0,  19,           112,            960,              24,        0, Alone      ,           1,         0, Graduate       ,       2
 33697.0,       1,        0,      34,        4,         3,               7,               0,                3,           11,                 1,               1,                   0,                 2,                 7,            1,            0,            0,            0,            0,        0,        0,  44,           287,             28,               4,        1, Alone      ,           2,         1, Graduate       ,       3
 63564.0,       0,        0,       0,      769,        80,             252,              15,               34,           65,                 1,              10,                  10,                 7,                 6,            1,            0,            0,            0,            0,        0,        1,  60,           151,           1215,              28,        0, Partner    ,           2,         0, Undergraduate  ,       2
 83443.0,       0,        0,      89,      518,        42,             742,              55,               56,           84,                 1,               6,                  10,                 5,                 2,            0,            0,            0,            0,            0,        0,        0,  42,           180,           1497,              22,        0, Partner    ,           2,         0, Postgraduate   ,       2
 51518.0,       0,        1,      92,      350,         8,              66,              17,                4,            4,                 2,               3,                   2,                10,                 3,            0,            0,            0,            0,            0,        0,        0,  56,           269,            449,              17,        1, Partner    ,           3,         1, Postgraduate   ,       1
 58330.0,       0,        1,      87,      445,        53,             213,             104,               98,          151,                 1,               6,                   4,                13,                 4,            0,            0,            0,            0,            0,        0,        0,  39,           186,           1064,              24,        1, Alone      ,           2,         1, Graduate       ,       2
 80952.0,       0,        0,      20,      778,       178,             689,              41,               27,           44,                 1,               8,                   5,                11,                 8,            0,            1,            1,            1,            0,        0,        1,  45,           486,           1757,              25,        0, Partner    ,           2,         0, Graduate       ,       2
 75507.0,       0,        0,      56,      709,        93,             374,             104,               80,           80,                 1,               8,                   6,                 6,                 3,            0,            0,            0,            0,            0,        0,        0,  35,            58,           1440,              21,        0, Partner    ,           2,         0, Graduate       ,       2
 63855.0,       0,        0,      28,      359,        35,             314,              93,              116,           89,                 1,               7,                   3,                13,                 4,            0,            0,            0,            0,            0,        0,        0,  36,           505,           1006,              24,        0, Partner    ,           2,         0, Undergraduate  ,       2
 62220.0,       0,        1,      55,      799,        12,             375,              16,               12,           12,                 5,               7,                   6,                 5,                 6,            0,            0,            0,            0,            0,        0,        1,  42,           687,           1226,              23,        1, Partner    ,           3,         1, Postgraduate   ,       0
 58512.0,       0,        1,      25,      895,        10,             101,              13,                0,          152,                 5,               3,                   4,                 8,                 8,            0,            0,            0,            0,            0,        0,        0,  50,           283,           1171,              20,        1, Partner    ,           3,         1, Graduate       ,       0
 40662.0,       1,        0,       0,       40,         2,              23,               0,                4,           23,                 2,               2,                   1,                 3,                 4,            0,            0,            0,            0,            0,        0,        0,  35,           471,             92,               8,        1, Partner    ,           3,         1, Postgraduate   ,       1
 38829.0,       0,        1,      86,       76,         0,               7,               0,                0,           16,                 1,               3,                   2,                 2,                 5,            0,            0,            0,            0,            0,        0,        0,  55,            84,             99,               8,        1, Partner    ,           3,         1, Postgraduate   ,       1
 35523.0,       1,        0,       8,       11,         5,              22,              12,                5,           11,                 2,               3,                   0,                 3,                 7,            0,            0,            0,            0,            0,        0,        0,  33,           269,             66,               8,        1, Partner    ,           3,         1, Undergraduate  ,       1
 79146.0,       1,        1,      33,      245,        16,             223,              21,               43,           16,                 2,               8,                   1,                 8,                 6,            0,            0,            0,            0,            0,        0,        0,  47,            66,            564,              19,        2, Alone      ,           3,         1, Graduate       ,       0
 78285.0,       0,        0,      13,      647,       107,             391,             175,               67,           40,                 1,               6,                   4,                10,                 3,            0,            0,            0,            0,            0,        0,        0,  26,           244,           1427,              21,        0, Partner    ,           2,         0, Postgraduate   ,       2
 31626.0,       1,        0,      12,       39,         1,               9,               2,                1,           34,                 1,               2,                   1,                 2,                 7,            1,            0,            0,            0,            0,        0,        1,  36,           415,             86,               6,        1, Alone      ,           2,         1, Postgraduate   ,       3
 75127.0,       0,        0,      92,      203,        35,             305,              46,               17,          227,                 1,               2,                  11,                 5,                 1,            0,            0,            0,            0,            0,        0,        0,  62,            38,            833,              19,        0, Alone      ,           1,         0, Graduate       ,       2
 48726.0,       0,        1,      90,      138,         3,              38,               4,                0,           59,                 3,               3,                   2,                 4,                 6,            0,            0,            0,            0,            0,        0,        0,  59,           428,            242,              12,        1, Partner    ,           3,         1, Graduate       ,       1
 74985.0,       0,        0,       8,      587,        51,             898,             247,                0,           86,                 1,               3,                   6,                 7,                 2,            0,            0,            0,            0,            0,        0,        0,  37,           656,           1869,              17,        0, Partner    ,           2,         0, Graduate       ,       2
 67430.0,       0,        0,       6,      595,        97,             291,             127,              133,          121,                 1,              11,                   5,                12,                 6,            0,            0,            0,            0,            0,        0,        0,  27,           662,           1364,              29,        0, Partner    ,           2,         0, Graduate       ,       2
 46891.0,       0,        1,      91,       43,        12,              23,              29,               15,           61,                 1,               2,                   1,                 4,                 4,            0,            0,            0,            0,            0,        0,        0,  49,           301,            183,               8,        1, Partner    ,           3,         1, Undergraduate  ,       1
 62058.0,       0,        1,      52,      301,         7,              74,              10,                0,           58,                 4,               6,                   1,                 7,                 6,            0,            0,            0,            0,            0,        0,        0,  58,           399,            450,              18,        1, Partner    ,           3,         1, Postgraduate   ,       0
 72063.0,       0,        1,       3,      180,        32,             348,              76,               32,           90,                 2,               5,                   2,                12,                 2,            0,            0,            0,            0,            0,        0,        0,  35,           361,            758,              21,        1, Partner    ,           3,         1, Graduate       ,       2
 78939.0,       0,        0,      57,      794,       115,             243,             150,                0,          205,                 1,               8,                   5,                 6,                 3,            0,            0,            0,            0,            0,        0,        0,  63,           199,           1507,              20,        0, Partner    ,           2,         0, Postgraduate   ,       2
 42720.0,       1,        1,       9,      392,         5,              91,              28,               26,          112,                 8,               7,                   3,                 7,                 8,            0,            0,            0,            0,            0,        0,        1,  49,           431,            654,              25,        2, Alone      ,           3,         1, Graduate       ,       0
 33622.0,       1,        1,      22,       39,         1,              22,               3,                4,           12,                 3,               2,                   0,                 4,                 7,            0,            0,            0,            0,            0,        0,        0,  42,           442,             81,               9,        2, Partner    ,           4,         1, Graduate       ,       1
  6835.0,       0,        1,      76,      107,         2,              12,               2,                2,           12,                 0,               0,                   0,                 1,                20,            0,            0,            0,            0,            0,        0,        0,  57,           568,            137,               1,        1, Partner    ,           3,         1, Postgraduate   ,       3
 41452.0,       1,        1,      86,       13,         0,               3,               0,                0,            0,                 1,               1,                   0,                 2,                 7,            0,            0,            0,            0,            0,        0,        0,  61,           480,             16,               4,        2, Partner    ,           4,         1, Graduate       ,       1
 40760.0,       0,        1,      64,       70,         0,              17,               0,                0,            6,                 2,               2,                   1,                 3,                 6,            0,            0,            0,            0,            0,        0,        0,  49,           303,             93,               8,        1, Alone      ,           2,         1, Postgraduate   ,       3
 74250.0,       0,        0,      90,      680,        11,             392,              75,                0,            0,                 1,               2,                  11,                 4,                 1,            0,            0,            0,            0,            0,        0,        0,  56,           154,           1158,              18,        0, Partner    ,           2,         0, Postgraduate   ,       2
 51124.0,       1,        1,      79,       26,         1,              11,               0,                1,            4,                 2,               1,                   0,                 3,                 3,            0,            0,            0,            0,            0,        0,        0,  59,           193,             43,               6,        2, Alone      ,           3,         1, Postgraduate   ,       1
 72258.0,       0,        1,      28,      522,         0,             522,             227,              120,          134,                 2,               6,                   9,                 5,                 2,            0,            0,            0,            0,            0,        0,        0,  43,           290,           1525,              22,        1, Alone      ,           2,         1, Graduate       ,       2
 71466.0,       0,        0,      86,      412,        12,             546,              78,              182,            0,                 1,               4,                   4,                10,                 1,            0,            0,            0,            0,            0,        0,        0,  40,            85,           1230,              19,        0, Alone      ,           1,         0, Postgraduate   ,       2
 36283.0,       1,        1,      42,        6,         5,               5,               8,                0,            5,                 2,               1,                   0,                 3,                 4,            0,            0,            0,            0,            0,        0,        0,  38,            76,             29,               6,        2, Partner    ,           4,         1, Graduate       ,       1
 20587.0,       1,        0,      39,        2,         3,               6,               4,                1,            9,                 1,               1,                   1,                 2,                 7,            0,            0,            0,            0,            0,        0,        0,  44,            49,             25,               5,        1, Alone      ,           2,         1, Graduate       ,       3
 30467.0,       1,        0,       8,        1,         3,               8,               2,                5,            5,                 1,               1,                   0,                 2,                 7,            0,            0,            0,            0,            0,        0,        0,  42,           102,             24,               4,        1, Partner    ,           3,         1, Graduate       ,       1
 31590.0,       1,        0,      40,        6,         2,              15,               6,                6,            3,                 1,               1,                   0,                 3,                 8,            0,            0,            0,            0,            0,        0,        0,  42,           376,             38,               5,        1, Partner    ,           3,         1, Graduate       ,       1
 20425.0,       1,        0,       5,        4,        12,               5,               3,               16,           17,                 2,               2,                   0,                 3,                 7,            0,            0,            0,            0,            0,        0,        0,  28,           608,             57,               7,        1, Partner    ,           3,         1, Undergraduate  ,       3
 17144.0,       1,        1,      96,       18,         2,              19,               0,                2,            6,                 5,               3,                   0,                 4,                 7,            0,            0,            0,            0,            0,        0,        0,  54,           134,             47,              12,        2, Partner    ,           4,         1, Postgraduate   ,       1
 42564.0,       0,        1,      28,      324,        48,             186,              39,               18,          198,                 6,               6,                   8,                 4,                 7,            1,            0,            0,            0,            0,        0,        1,  46,           543,            813,              24,        1, Alone      ,           2,         1, Postgraduate   ,       0
 43783.0,       1,        0,      22,      327,         9,             125,              25,                4,          139,                 6,               7,                   1,                 8,                 7,            1,            0,            0,            0,            0,        0,        0,  36,            31,            629,              22,        1, Partner    ,           3,         1, Postgraduate   ,       0
 40780.0,       0,        1,      30,      229,        27,              71,              13,                3,           34,                 4,               7,                   1,                 5,                 9,            0,            0,            0,            0,            0,        0,        0,  38,           659,            377,              17,        1, Alone      ,           2,         1, Graduate       ,       3
 62847.0,       0,        0,      45,      521,       168,             706,              80,               76,           61,                 1,               3,                   6,                 4,                 2,            0,            0,            0,            0,            0,        0,        0,  69,           530,           1612,              14,        0, Partner    ,           2,         0, Postgraduate   ,       2
 82017.0,       0,        0,      58,      184,        23,             446,              30,               23,           23,                 1,               5,                   4,                 7,                 2,            0,            1,            1,            1,            0,        0,        1,  57,           599,            729,              17,        0, Partner    ,           2,         0, Postgraduate   ,       2
 16813.0,       0,        0,      49,        4,         8,              11,              12,                2,           13,                 1,               2,                   0,                 3,                 7,            1,            0,            0,            0,            0,        0,        0,  64,           345,             50,               6,        0, Alone      ,           1,         0, Graduate       ,       3
 51267.0,       1,        1,      37,      183,         2,              64,               7,                2,           12,                 4,               3,                   3,                 5,                 4,            0,            0,            0,            0,            0,        0,        0,  36,           243,            270,              15,        2, Partner    ,           4,         1, Graduate       ,       1
 46524.0,       0,        1,      70,       31,        19,              35,              26,               14,           52,                 2,               1,                   1,                 5,                 3,            0,            0,            0,            0,            0,        0,        0,  53,           450,            177,               9,        1, Alone      ,           2,         1, Graduate       ,       3
 45183.0,       0,        0,      33,      219,         3,              60,              12,                9,           12,                 1,               4,                   1,                 7,                 7,            0,            1,            0,            0,            0,        0,        0,  52,           525,            315,              13,        0, Alone      ,           1,         0, Postgraduate   ,       3
 70421.0,       0,        1,      98,      479,        28,             136,              75,               14,           35,                 3,              10,                   3,                 7,                 6,            0,            0,            0,            0,            0,        0,        0,  60,             1,            767,              23,        1, Partner    ,           3,         1, Postgraduate   ,       0
 60161.0,       0,        1,      17,      584,        44,             212,              46,                8,          177,                 3,              11,                   4,                 8,                 8,            0,            0,            0,            0,            0,        0,        0,  49,           614,           1071,              26,        1, Alone      ,           2,         1, Undergraduate  ,       0
 73926.0,       0,        0,      54,      627,        91,             597,             159,               91,           15,                 1,               6,                   5,                12,                 3,            0,            0,            0,            0,            0,        0,        0,  41,           484,           1580,              24,        0, Partner    ,           2,         0, Graduate       ,       2
 19329.0,       1,        0,      39,       24,         1,              16,              12,                2,            5,                 3,               4,                   0,                 3,                 8,            0,            0,            0,            0,            0,        0,        0,  46,           197,             60,              10,        1, Partner    ,           3,         1, Graduate       ,       1
 61872.0,       0,        1,      81,      330,         5,             159,              36,               27,           16,                 4,               4,                   4,                 9,                 4,            0,            0,            0,            0,            0,        0,        0,  44,           198,            573,              21,        1, Partner    ,           3,         1, Postgraduate   ,       0
 46984.0,       1,        1,      71,       19,         1,              10,               2,                1,            8,                 1,               1,                   0,                 3,                 5,            0,            0,            0,            0,            0,        0,        0,  58,           460,             41,               5,        2, Alone      ,           3,         1, Graduate       ,       1
 34838.0,       1,        1,      62,       28,        23,              29,              29,               14,           47,                 3,               2,                   1,                 4,                 6,            0,            0,            0,            0,            0,        0,        0,  63,           526,            170,              10,        2, Partner    ,           4,         1, Graduate       ,       1
 82716.0,       0,        0,       8,      606,       148,             228,              15,              148,           22,                 1,               6,                   8,                13,                 2,            0,            0,            0,            0,            0,        0,        0,  70,           236,           1167,              28,        0, Alone      ,           1,         0, Postgraduate   ,       2
 48192.0,       0,        0,      76,     1039,        43,             204,             153,               58,           29,                 3,               2,                   8,                12,                 8,            0,            1,            0,            1,            1,        0,        1,  56,           449,           1526,              25,        0, Partner    ,           2,         0, Graduate       ,       0
 49681.0,       0,        2,      66,      411,         0,              26,               0,                0,           21,                 6,               7,                   1,                 7,                 7,            0,            0,            0,            0,            0,        0,        0,  38,           237,            458,              21,        2, Partner    ,           4,         1, Postgraduate   ,       0
 56850.0,       0,        1,      83,       34,         1,              19,               2,                7,            0,                 1,               1,                   1,                 3,                 2,            0,            0,            0,            0,            0,        0,        0,  43,            98,             63,               6,        1, Partner    ,           3,         1, Postgraduate   ,       1
 55267.0,       0,        1,      28,      161,        28,             136,              32,                3,           45,                 4,               3,                   4,                 6,                 3,            0,            0,            0,            0,            0,        0,        0,  57,           251,            405,              17,        1, Partner    ,           3,         1, Graduate       ,       0
 59666.0,       1,        1,      87,      623,        53,             178,              23,               17,          133,                 7,               3,                   2,                 8,                 8,            0,            1,            0,            0,            0,        0,        0,  42,           464,           1027,              20,        2, Partner    ,           4,         1, Graduate       ,       0
 72504.0,       0,        1,      43,      604,        26,             470,             123,              161,           94,                 2,               5,                   9,                 6,                 2,            0,            0,            0,            0,            0,        0,        0,  42,           449,           1478,              22,        1, Alone      ,           2,         1, Graduate       ,       2
 26872.0,       0,        0,       0,        3,        10,               8,               3,               16,           32,                 1,               1,                   1,                 2,                 6,            0,            0,            0,            0,            0,        0,        0,  33,           256,             72,               5,        0, Partner    ,           2,         0, Graduate       ,       3
 21359.0,       1,        0,       1,       12,         2,              17,               6,                1,           10,                 2,               2,                   0,                 3,                 8,            0,            0,            0,            0,            0,        0,        1,  42,           435,             48,               7,        1, Alone      ,           2,         1, Graduate       ,       3
 73170.0,       0,        0,       1,      184,       174,             256,              50,               30,           32,                 1,               5,                   4,                 6,                 2,            0,            0,            0,            0,            0,        0,        0,  39,            29,            726,              16,        0, Alone      ,           1,         0, Graduate       ,       2
 52750.0,       0,        1,      72,      393,         0,             239,              90,               69,           69,                 6,               5,                   7,                 9,                 4,            0,            0,            0,            0,            0,        0,        0,  59,           510,            860,              27,        1, Partner    ,           3,         1, Postgraduate   ,       0
 91820.0,       0,        0,      72,      410,        73,             747,              76,              161,           30,                 0,               5,                   5,                12,                 1,            0,            0,            0,            0,            0,        0,        0,  28,           218,           1497,              22,        0, Partner    ,           2,         0, Postgraduate   ,       2
 65968.0,       0,        1,      12,      376,         9,              83,              19,                4,            4,                 2,               5,                   4,                 7,                 3,            0,            0,            0,            0,            0,        0,        0,  44,            48,            495,              18,        1, Partner    ,           3,         1, Postgraduate   ,       1
 30772.0,       1,        1,      89,        7,         2,               4,               2,                1,            4,                 1,               1,                   0,                 2,                 6,            0,            0,            0,            0,            0,        0,        0,  38,           109,             20,               4,        2, Partner    ,           4,         1, Graduate       ,       1
 22507.0,       0,        0,      67,       68,         0,             226,              51,              157,           68,                 3,              10,                   2,                 4,                 9,            0,            0,            0,            0,            0,        0,        0,  60,           582,            570,              19,        0, Alone      ,           1,         0, Graduate       ,       3
 65685.0,       0,        1,      54,      642,        14,              49,               0,                7,           57,                 1,               9,                   2,                 9,                 5,            0,            0,            0,            0,            0,        0,        0,  42,            92,            769,              21,        1, Partner    ,           3,         1, Graduate       ,       1
 25804.0,       1,        0,      34,        8,         7,               9,              13,                6,           12,                 2,               2,                   0,                 3,                 8,            0,            0,            0,            0,            0,        0,        0,  36,           301,             55,               7,        1, Partner    ,           3,         1, Undergraduate  ,       1
 76412.0,       0,        0,      15,      840,        53,             804,              23,               71,           17,                 1,               5,                   4,                 8,                 3,            0,            0,            1,            1,            0,        0,        1,  34,           420,           1808,              18,        0, Alone      ,           1,         0, Postgraduate   ,       2
 22063.0,       1,        0,      43,        7,        10,              13,               3,               11,           11,                 2,               2,                   0,                 3,                 7,            0,            0,            0,            0,            0,        0,        0,  42,           325,             55,               7,        1, Partner    ,           3,         1, Graduate       ,       1
 57091.0,       0,        0,       0,      464,         5,              64,               7,                0,           37,                 1,               7,                   3,                 7,                 5,            0,            0,            0,            0,            1,        0,        1,  53,            14,            577,              18,        0, Alone      ,           1,         0, Graduate       ,       2
 22419.0,       0,        0,      74,       30,         3,              47,              19,               21,           42,                 1,               3,                   2,                 2,                 8,            0,            0,            0,            0,            0,        0,        0,  51,           437,            162,               8,        0, Partner    ,           2,         0, Graduate       ,       3
 87771.0,       0,        1,      61,     1492,        38,             287,              50,               57,           33,                 1,               5,                  10,                 4,                 6,            0,            1,            1,            1,            1,        0,        1,  55,           403,           1957,              20,        1, Partner    ,           3,         1, Graduate       ,       2
 78353.0,       0,        1,      51,      752,       122,             476,              39,              153,           34,                 1,              10,                   2,                11,                 8,            0,            0,            0,            0,            0,        0,        0,  55,           439,           1576,              24,        1, Alone      ,           2,         1, Undergraduate  ,       2
 93404.0,       1,        2,      97,     1279,        15,             287,              20,                0,           15,                 3,               3,                   4,                 7,                 5,            0,            1,            1,            0,            0,        0,        0,  60,           418,           1616,              17,        3, Partner    ,           5,         1, Graduate       ,       0
 37859.0,       1,        2,      75,       22,         1,               8,               2,                1,            2,                 2,               1,                   0,                 3,                 8,            0,            0,            0,            0,            0,        0,        0,  52,           533,             36,               6,        3, Alone      ,           4,         1, Graduate       ,       1
 80995.0,       0,        1,      83,      860,        28,             409,              73,               56,           56,                 1,               8,                   9,                 4,                 4,            0,            0,            0,            0,            0,        0,        0,  56,           414,           1482,              22,        1, Alone      ,           2,         1, Postgraduate   ,       2
 16529.0,       1,        0,      23,        3,         0,               5,              13,                0,            1,                 1,               1,                   0,                 3,                 6,            0,            0,            0,            0,            0,        0,        0,  30,           120,             22,               5,        1, Partner    ,           3,         1, Graduate       ,       1
 55412.0,       1,        1,      65,       10,         5,              28,              11,                1,            8,                 1,               2,                   0,                 3,                 5,            0,            0,            0,            0,            0,        0,        0,  38,           219,             63,               6,        2, Alone      ,           3,         1, Postgraduate   ,       1
 48789.0,       0,        0,      94,      351,        16,             156,               7,                5,          145,                 1,               6,                   4,                 7,                 6,            0,            0,            0,            0,            0,        0,        0,  22,           657,            680,              18,        0, Alone      ,           1,         0, Graduate       ,       3
 56575.0,       0,        2,      42,      421,         5,              90,               0,               16,           10,                 3,               7,                   3,                 7,                 5,            0,            0,            0,            0,            0,        0,        0,  47,           420,            542,              20,        2, Partner    ,           4,         1, Postgraduate   ,       0
 25130.0,       1,        0,      10,        2,         5,               7,               0,               18,           18,                 2,               2,                   0,                 3,                 7,            0,            0,            0,            0,            0,        0,        0,  34,           270,             50,               7,        1, Partner    ,           3,         1, Undergraduate  ,       1
 35441.0,       1,        1,      94,       25,         1,               9,               2,                1,            1,                 2,               1,                   0,                 3,                 8,            0,            0,            0,            0,            0,        0,        0,  47,           500,             39,               6,        2, Partner    ,           4,         1, Graduate       ,       1
 71391.0,       0,        1,      50,      336,       123,             274,              46,              123,          141,                 5,               6,                   5,                12,                 3,            0,            0,            0,            0,            0,        0,        0,  58,           457,           1043,              28,        1, Partner    ,           3,         1, Graduate       ,       0
 49494.0,       1,        0,      46,      191,         9,              97,               0,                6,           82,                 2,               6,                   1,                 5,                 7,            0,            0,            0,            0,            0,        0,        0,  42,           430,            385,              14,        1, Alone      ,           2,         1, Postgraduate   ,       3
 81702.0,       0,        0,      98,      563,        50,             774,              28,               31,          187,                 1,               7,                   7,                12,                 3,            0,            0,            0,            0,            0,        0,        0,  34,           644,           1633,              27,        0, Alone      ,           1,         0, Graduate       ,       2
 45889.0,       0,        1,      42,       31,         0,               6,               0,                1,            8,                 1,               1,                   0,                 3,                 6,            0,            0,            0,            0,            0,        0,        0,  34,           362,             46,               5,        1, Alone      ,           2,         1, Undergraduate  ,       3
 56628.0,       0,        1,      30,      479,         5,              82,               7,               17,          171,                 2,               7,                   6,                 5,                 5,            1,            0,            0,            0,            0,        0,        0,  37,           100,            761,              20,        1, Alone      ,           2,         1, Graduate       ,       2
 34026.0,       1,        1,      11,       18,         6,              15,              12,                8,           17,                 3,               2,                   1,                 3,                 5,            0,            0,            0,            0,            0,        0,        0,  64,           328,             76,               9,        2, Partner    ,           4,         1, Graduate       ,       1
 40049.0,       0,        1,      61,       91,        65,              52,              10,               44,           28,                 3,               3,                   2,                 6,                 5,            0,            0,            0,            0,            0,        0,        0,  40,           577,            290,              14,        1, Partner    ,           3,         1, Graduate       ,       0
 34176.0,       1,        0,      12,        5,         7,              24,              19,               14,           20,                 4,               3,                   0,                 4,                 6,            0,            0,            0,            0,            0,        0,        0,  26,            48,             89,              11,        1, Alone      ,           2,         1, Graduate       ,       3
 19419.0,       1,        0,      76,        2,        14,              28,              16,                3,            7,                 4,               4,                   0,                 3,                 9,            0,            0,            0,            0,            0,        0,        0,  33,           596,             70,              11,        1, Partner    ,           3,         1, Graduate       ,       3
 82504.0,       0,        0,       2,      362,        50,             431,             134,               35,           54,                 1,               3,                   6,                 7,                 1,            0,            0,            0,            0,            0,        0,        0,  54,           337,           1066,              17,        0, Partner    ,           2,         0, Undergraduate  ,       2
 81205.0,       0,        0,      43,      724,        74,             929,              97,               55,          130,                 1,               5,                   6,                 7,                 2,            1,            0,            1,            0,            1,        0,        1,  44,           167,           2009,              19,        0, Partner    ,           2,         0, Graduate       ,       2
 61618.0,       0,        0,      27,      605,        91,             399,               0,               45,          205,                 2,               3,                   6,                 8,                 3,            0,            0,            0,            0,            0,        0,        0,  23,           638,           1345,              19,        0, Alone      ,           1,         0, Undergraduate  ,       2
 55284.0,       0,        1,      60,      547,         7,             140,               0,                7,           63,                 3,               7,                   5,                 8,                 5,            0,            0,            0,            0,            0,        0,        0,  58,           552,            764,              23,        1, Alone      ,           2,         1, Postgraduate   ,       0
 49980.0,       0,        1,      79,      104,         1,              54,              13,                9,           14,                 2,               3,                   1,                 5,                 5,            0,            0,            0,            0,            0,        0,        0,  51,           249,            195,              11,        1, Alone      ,           2,         1, Graduate       ,       3
 15072.0,       2,        0,      96,        8,         2,              15,               0,               10,           18,                 4,               3,                   1,                 3,                 5,            0,            0,            0,            0,            0,        0,        0,  34,           415,             53,              11,        2, Partner    ,           4,         1, Graduate       ,       1
 49166.0,       0,        1,      17,      224,         2,              25,               7,                0,          110,                 2,               5,                   3,                 3,                 6,            0,            0,            0,            0,            0,        0,        0,  40,           381,            368,              13,        1, Alone      ,           2,         1, Graduate       ,       3
 65324.0,       0,        1,       0,      384,         0,             102,              21,               32,            5,                 3,               6,                   2,                 9,                 4,            0,            0,            0,            0,            0,        0,        0,  60,           169,            544,              20,        1, Partner    ,           3,         1, Postgraduate   ,       0
 82347.0,       0,        0,      38,      556,        54,             845,             202,              133,           63,                 1,               7,                   7,                10,                 3,            1,            0,            0,            1,            0,        0,        0,  57,           600,           1853,              25,        0, Partner    ,           2,         0, Undergraduate  ,       2
 30843.0,       1,        1,      43,       24,         0,               2,               0,                0,            9,                 2,               1,                   1,                 2,                 5,            1,            0,            0,            0,            0,        0,        0,  48,            34,             35,               6,        2, Partner    ,           4,         1, Postgraduate   ,       1
 46374.0,       0,        1,       1,      408,         0,              21,               0,                0,           17,                 3,               7,                   1,                 7,                 8,            0,            1,            0,            1,            0,        0,        1,  40,           104,            446,              18,        1, Partner    ,           3,         1, Postgraduate   ,       1
 60474.0,       0,        1,      25,      265,       199,             303,             234,                9,          170,                 7,              10,                   2,                12,                 7,            0,            0,            0,            0,            0,        0,        0,  35,           454,           1180,              31,        1, Alone      ,           2,         1, Graduate       ,       0
 38576.0,       0,        1,       2,       34,         0,               7,               0,                0,            0,                 1,               1,                   0,                 3,                 7,            0,            0,            0,            0,            0,        0,        0,  41,           117,             41,               5,        1, Partner    ,           3,         1, Postgraduate   ,       1
 55357.0,       2,        0,      66,      374,        64,             116,              84,               25,           64,                 3,               6,                   2,                11,                 5,            0,            0,            0,            0,            0,        0,        0,  29,           495,            727,              22,        2, Partner    ,           4,         1, Graduate       ,       0
 37758.0,       1,        1,      49,       27,         2,              10,               0,                0,            1,                 2,               1,                   0,                 3,                 8,            0,            0,            0,            0,            0,        0,        0,  48,           633,             40,               6,        2, Partner    ,           4,         1, Graduate       ,       1
 85710.0,       0,        0,       5,      600,        20,             350,              29,               30,           33,                 1,               6,                   9,                10,                 2,            0,            0,            1,            0,            0,        0,        0,  25,           420,           1062,              26,        0, Partner    ,           2,         0, Undergraduate  ,       2
 23228.0,       1,        0,      71,       13,         2,              18,               6,                1,            0,                 2,               2,                   0,                 3,                 8,            0,            0,            0,            0,            0,        0,        0,  45,           154,             40,               7,        1, Partner    ,           3,         1, Graduate       ,       1
 44602.0,       1,        1,      35,      167,         2,              89,               0,                0,           34,                 6,               6,                   1,                 4,                 8,            0,            0,            0,            0,            0,        0,        0,  45,           134,            292,              17,        2, Partner    ,           4,         1, Postgraduate   ,       1
  7500.0,       0,        0,      94,        0,         2,               3,               4,                1,            5,                 1,               0,                   0,                 3,                 6,            0,            0,            0,            0,            0,        0,        0,  27,           536,             15,               4,        0, Partner    ,           2,         0, Graduate       ,       3
 38683.0,       1,        0,      80,       46,        35,              69,              84,               41,           66,                 6,               4,                   1,                 6,                 7,            0,            0,            0,            0,            0,        0,        0,  25,           633,            341,              17,        1, Partner    ,           3,         1, Undergraduate  ,       0
 49514.0,       1,        0,      61,       88,        39,              78,              58,               13,           93,                 2,               6,                   1,                 4,                 7,            0,            0,            0,            0,            0,        0,        0,  39,           194,            369,              13,        1, Alone      ,           2,         1, Undergraduate  ,       3
 57906.0,       0,        1,      29,      243,        11,             119,              10,                3,           15,                 3,               4,                   2,                 8,                 4,            0,            0,            0,            0,            0,        0,        0,  41,           383,            401,              17,        1, Partner    ,           3,         1, Postgraduate   ,       0
 43456.0,       0,        1,       0,      275,        11,              68,              25,                7,            7,                 3,               5,                   1,                 8,                 5,            0,            0,            0,            0,            0,        0,        0,  48,           460,            393,              17,        1, Alone      ,           2,         1, Postgraduate   ,       3
 19485.0,       2,        0,      80,        6,         0,               4,               0,                0,            0,                 1,               1,                   0,                 2,                 7,            0,            0,            0,            0,            0,        0,        0,  28,           278,             10,               4,        2, Alone      ,           3,         1, Postgraduate   ,       3
 53172.0,       0,        1,      54,      121,        62,              90,              68,               20,          125,                 3,               2,                   3,                 8,                 3,            0,            0,            0,            0,            0,        0,        0,  36,           419,            486,              16,        1, Partner    ,           3,         1, Graduate       ,       0
 30545.0,       1,        0,      71,        4,        12,              15,              19,                7,           12,                 2,               2,                   0,                 3,                 7,            0,            0,            0,            0,            0,        0,        0,  35,           620,             69,               7,        1, Partner    ,           3,         1, Graduate       ,       3
 70123.0,       0,        0,      27,     1308,         0,             396,              23,                0,            0,                 1,               5,                   7,                 4,                 3,            0,            1,            0,            0,            1,        0,        0,  31,           274,           1727,              17,        0, Partner    ,           2,         0, Postgraduate   ,       2
 62450.0,       0,        1,      61,      515,        47,             267,              62,               66,           38,                 2,               5,                   5,                 4,                 3,            0,            1,            0,            0,            0,        0,        0,  55,           174,            995,              16,        1, Alone      ,           2,         1, Graduate       ,       2
 21675.0,       1,        0,      55,        4,         0,              16,              17,                4,            4,                 3,               4,                   0,                 3,                 7,            0,            0,            0,            0,            0,        0,        0,  38,            18,             45,              10,        1, Partner    ,           3,         1, Graduate       ,       1
 42395.0,       1,        1,      35,       48,        13,              57,              24,               15,           25,                 4,               3,                   1,                 4,                 7,            0,            0,            0,            0,            0,        0,        0,  33,            86,            182,              12,        2, Alone      ,           3,         1, Undergraduate  ,       3
 61346.0,       1,        0,      34,      562,        58,             168,              43,               16,          142,                 1,               5,                   7,                10,                 3,            0,            0,            0,            0,            0,        0,        0,  36,           266,            989,              23,        1, Partner    ,           3,         1, Postgraduate   ,       2
 80812.0,       0,        0,      95,      769,        22,             500,             210,              143,           33,                 1,               4,                   8,                 5,                 2,            1,            0,            1,            1,            0,        0,        0,  61,           285,           1677,              18,        0, Partner    ,           2,         0, Graduate       ,       2
 42835.0,       1,        1,      64,      379,         4,              93,              12,                9,           98,                 7,               6,                   6,                 4,                 6,            0,            0,            0,            0,            0,        0,        0,  43,           364,            595,              23,        2, Alone      ,           3,         1, Postgraduate   ,       0
 39922.0,       1,        0,      30,       29,        12,              59,              19,                1,           36,                 2,               3,                   0,                 4,                 8,            0,            0,            0,            0,            0,        0,        0,  31,           500,            156,               9,        1, Partner    ,           3,         1, Graduate       ,       3
 86424.0,       0,        0,      12,      387,        68,             569,              89,               45,           68,                 1,               6,                   9,                12,                 1,            0,            0,            0,            0,            0,        0,        0,  58,            85,           1226,              28,        0, Alone      ,           1,         0, Postgraduate   ,       2
 17117.0,       1,        0,      96,       12,        23,              38,              30,               18,            7,                 4,               3,                   1,                 3,                 9,            0,            0,            0,            0,            0,        0,        0,  36,           528,            128,              11,        1, Partner    ,           3,         1, Undergraduate  ,       3
 24762.0,       1,        0,      16,        6,        10,              12,               3,               15,           40,                 3,               3,                   1,                 2,                 8,            1,            0,            0,            0,            0,        0,        1,  42,           139,             86,               9,        1, Alone      ,           2,         1, Graduate       ,       3
 35797.0,       0,        1,      16,       27,         1,              14,               4,                1,           21,                 2,               2,                   0,                 3,                 8,            0,            0,            0,            0,            0,        0,        0,  39,           621,             68,               7,        1, Partner    ,           3,         1, Graduate       ,       3
 36627.0,       2,        0,      78,        9,         1,               5,               0,                0,            1,                 1,               0,                   0,                 3,                 5,            0,            0,            0,            0,            0,        0,        0,  39,           341,             16,               4,        2, Alone      ,           3,         1, Graduate       ,       3
 51111.0,       1,        1,      83,       22,         0,              19,               6,                5,            3,                 2,               2,                   0,                 3,                 6,            0,            0,            0,            0,            0,        0,        0,  33,            10,             55,               7,        2, Partner    ,           4,         1, Undergraduate  ,       1
 86857.0,       0,        0,      96,      899,       102,             838,             133,              102,           40,                 1,               5,                   6,                10,                 2,            0,            0,            0,            0,            0,        0,        1,  42,           655,           2114,              22,        0, Alone      ,           1,         0, Postgraduate   ,       2
 82072.0,       0,        0,      67,      889,        55,             685,             168,               92,          129,                 1,               3,                   2,                13,                 1,            0,            0,            0,            0,            0,        0,        0,  44,           362,           2018,              19,        0, Partner    ,           2,         0, Postgraduate   ,       2
 46231.0,       2,        1,      87,      189,         2,              55,               0,                5,           12,                 4,               6,                   1,                 4,                 9,            0,            0,            0,            0,            0,        0,        0,  61,           580,            263,              15,        3, Alone      ,           4,         1, Postgraduate   ,       0
 42243.0,       1,        1,      34,       48,         0,               2,               0,                0,            5,                 2,               2,                   0,                 3,                 7,            0,            0,            0,            0,            0,        0,        0,  55,           200,             55,               7,        2, Partner    ,           4,         1, Graduate       ,       1
 51195.0,       1,        1,      46,      230,        14,             156,              82,               24,           58,                 8,               9,                   2,                 5,                 8,            0,            0,            0,            0,            0,        0,        0,  52,           454,            564,              24,        2, Partner    ,           4,         1, Graduate       ,       0
 68092.0,       0,        0,       7,      852,        60,             207,              78,               36,           48,                 2,               2,                   6,                10,                 5,            0,            0,            0,            0,            0,        0,        0,  36,           195,           1281,              20,        0, Alone      ,           1,         0, Postgraduate   ,       2
 31814.0,       1,        0,      73,       35,         3,              20,               4,                1,           20,                 2,               2,                   0,                 3,                 9,            1,            0,            0,            0,            0,        0,        0,  41,           505,             83,               7,        1, Partner    ,           3,         1, Graduate       ,       3
 51390.0,       1,        1,      54,      205,        20,              47,              23,                2,           56,                 6,               5,                   2,                 5,                 5,            0,            0,            0,            0,            0,        0,        0,  49,           659,            353,              18,        2, Alone      ,           3,         1, Postgraduate   ,       0
 76630.0,       0,        0,      93,      255,        31,             446,              40,               56,          175,                 1,               3,                  10,                11,                 1,            0,            0,            0,            0,            0,        0,        0,  31,           166,           1003,              25,        0, Partner    ,           2,         0, Graduate       ,       2
 26868.0,       1,        0,      52,        0,         0,               1,               8,                3,            2,                 1,               1,                   0,                 2,                 7,            0,            0,            0,            0,            0,        0,        0,  23,            60,             14,               4,        1, Alone      ,           2,         1, Undergraduate  ,       3
 48948.0,       0,        0,      53,      437,         8,             206,             160,               49,           42,                 2,               7,                  10,                 5,                 6,            1,            0,            0,            0,            0,        0,        1,  71,           513,            902,              24,        0, Alone      ,           1,         0, Postgraduate   ,       2
 55260.0,       0,        1,      81,      825,         8,              53,              11,                0,          242,                 2,               8,                  10,                 5,                 6,            0,            0,            0,            0,            0,        0,        0,  42,           564,           1139,              25,        1, Alone      ,           2,         1, Postgraduate   ,       0
 64090.0,       0,        1,       8,      316,        58,             161,              76,               51,          135,                 1,               6,                   9,                 4,                 5,            0,            0,            0,            0,            0,        0,        1,  58,           326,            797,              20,        1, Partner    ,           3,         1, Graduate       ,       0
 78331.0,       0,        1,      97,      756,       138,             354,             160,              169,           61,                 2,              10,                   6,                 7,                 4,            0,            0,            0,            0,            0,        0,        0,  56,           157,           1638,              25,        1, Alone      ,           2,         1, Graduate       ,       2
 37087.0,       1,        0,      50,      194,        55,             134,              15,                0,            3,                 3,               4,                   2,                 8,                 6,            0,            0,            0,            0,            0,        0,        0,  40,           322,            401,              17,        1, Partner    ,           3,         1, Postgraduate   ,       1
 21846.0,       1,        0,      38,        7,        17,              18,               6,               10,           26,                 4,               4,                   0,                 3,                 8,            0,            0,            0,            0,            0,        0,        0,  28,           250,             84,              11,        1, Alone      ,           2,         1, Graduate       ,       3
 81320.0,       0,        0,      61,      183,        33,             493,              59,              103,           57,                 1,               4,                   3,                10,                 2,            0,            0,            0,            0,            0,        0,        0,  56,           508,            928,              18,        0, Partner    ,           2,         0, Graduate       ,       2
 54137.0,       0,        1,      46,      171,         0,              11,               0,                1,           20,                 2,               4,                   1,                 4,                 6,            0,            0,            0,            0,            0,        0,        0,  44,           317,            203,              11,        1, Alone      ,           2,         1, Graduate       ,       3
 66825.0,       0,        0,      73,      243,       101,             405,              29,               40,           40,                 1,               4,                   5,                 6,                 2,            0,            0,            0,            0,            0,        0,        0,  47,           350,            858,              16,        0, Partner    ,           2,         0, Graduate       ,       2
 57100.0,       0,        0,      19,      181,        21,              69,              39,                3,           96,                 1,               3,                   3,                 6,                 3,            0,            0,            0,            0,            0,        0,        0,  41,           207,            409,              13,        0, Partner    ,           2,         0, Graduate       ,       2
 58917.0,       1,        2,      10,      151,         7,              89,               0,                7,           28,                 5,               4,                   1,                 6,                 5,            0,            0,            0,            0,            0,        0,        0,  45,           462,            282,              16,        3, Partner    ,           5,         1, Graduate       ,       0
 85072.0,       0,        0,      94,      494,        92,             391,             194,               11,          241,                 1,               3,                   4,                10,                 0,            0,            0,            0,            0,            0,        0,        0,  37,            81,           1423,              18,        0, Alone      ,           1,         0, Graduate       ,       2
 86429.0,       0,        0,      10,      464,        28,             873,              29,               18,           37,                 0,               7,                   4,                 7,                 2,            0,            0,            0,            1,            0,        0,        1,  53,           220,           1449,              18,        0, Alone      ,           1,         0, Graduate       ,       2
 45684.0,       1,        0,      37,        5,         1,               5,              10,                0,            7,                 1,               1,                   0,                 2,                 7,            0,            0,            0,            0,            0,        0,        0,  43,           209,             28,               4,        1, Alone      ,           2,         1, Graduate       ,       3
 47889.0,       1,        0,      94,       29,         0,              29,               0,                5,            4,                 1,               2,                   0,                 3,                 5,            0,            0,            0,            0,            0,        0,        0,  40,           176,             67,               6,        1, Partner    ,           3,         1, Graduate       ,       1
 45921.0,       0,        0,      23,      102,         9,              49,              24,                3,           12,                 1,               2,                   1,                 6,                 4,            0,            0,            0,            0,            0,        0,        0,  28,           111,            199,              10,        0, Partner    ,           2,         0, Postgraduate   ,       3
 78420.0,       0,        0,      75,      604,        28,             674,              91,               28,           28,                 1,               3,                  10,                 8,                 1,            0,            0,            0,            0,            0,        0,        0,  48,           365,           1453,              22,        0, Alone      ,           1,         0, Postgraduate   ,       2
 75114.0,       0,        0,      40,      571,        12,             523,              63,               60,           24,                 1,               3,                  10,                 5,                 2,            0,            0,            0,            0,            0,        0,        0,  22,           234,           1253,              19,        0, Partner    ,           2,         0, Graduate       ,       2
 52278.0,       0,        1,      24,      953,         0,              71,               0,                0,          174,                 6,              10,                   5,                10,                 8,            0,            0,            0,            0,            0,        0,        1,  51,           520,           1198,              31,        1, Alone      ,           2,         1, Postgraduate   ,       0
 35641.0,       1,        0,      11,       63,         3,              67,               8,                9,           28,                 2,               3,                   1,                 4,                 7,            0,            0,            0,            0,            0,        0,        1,  42,           350,            178,              10,        1, Partner    ,           3,         1, Postgraduate   ,       1
 95529.0,       0,        0,      29,      770,        29,             890,             250,               27,           24,                 1,               7,                   3,                 7,                 3,            0,            0,            1,            0,            0,        0,        1,  20,           573,           1990,              18,        0, Alone      ,           1,         0, Graduate       ,       2
 62820.0,       0,        0,      51,      398,        61,             265,             138,               61,           53,                 1,               3,                   4,                 6,                 1,            0,            0,            0,            0,            0,        0,        0,  60,           414,            976,              14,        0, Partner    ,           2,         0, Graduate       ,       2
 73113.0,       0,        0,      86,      741,        19,             154,              50,                9,           28,                 1,               3,                   4,                 7,                 2,            0,            0,            0,            0,            0,        0,        0,  54,           185,           1001,              15,        0, Partner    ,           2,         0, Postgraduate   ,       2
 84169.0,       0,        0,       9,     1478,        19,             403,               0,               19,            0,                 1,               7,                   6,                 6,                 3,            0,            1,            1,            0,            0,        0,        1,  32,           326,           1919,              20,        0, Partner    ,           2,         0, Postgraduate   ,       2
 42607.0,       0,        1,      30,      156,        29,              56,              30,               32,           47,                 2,               3,                   2,                 7,                 3,            0,            0,            0,            0,            0,        0,        0,  60,           224,            350,              14,        1, Alone      ,           2,         1, Undergraduate  ,       3
 74637.0,       0,        0,      73,      960,        64,             464,             146,                0,           16,                 1,               6,                   9,                 9,                 3,            0,            0,            0,            1,            0,        0,        0,  60,           407,           1650,              25,        0, Alone      ,           1,         0, Postgraduate   ,       2
 46015.0,       1,        1,      25,       38,         0,               2,               0,                0,            6,                 1,               1,                   0,                 3,                 7,            1,            0,            0,            0,            1,        0,        0,  59,            77,             46,               5,        2, Partner    ,           4,         1, Postgraduate   ,       1
 72354.0,       0,        0,      67,      315,        26,             473,             220,               12,          182,                 1,               2,                  10,                 6,                 1,            0,            0,            0,            0,            0,        0,        0,  21,           438,           1228,              19,        0, Alone      ,           1,         0, Graduate       ,       2
 39858.0,       1,        0,      67,       15,        20,              25,               2,                7,           26,                 1,               2,                   0,                 4,                 6,            0,            0,            0,            0,            0,        0,        1,  45,           521,             95,               7,        1, Alone      ,           2,         1, Postgraduate   ,       3
 34469.0,       1,        1,      58,       19,         6,              20,               0,                5,           12,                 3,               1,                   1,                 4,                 4,            0,            0,            0,            0,            0,        0,        0,  66,            56,             62,               9,        2, Partner    ,           4,         1, Postgraduate   ,       1
 83033.0,       1,        0,      82,      812,        99,             431,             237,              149,           33,                 1,              11,                   4,                10,                 5,            0,            0,            0,            1,            0,        0,        0,  28,            42,           1761,              26,        1, Partner    ,           3,         1, Graduate       ,       2
 24401.0,       0,        0,      98,       73,        28,             217,              10,               24,          115,                 3,               6,                   1,                 6,                 8,            0,            0,            0,            0,            0,        0,        0,  35,           667,            467,              16,        0, Partner    ,           2,         0, Postgraduate   ,       3
 77583.0,       0,        0,      93,      372,        23,             384,             250,               12,          108,                 1,               4,                   5,                 9,                 2,            0,            0,            0,            1,            0,        0,        0,  36,           139,           1149,              19,        0, Partner    ,           2,         0, Graduate       ,       2
 74116.0,       0,        0,      53,      871,       111,             704,             145,               55,          166,                 1,               4,                   4,                10,                 2,            0,            1,            0,            0,            0,        0,        0,  32,           181,           2052,              19,        0, Alone      ,           1,         0, Undergraduate  ,       2
 74293.0,       0,        0,      66,      375,       152,             335,              93,               91,           81,                 1,               5,                   4,                 6,                 2,            0,            0,            0,            0,            0,        0,        0,  21,            56,           1127,              16,        0, Alone      ,           1,         0, Graduate       ,       2
 68397.0,       0,        1,       6,      760,        80,             466,              17,               13,           80,                 1,               6,                   9,                 5,                 3,            0,            0,            0,            0,            0,        0,        0,  38,           224,           1416,              21,        1, Partner    ,           3,         1, Postgraduate   ,       2
 79632.0,       0,        0,      42,      471,         0,             510,              99,               21,           12,                 1,               6,                   4,                 9,                 2,            0,            0,            0,            0,            0,        0,        0,  40,            82,           1113,              20,        0, Partner    ,           2,         0, Postgraduate   ,       2
 46107.0,       1,        0,      78,       31,         9,              27,              16,                9,           33,                 1,               1,                   1,                 4,                 3,            0,            0,            0,            0,            0,        0,        0,  25,           139,            125,               7,        1, Alone      ,           2,         1, Graduate       ,       3
 64950.0,       0,        1,      29,      819,         0,              72,              12,                0,           63,                 2,              11,                   2,                10,                 7,            0,            1,            0,            0,            0,        0,        0,  63,           686,            966,              25,        1, Alone      ,           2,         1, Postgraduate   ,       0
 25443.0,       1,        0,      82,        1,         4,               3,               8,                9,            7,                 1,               1,                   0,                 3,                 8,            0,            0,            0,            0,            0,        0,        0,  25,           554,             32,               5,        1, Partner    ,           3,         1, Undergraduate  ,       3
 75127.0,       0,        0,      92,      203,        35,             305,              46,               17,          227,                 1,               2,                  11,                 5,                 1,            0,            0,            0,            0,            0,        0,        0,  62,            38,            833,              19,        0, Alone      ,           1,         0, Graduate       ,       2
 32892.0,       1,        0,      78,       26,         0,              15,               2,                1,            2,                 2,               3,                   0,                 3,                 8,            0,            0,            0,            0,            0,        0,        0,  43,            35,             46,               8,        1, Partner    ,           3,         1, Postgraduate   ,       1
 71796.0,       0,        0,      54,      354,        21,             311,             167,               75,           32,                 1,               9,                   3,                 4,                 4,            0,            0,            0,            0,            0,        0,        0,  43,           248,            960,              17,        0, Partner    ,           2,         0, Graduate       ,       2
 67536.0,       0,        1,      45,     1253,         0,             447,              23,               71,           35,                 3,              11,                   5,                11,                 8,            0,            0,            0,            1,            0,        0,        0,  44,           403,           1829,              30,        1, Partner    ,           3,         1, Postgraduate   ,       0
 55239.0,       0,        1,      59,      371,        17,             238,              23,               24,          106,                 3,               7,                   5,                11,                 5,            0,            0,            0,            0,            0,        0,        0,  43,           350,            779,              26,        1, Alone      ,           2,         1, Graduate       ,       0
 60554.0,       1,        0,       8,      588,         7,              76,             110,               15,           15,                 2,               8,                   4,                 9,                 6,            0,            0,            0,            0,            0,        0,        0,  39,           324,            811,              23,        1, Alone      ,           2,         1, Postgraduate   ,       2
 64831.0,       1,        1,      51,      480,        86,             249,              75,               86,          144,                 8,               6,                   3,                 5,                 6,            0,            0,            0,            0,            0,        0,        0,  62,           384,           1120,              22,        2, Alone      ,           3,         1, Undergraduate  ,       0
 56067.0,       0,        1,      51,      517,        12,              54,              16,                6,          120,                 2,               7,                   4,                 7,                 5,            0,            0,            0,            0,            0,        0,        0,  52,           344,            725,              20,        1, Partner    ,           3,         1, Postgraduate   ,       0
 82025.0,       0,        0,      76,      267,        98,             606,              48,               70,           98,                 1,               3,                   2,                 6,                 1,            0,            0,            1,            0,            0,        0,        1,  31,           397,           1187,              12,        0, Alone      ,           1,         0, Graduate       ,       2
 94384.0,       0,        0,      62,     1111,        24,             790,             160,               45,          172,                 0,               5,                   8,                 5,                 2,            0,            1,            1,            1,            0,        0,        1,  61,           482,           2302,              18,        0, Partner    ,           2,         0, Graduate       ,       2
 14906.0,       0,        0,      86,        7,         7,              14,               7,               16,           15,                 3,               2,                   1,                 3,                 7,            0,            0,            0,            0,            0,        0,        0,  28,           554,             66,               9,        0, Alone      ,           1,         0, Undergraduate  ,       3
 51563.0,       0,        0,      60,     1166,         0,              48,               0,                0,           36,                 1,               4,                   4,                10,                 8,            0,            1,            1,            0,            0,        0,        0,  27,           636,           1250,              19,        0, Partner    ,           2,         0, Postgraduate   ,       3
 57937.0,       0,        1,      56,      261,        42,             144,              55,               48,          133,                 3,               4,                   4,                 9,                 3,            0,            0,            0,            0,            0,        0,        0,  32,           133,            683,              20,        1, Partner    ,           3,         1, Undergraduate  ,       1
 68274.0,       1,        1,      83,      135,        25,              51,              23,               25,           46,                 2,               4,                   2,                 5,                 3,            0,            0,            0,            0,            0,        0,        0,  35,           272,            305,              13,        2, Alone      ,           3,         1, Graduate       ,       1
 39771.0,       1,        0,      92,        6,         2,              18,               2,                8,           14,                 1,               2,                   0,                 3,                 4,            0,            0,            0,            0,            0,        0,        0,  37,           205,             50,               6,        1, Partner    ,           3,         1, Graduate       ,       1
 67893.0,       0,        1,      31,      711,        28,             142,              49,               18,           47,                 2,               3,                   2,                 9,                 8,            0,            0,            0,            0,            0,        0,        0,  39,           636,            995,              16,        1, Alone      ,           2,         1, Undergraduate  ,       3
 27922.0,       1,        0,      80,       11,         0,              13,               2,                4,           11,                 1,               2,                   0,                 3,                 4,            0,            0,            0,            0,            0,        0,        0,  35,            50,             41,               6,        1, Partner    ,           3,         1, Postgraduate   ,       1
 52190.0,       1,        1,      39,       42,         0,              17,               0,                0,           18,                 3,               2,                   1,                 3,                 5,            1,            0,            0,            0,            0,        0,        0,  38,            52,             77,               9,        2, Partner    ,           4,         1, Postgraduate   ,       1
 44051.0,       1,        1,      20,       79,         7,              58,               6,                3,           18,                 4,               3,                   1,                 4,                 6,            0,            0,            0,            0,            0,        0,        1,  41,           516,            171,              12,        2, Alone      ,           3,         1, Postgraduate   ,       3
 42767.0,       2,        0,      53,       20,         6,              43,              19,                5,           38,                 1,               3,                   1,                 2,                 8,            0,            0,            0,            0,            0,        0,        0,  43,           414,            131,               7,        2, Alone      ,           3,         1, Postgraduate   ,       3
 46106.0,       1,        1,      84,       30,         0,               8,               2,                0,           14,                 1,               1,                   1,                 2,                 6,            0,            0,            0,            0,            0,        0,        0,  38,            49,             54,               5,        2, Partner    ,           4,         1, Postgraduate   ,       1
 16927.0,       1,        1,      50,       20,         2,              23,               3,                1,            4,                 5,               3,                   0,                 4,                 8,            0,            0,            0,            0,            0,        0,        0,  38,           504,             53,              12,        2, Partner    ,           4,         1, Postgraduate   ,       1
 59754.0,       0,        1,      96,      115,        27,              44,               4,              146,          139,                 3,               5,                   2,                 6,                 5,            0,            0,            0,            0,            0,        0,        1,  49,           575,            475,              16,        1, Partner    ,           3,         1, Graduate       ,       0
 53700.0,       0,        1,      94,      263,         5,             233,              69,               41,           83,                 4,               5,                   5,                 8,                 5,            0,            0,            0,            0,            0,        0,        0,  62,           681,            694,              22,        1, Alone      ,           2,         1, Graduate       ,       0
 59041.0,       1,        1,      25,       69,         2,              15,               2,                2,            6,                 2,               2,                   0,                 4,                 5,            0,            0,            0,            0,            0,        0,        0,  41,            53,             96,               8,        2, Partner    ,           4,         1, Graduate       ,       1
 54237.0,       0,        1,      48,      267,         3,              30,               4,                0,           57,                 4,               5,                   2,                 5,                 6,            0,            0,            0,            0,            0,        0,        0,  57,           428,            361,              16,        1, Alone      ,           2,         1, Postgraduate   ,       0
 70647.0,       0,        1,      65,      561,        85,             171,              25,              123,          114,                 2,               4,                   7,                13,                 2,            0,            0,            0,            0,            0,        0,        0,  47,           646,           1079,              26,        1, Alone      ,           2,         1, Graduate       ,       2
 52597.0,       0,        1,      69,      492,         0,              37,               7,                0,           42,                 3,               6,                   3,                 8,                 5,            0,            0,            0,            0,            0,        0,        0,  52,            53,            578,              20,        1, Alone      ,           2,         1, Postgraduate   ,       2
 41021.0,       1,        0,      12,       14,         7,               9,               6,               16,           12,                 2,               2,                   0,                 3,                 6,            0,            0,            0,            0,            0,        0,        1,  45,           546,             64,               7,        1, Partner    ,           3,         1, Postgraduate   ,       1
 40233.0,       0,        1,      84,       80,         4,              46,               0,               17,            2,                 5,               2,                   1,                 5,                 6,            0,            0,            0,            0,            0,        0,        0,  39,           258,            149,              13,        1, Partner    ,           3,         1, Postgraduate   ,       1
 50183.0,       1,        1,      47,       97,        12,              84,              13,               10,           15,                 7,               3,                   1,                 6,                 5,            0,            0,            0,            0,            0,        0,        0,  34,             4,            231,              17,        2, Partner    ,           4,         1, Graduate       ,       1
 54753.0,       0,        1,      87,      197,       107,             227,               7,               59,          131,                 3,               5,                   2,                11,                 4,            0,            0,            0,            0,            0,        0,        0,  55,           290,            728,              21,        1, Partner    ,           3,         1, Graduate       ,       0
 92955.0,       0,        0,      35,      693,        21,             925,              31,               24,           84,                 1,               6,                   7,                 9,                 2,            0,            0,            1,            1,            0,        0,        1,  41,           314,           1778,              23,        0, Partner    ,           2,         0, Graduate       ,       2
 33471.0,       1,        0,      47,       43,         2,              27,               0,                9,           12,                 3,               3,                   0,                 4,                 7,            0,            0,            0,            0,            0,        0,        0,  41,           625,             93,              10,        1, Partner    ,           3,         1, Graduate       ,       3
 34596.0,       1,        0,      48,       14,         0,               2,               0,                0,            7,                 1,               1,                   0,                 2,                 8,            0,            0,            0,            0,            0,        0,        1,  40,           442,             23,               4,        1, Partner    ,           3,         1, Postgraduate   ,       1
 44010.0,       1,        0,      46,      186,        36,             234,              86,               72,           48,                 6,              10,                   2,                 6,                 9,            0,            0,            0,            0,            0,        0,        0,  34,           624,            662,              24,        1, Partner    ,           3,         1, Graduate       ,       0
 84219.0,       0,        0,      27,      434,       137,             400,              45,              137,           45,                 1,               3,                   4,                10,                 1,            0,            0,            0,            0,            0,        0,        0,  26,           147,           1198,              18,        0, Partner    ,           2,         0, Graduate       ,       2
 40706.0,       2,        1,      37,       59,         0,              11,               4,                2,            5,                 4,               3,                   0,                 4,                 7,            0,            0,            0,            0,            0,        0,        0,  46,           528,             81,              11,        3, Partner    ,           5,         1, Postgraduate   ,       1
 15716.0,       1,        0,       8,       16,         5,              30,               8,                7,           26,                 3,               3,                   0,                 4,                 8,            0,            0,            0,            0,            0,        1,        0,  26,           594,             92,              10,        1, Partner    ,           3,         1, Undergraduate  ,       3
 59052.0,       0,        1,      29,      230,        35,              75,              63,               57,           31,                 3,               7,                   1,                 7,                 5,            0,            0,            0,            0,            0,        0,        0,  55,           224,            491,              18,        1, Alone      ,           2,         1, Undergraduate  ,       3
 80573.0,       0,        0,      85,      829,       138,             430,              60,               92,           15,                 1,               4,                   6,                13,                 2,            0,            0,            0,            0,            0,        0,        0,  43,           623,           1564,              24,        0, Partner    ,           2,         0, Postgraduate   ,       2
 83715.0,       0,        0,       2,      318,         8,             407,             150,               35,            8,                 1,               2,                   8,                13,                 0,            0,            0,            0,            0,            0,        0,        0,  52,           146,            926,              24,        0, Partner    ,           2,         0, Graduate       ,       2
 82576.0,       0,        0,      66,     1206,        55,             445,             168,               18,           18,                 1,               2,                   4,                12,                 1,            0,            0,            1,            0,            0,        0,        0,  55,           697,           1910,              19,        0, Partner    ,           2,         0, Postgraduate   ,       2
 56962.0,       2,        1,      60,      292,         3,              77,              10,                3,           26,                 7,               6,                   3,                 5,                 7,            0,            0,            0,            0,            0,        0,        0,  49,           261,            411,              21,        3, Partner    ,           5,         1, Postgraduate   ,       0
 35704.0,       1,        1,      54,       30,         9,              12,               2,               11,           30,                 3,               2,                   0,                 4,                 4,            0,            0,            0,            0,            0,        0,        0,  62,           177,             94,               9,        2, Partner    ,           4,         1, Graduate       ,       1
 53103.0,       0,        1,      70,      729,        17,             133,              11,                0,          195,                 5,              10,                   6,                 7,                 7,            1,            0,            0,            0,            0,        0,        0,  60,           290,           1085,              28,        1, Partner    ,           3,         1, Graduate       ,       0
 46779.0,       1,        1,      55,       12,         1,               3,               0,                0,            7,                 1,               0,                   1,                 2,                 4,            0,            0,            0,            0,            0,        0,        0,  54,           352,             23,               4,        2, Alone      ,           3,         1, Undergraduate  ,       1
  4861.0,       0,        0,      20,        2,         1,               1,               1,                0,            1,                 0,               0,                   0,                 0,                14,            0,            0,            0,            0,            0,        0,        0,  49,             7,              6,               0,        0, Alone      ,           1,         0, Graduate       ,       3
 33462.0,       1,        0,      78,       22,         3,              18,               0,                0,           11,                 1,               2,                   0,                 3,                 7,            0,            0,            0,            0,            0,        0,        0,  35,           326,             54,               6,        1, Alone      ,           2,         1, Postgraduate   ,       3
 63693.0,       0,        1,      63,      587,        43,             337,              42,               87,           54,                 3,              11,                   6,                 9,                 6,            0,            0,            0,            0,            0,        0,        0,  36,           258,           1150,              29,        1, Alone      ,           2,         1, Graduate       ,       2
 80763.0,       0,        0,      17,      674,       168,             108,             192,               42,          231,                 1,               5,                  11,                 6,                 3,            0,            0,            1,            1,            0,        0,        1,  64,           318,           1415,              23,        0, Partner    ,           2,         0, Graduate       ,       2
 65352.0,       0,        1,      43,      284,         3,              84,               4,                7,           23,                 2,               4,                   2,                 8,                 4,            0,            0,            0,            0,            0,        0,        0,  40,           312,            405,              16,        1, Partner    ,           3,         1, Postgraduate   ,       1
 82170.0,       0,        0,      13,     1023,        93,             651,              49,               55,           37,                 1,               5,                   6,                 7,                 2,            0,            0,            0,            0,            0,        0,        0,  36,           216,           1908,              19,        0, Partner    ,           2,         0, Postgraduate   ,       2
 75759.0,       0,        0,      46,     1394,        22,             708,              89,               91,          182,                 1,               9,                   7,                 9,                 5,            1,            0,            1,            1,            0,        0,        1,  45,           247,           2486,              26,        0, Partner    ,           2,         0, Graduate       ,       2
 79689.0,       0,        0,      65,      311,        26,             640,             180,               37,          121,                 1,               4,                   9,                13,                 2,            0,            0,            0,            0,            0,        0,        0,  38,           413,           1315,              27,        0, Alone      ,           1,         0, Undergraduate  ,       2
 35340.0,       1,        1,       1,       27,         0,              12,               0,                1,            5,                 2,               2,                   0,                 3,                 5,            0,            0,            0,            0,            0,        0,        0,  58,             0,             45,               7,        2, Alone      ,           3,         1, Postgraduate   ,       1
 85683.0,       0,        0,       6,     1296,        17,             311,              45,               69,           51,                 1,               2,                   4,                10,                 1,            0,            1,            1,            1,            1,        0,        1,  60,           100,           1789,              17,        0, Alone      ,           1,         0, Graduate       ,       2
 24884.0,       1,        0,      32,        3,         6,               7,               0,                0,            3,                 1,               0,                   0,                 3,                 7,            0,            0,            0,            0,            0,        0,        0,  42,           577,             19,               4,        1, Partner    ,           3,         1, Undergraduate  ,       3
 42021.0,       1,        0,      34,      393,         5,             136,               7,                5,           27,                 5,              10,                   1,                 6,                 9,            1,            0,            0,            0,            0,        0,        0,  33,           667,            573,              22,        1, Partner    ,           3,         1, Postgraduate   ,       0
 64449.0,       1,        0,      70,      218,        63,             282,             137,               35,           70,                 4,               5,                   3,                12,                 4,            0,            0,            0,            0,            0,        0,        0,  25,           131,            805,              24,        1, Alone      ,           2,         1, Graduate       ,       2
 64587.0,       1,        1,      49,       66,         0,              16,               0,                6,           20,                 2,               1,                   1,                 4,                 3,            0,            0,            0,            0,            0,        0,        0,  60,             7,            108,               8,        2, Alone      ,           3,         1, Graduate       ,       1
 34824.0,       0,        0,      65,        4,         2,              11,               2,                0,            4,                 1,               1,                   0,                 2,                 6,            0,            0,            0,            0,            0,        0,        0,  19,            95,             23,               4,        0, Alone      ,           1,         0, Graduate       ,       3
 75437.0,       0,        0,      25,      795,         0,             545,              95,               58,            0,                 1,               8,                   4,                10,                 6,            0,            0,            0,            1,            0,        0,        0,  36,           232,           1493,              23,        0, Partner    ,           2,         0, Graduate       ,       2
 26091.0,       1,        1,      84,       15,        10,              19,               8,               17,           20,                 3,               2,                   1,                 3,                 5,            0,            0,            0,            0,            0,        0,        0,  57,           124,             89,               9,        2, Partner    ,           4,         1, Graduate       ,       1
 52845.0,       1,        0,       7,      384,        25,             292,             130,               41,           64,                 3,               8,                   8,                 6,                 6,            1,            0,            0,            0,            0,        0,        0,  41,           320,            936,              25,        1, Partner    ,           3,         1, Graduate       ,       0
 46086.0,       0,        1,      34,      244,         8,              32,               7,                2,           50,                 4,               3,                   1,                 8,                 4,            0,            0,            0,            0,            0,        0,        0,  58,           238,            343,              16,        1, Alone      ,           2,         1, Graduate       ,       0
 78028.0,       0,        1,      38,      158,        19,             288,              25,                0,           38,                 1,               6,                   4,                 9,                 7,            0,            1,            1,            0,            0,        0,        1,  58,           657,            528,              20,        1, Alone      ,           2,         1, Postgraduate   ,       0
 95169.0,       0,        0,       1,     1285,        21,             449,             106,               20,           20,                 1,               4,                   3,                 4,                 1,            0,            0,            1,            1,            0,        0,        1,  27,           263,           1901,              12,        0, Alone      ,           1,         0, Postgraduate   ,       2
 56337.0,       1,        1,      25,      349,        16,             144,              28,                5,          182,                 5,               8,                   5,                 4,                 8,            1,            0,            0,            1,            0,        0,        1,  33,           459,            724,              22,        2, Partner    ,           4,         1, Undergraduate  ,       0
 22434.0,       1,        0,      25,        4,        12,              11,               3,               13,           15,                 2,               2,                   0,                 3,                 8,            0,            0,            0,            0,            0,        0,        0,  27,           501,             58,               7,        1, Partner    ,           3,         1, Graduate       ,       3
 36930.0,       0,        1,      50,      223,         2,              31,               0,                2,           39,                 5,               5,                   2,                 4,                 8,            0,            0,            0,            0,            0,        0,        0,  60,           408,            297,              16,        1, Partner    ,           3,         1, Postgraduate   ,       0
 36130.0,       0,        1,      46,      157,        43,             127,              68,               56,           37,                 6,               3,                   8,                 4,                 4,            1,            0,            0,            0,            0,        0,        1,  60,           512,            488,              21,        1, Alone      ,           2,         1, Graduate       ,       0
 65569.0,       0,        1,      96,      397,        46,             288,              20,               38,           70,                 2,               6,                   5,                10,                 3,            0,            0,            0,            0,            0,        0,        0,  61,           601,            859,              23,        1, Partner    ,           3,         1, Postgraduate   ,       0
 83844.0,       0,        0,      57,      901,        31,             345,              75,               31,          191,                 1,               4,                   4,                11,                 1,            0,            0,            1,            0,            0,        0,        0,  62,           413,           1574,              20,        0, Partner    ,           2,         0, Graduate       ,       2
 19514.0,       1,        1,      47,       14,         3,              21,               2,                1,           28,                 4,               3,                   1,                 2,                 8,            1,            0,            0,            0,            0,        0,        0,  46,           154,             69,              10,        2, Partner    ,           4,         1, Graduate       ,       1
 36736.0,       1,        1,      52,       10,         0,               3,               0,                0,            4,                 1,               1,                   0,                 2,                 6,            0,            0,            0,            0,            0,        0,        0,  51,           415,             17,               4,        2, Alone      ,           3,         1, Postgraduate   ,       3
 77568.0,       0,        1,      30,     1230,         0,             396,             232,              178,          158,                 1,              10,                   2,                 8,                 5,            0,            1,            1,            1,            0,        0,        0,  35,           673,           2194,              21,        1, Partner    ,           3,         1, Graduate       ,       2
 49187.0,       0,        1,      63,       81,         1,              31,               2,                1,            0,                 1,               1,                   1,                 5,                 2,            0,            0,            0,            0,            0,        0,        0,  38,           169,            116,               8,        1, Partner    ,           3,         1, Postgraduate   ,       1
 30168.0,       1,        0,      51,      154,        20,              66,               0,               12,           27,                 7,               6,                   1,                 4,                 9,            0,            0,            0,            0,            0,        0,        0,  36,           479,            279,              18,        1, Alone      ,           2,         1, Graduate       ,       3
 34053.0,       0,        1,      14,       63,         0,              21,               7,                0,           12,                 1,               3,                   0,                 3,                 8,            0,            0,            0,            0,            0,        0,        0,  46,           657,            103,               7,        1, Partner    ,           3,         1, Postgraduate   ,       3
 38196.0,       1,        1,      20,       30,         0,              11,               0,                0,            3,                 3,               2,                   0,                 4,                 5,            0,            0,            0,            0,            0,        0,        0,  43,            72,             44,               9,        2, Partner    ,           4,         1, Postgraduate   ,       1
 59412.0,       0,        0,      56,       90,        67,             165,              30,               43,           11,                 1,               4,                   2,                 8,                 3,            0,            0,            0,            0,            0,        0,        0,  63,            71,            406,              15,        0, Partner    ,           2,         0, Postgraduate   ,       2
 70924.0,       0,        0,      41,      635,       114,             254,             132,              152,           76,                 1,               6,                   6,                 7,                 3,            0,            0,            1,            0,            0,        0,        0,  49,            83,           1363,              20,        0, Partner    ,           2,         0, Undergraduate  ,       2
 54165.0,       0,        0,      72,      127,         4,              73,              15,                6,           11,                 1,               2,                   1,                 7,                 2,            0,            0,            0,            0,            0,        0,        0,  45,           397,            236,              11,        0, Partner    ,           2,         0, Graduate       ,       2
 32300.0,       1,        0,       1,       13,         3,               6,               6,                5,            6,                 1,               1,                   0,                 3,                 8,            0,            0,            0,            0,            0,        0,        0,  41,           542,             39,               5,        1, Partner    ,           3,         1, Graduate       ,       3
 20180.0,       0,        0,      27,       18,        42,              24,              15,               20,           18,                 1,               2,                   1,                 4,                 7,            0,            0,            0,            0,            0,        0,        0,  38,           494,            137,               8,        0, Alone      ,           1,         0, Graduate       ,       3
 34961.0,       1,        0,      77,       45,         2,              26,               4,                1,            1,                 3,               3,                   1,                 3,                 7,            0,            0,            0,            0,            0,        0,        0,  41,            10,             79,              10,        1, Partner    ,           3,         1, Graduate       ,       1
 28440.0,       1,        0,      87,       38,         1,              24,               0,                0,            0,                 1,               2,                   0,                 3,                 8,            0,            0,            0,            0,            0,        0,        0,  40,           357,             63,               6,        1, Partner    ,           3,         1, Postgraduate   ,       1
 64504.0,       1,        2,      81,      986,        36,             168,              16,                0,          108,                 7,              11,                   3,                 4,                 7,            0,            0,            0,            0,            0,        0,        1,  61,           482,           1314,              25,        3, Partner    ,           5,         1, Postgraduate   ,       0
 33564.0,       0,        1,      51,       61,         0,               3,               0,                0,            7,                 1,               1,                   1,                 3,                 5,            0,            0,            0,            0,            0,        0,        0,  48,             5,             71,               6,        1, Partner    ,           3,         1, Postgraduate   ,       1
 17345.0,       1,        0,      79,        4,         9,              16,              17,                0,           12,                 2,               2,                   1,                 2,                 8,            0,            0,            0,            0,            0,        0,        0,  36,           603,             58,               7,        1, Partner    ,           3,         1, Graduate       ,       3
 56320.0,       0,        1,      11,      201,        53,             172,             116,               77,           83,                 3,               5,                   4,                 9,                 4,            0,            0,            0,            0,            0,        0,        0,  47,           447,            702,              21,        1, Partner    ,           3,         1, Postgraduate   ,       0
 28647.0,       1,        0,      54,       19,         8,              29,               0,               12,           26,                 1,               2,                   2,                 2,                 7,            1,            0,            0,            0,            0,        0,        1,  36,           312,             94,               7,        1, Alone      ,           2,         1, Graduate       ,       3
 15038.0,       1,        0,      93,        4,         8,              11,              19,               12,           26,                 2,               2,                   1,                 2,                 9,            0,            0,            0,            0,            0,        0,        0,  27,           516,             80,               7,        1, Alone      ,           2,         1, Undergraduate  ,       3
 32173.0,       0,        1,       0,       18,         0,               2,               0,                0,            2,                 1,               1,                   0,                 3,                 4,            0,            0,            0,            0,            0,        0,        0,  56,           332,             22,               5,        1, Alone      ,           2,         1, Postgraduate   ,       3
 68316.0,       0,        1,      54,      806,        80,             161,             120,               11,           33,                 5,              10,                   7,                10,                 6,            0,            0,            0,            0,            0,        0,        0,  50,           602,           1211,              32,        1, Partner    ,           3,         1, Undergraduate  ,       0
 74538.0,       0,        0,      21,      380,        98,             733,             110,              112,           28,                 1,               8,                   8,                 5,                 3,            0,            0,            1,            0,            0,        0,        1,  43,           365,           1461,              22,        0, Partner    ,           2,         0, Graduate       ,       2
 91700.0,       0,        0,      58,      576,       172,             961,             125,              115,           19,                 1,               8,                   6,                 5,                 3,            0,            0,            0,            0,            0,        0,        1,  43,           528,           1968,              20,        0, Alone      ,           1,         0, Graduate       ,       2
 68695.0,       0,        0,       3,      458,        81,             356,             106,               50,           40,                 1,               4,                   4,                 7,                 2,            0,            0,            0,            0,            0,        0,        0,  45,             4,           1091,              16,        0, Partner    ,           2,         0, Graduate       ,       2
 31056.0,       1,        0,      99,        5,        10,              13,               3,                8,           16,                 1,               1,                   0,                 3,                 8,            0,            0,            0,            0,            0,        0,        0,  37,           523,             55,               5,        1, Partner    ,           3,         1, Undergraduate  ,       3
 79593.0,       0,        0,      70,      350,        60,             568,             110,              133,          145,                 1,               5,                   6,                 7,                 2,            0,            0,            1,            0,            0,        0,        0,  41,            48,           1366,              19,        0, Partner    ,           2,         0, Graduate       ,       2
 28071.0,       0,        0,      65,       39,        33,             130,              41,               26,           44,                 2,               5,                   1,                 5,                 8,            0,            0,            0,            0,            0,        0,        0,  34,           669,            313,              13,        0, Alone      ,           1,         0, Graduate       ,       3
 37334.0,       1,        1,      44,       26,         1,              16,               2,                2,           15,                 4,               3,                   0,                 4,                 4,            0,            0,            0,            0,            0,        0,        0,  56,           123,             62,              11,        2, Partner    ,           4,         1, Postgraduate   ,       1
 46423.0,       1,        1,       6,       68,         0,              16,               0,                0,            8,                 3,               2,                   0,                 4,                 7,            0,            0,            0,            0,            0,        0,        0,  42,           284,             92,               9,        2, Alone      ,           3,         1, Postgraduate   ,       3
 37126.0,       1,        0,       9,       45,         3,               9,               4,                4,            7,                 1,               1,                   2,                 2,                 6,            1,            0,            0,            0,            0,        0,        1,  43,            91,             72,               6,        1, Partner    ,           3,         1, Postgraduate   ,       1
 47703.0,       0,        1,      95,      359,         0,             134,              13,               26,          123,                 4,               6,                   3,                 8,                 5,            0,            0,            0,            0,            0,        0,        0,  61,           396,            655,              21,        1, Partner    ,           3,         1, Graduate       ,       0
 61180.0,       0,        1,      70,      403,        24,              29,               6,               24,          218,                 2,               5,                   5,                 6,                 3,            1,            0,            0,            0,            0,        0,        0,  55,            67,            704,              18,        1, Partner    ,           3,         1, Graduate       ,       1
 38998.0,       1,        1,      92,       34,         1,              14,               0,                0,            5,                 3,               2,                   0,                 3,                 8,            0,            0,            0,            0,            0,        1,        0,  60,           603,             54,               8,        2, Partner    ,           4,         1, Graduate       ,       1
  8028.0,       0,        0,      62,       73,        18,              66,               7,               12,            2,                15,               0,                   1,                 0,                19,            0,            0,            0,            0,            0,        0,        0,  23,           649,            178,              16,        0, Alone      ,           1,         0, Graduate       ,       3
 76081.0,       0,        0,      85,      292,        30,             415,              63,               33,          200,                 1,               4,                   5,                 4,                 2,            0,            0,            0,            1,            0,        0,        0,  52,            37,           1033,              14,        0, Partner    ,           2,         0, Graduate       ,       2
 34728.0,       1,        0,       2,       14,         0,              16,               0,                0,            6,                 1,               1,                   1,                 2,                 6,            0,            0,            0,            0,            0,        0,        1,  28,           334,             36,               5,        1, Partner    ,           3,         1, Graduate       ,       1
 33168.0,       0,        1,       0,       80,         1,              37,               0,                1,            3,                 3,               2,                   1,                 4,                 7,            0,            0,            0,            0,            0,        0,        0,  49,           624,            122,              10,        1, Alone      ,           2,         1, Postgraduate   ,       3
 33585.0,       0,        1,      91,       30,        11,              33,              13,                6,           29,                 1,               2,                   0,                 4,                 4,            0,            0,            0,            0,            0,        0,        0,  48,           277,            122,               7,        1, Partner    ,           3,         1, Postgraduate   ,       1
 77037.0,       0,        1,       3,      463,        96,             333,             168,               53,           10,                 1,               7,                   7,                12,                 3,            0,            0,            0,            0,            0,        0,        0,  54,           259,           1123,              27,        1, Partner    ,           3,         1, Postgraduate   ,       2
 35196.0,       1,        0,      68,       75,        12,             141,              43,               39,          187,                 6,               6,                   1,                 5,                 8,            0,            0,            0,            0,            0,        0,        1,  30,           593,            497,              18,        1, Partner    ,           3,         1, Graduate       ,       0
 44529.0,       0,        1,      98,      538,        13,              91,              17,                6,           26,                 6,               6,                   2,                11,                 5,            0,            1,            0,            0,            0,        0,        0,  48,           359,            691,              25,        1, Partner    ,           3,         1, Graduate       ,       0
 70924.0,       0,        0,      41,      635,       114,             254,             132,              152,           76,                 1,               6,                   6,                 7,                 3,            0,            0,            1,            0,            0,        0,        0,  49,            83,           1363,              20,        0, Partner    ,           2,         0, Undergraduate  ,       2
 28764.0,       1,        1,      16,        8,         0,               3,               0,                0,            1,                 1,               1,                   0,                 2,                 8,            1,            0,            0,            0,            0,        0,        0,  48,            24,             12,               4,        2, Partner    ,           4,         1, Postgraduate   ,       1
 69098.0,       0,        0,      82,     1315,        22,             780,             145,                0,          178,                 1,               7,                   8,                 9,                 5,            0,            0,            0,            0,            0,        0,        0,  65,           498,           2440,              25,        0, Partner    ,           2,         0, Postgraduate   ,       2
 25959.0,       1,        1,       1,        4,         2,              12,               7,                5,           26,                 2,               1,                   2,                 2,                 6,            0,            0,            0,            0,            0,        0,        1,  44,           500,             56,               7,        2, Alone      ,           3,         1, Undergraduate  ,       3
 27100.0,       1,        0,      64,       12,         0,              13,               2,                0,           10,                 1,               1,                   0,                 3,                 7,            0,            0,            0,            0,            0,        0,        0,  31,           450,             37,               5,        1, Partner    ,           3,         1, Postgraduate   ,       3
 70596.0,       0,        0,      68,      347,        44,             534,              17,                0,           26,                 1,               3,                   5,                12,                 2,            0,            0,            0,            0,            0,        0,        0,  29,           632,            968,              21,        0, Alone      ,           1,         0, Graduate       ,       2
 42557.0,       0,        1,      98,      192,         5,              53,               0,                5,           15,                 4,               6,                   1,                 4,                 8,            0,            0,            0,            0,            0,        0,        0,  40,           669,            270,              15,        1, Partner    ,           3,         1, Graduate       ,       0
 53312.0,       0,        0,      32,      241,         0,              12,               0,                0,           25,                 1,               5,                   1,                 5,                 7,            0,            0,            0,            0,            0,        0,        0,  63,           324,            278,              12,        0, Partner    ,           2,         0, Postgraduate   ,       3
 72228.0,       0,        0,      87,      631,        28,             491,              30,               14,           56,                 1,               6,                   7,                 8,                 3,            0,            0,            0,            0,            0,        0,        0,  62,           579,           1250,              22,        0, Alone      ,           1,         0, Graduate       ,       2
 67605.0,       0,        0,      84,      336,        28,             282,             184,               54,           54,                 1,               2,                   8,                 6,                 1,            0,            0,            0,            0,            0,        0,        0,  27,           455,            938,              17,        0, Partner    ,           2,         0, Graduate       ,       2
 62845.0,       1,        1,       3,     1099,         0,              45,               0,                0,           34,                11,               3,                   4,                10,                 8,            0,            1,            0,            0,            0,        0,        0,  65,           636,           1178,              28,        2, Partner    ,           4,         1, Postgraduate   ,       0
 65196.0,       0,        2,      34,      743,        19,             181,              12,                0,          200,                 2,               7,                   6,                11,                 5,            1,            0,            0,            0,            0,        0,        0,  56,           339,           1155,              26,        2, Partner    ,           4,         1, Graduate       ,       0
 42000.0,       0,        0,      23,      124,        83,             267,              85,               59,           35,                 2,               5,                   2,                11,                 5,            0,            0,            0,            0,            0,        0,        1,  27,           535,            653,              20,        0, Alone      ,           1,         0, Postgraduate   ,       3
 35860.0,       1,        1,      37,       15,         0,               8,               4,                2,           20,                 2,               1,                   1,                 2,                 5,            1,            0,            0,            0,            0,        0,        0,  41,            41,             49,               6,        2, Alone      ,           3,         1, Postgraduate   ,       1
 65526.0,       0,        1,      22,      397,        19,              69,              12,                0,            9,                 1,               4,                   4,                 8,                 2,            0,            0,            0,            0,            0,        0,        0,  50,            79,            506,              17,        1, Partner    ,           3,         1, Postgraduate   ,       1
 16860.0,       1,        1,      19,       10,         4,               4,               3,                3,           14,                 3,               1,                   1,                 3,                 7,            0,            0,            0,            0,            0,        0,        0,  53,           655,             38,               8,        2, Partner    ,           4,         1, Graduate       ,       1
 83528.0,       0,        0,       7,      530,       117,             678,             134,               44,          147,                 1,               4,                  10,                 8,                 1,            1,            0,            0,            1,            0,        0,        1,  22,            59,           1650,              23,        0, Alone      ,           1,         0, Graduate       ,       2
 64176.0,       0,        1,      52,     1215,        33,             249,              64,              116,          149,                 8,               8,                   9,                 8,                 6,            0,            0,            0,            0,            0,        0,        0,  49,           695,           1826,              33,        1, Alone      ,           2,         1, Undergraduate  ,       0
 22304.0,       0,        0,      91,        3,         2,               7,               0,                4,            2,                 1,               1,                   0,                 2,                 8,            0,            0,            0,            0,            0,        0,        0,  58,           694,             18,               4,        0, Alone      ,           1,         0, Graduate       ,       3
 67023.0,       0,        0,      93,      444,        44,             382,              11,                8,           17,                 1,               3,                   7,                13,                 2,            0,            0,            0,            0,            0,        1,        0,  36,           117,            906,              24,        0, Partner    ,           2,         0, Graduate       ,       2
 32892.0,       1,        0,      78,       26,         0,              15,               2,                1,            2,                 2,               3,                   0,                 3,                 8,            0,            0,            0,            0,            0,        0,        0,  43,            35,             46,               8,        1, Partner    ,           3,         1, Postgraduate   ,       1
 70713.0,       0,        1,      23,      736,       114,             279,              82,               76,          190,                 6,               5,                   6,                 8,                 3,            0,            0,            0,            0,            0,        0,        0,  48,           573,           1477,              25,        1, Partner    ,           3,         1, Graduate       ,       0
 59925.0,       0,        1,      83,      473,        21,             176,              19,               21,           56,                 3,               9,                   2,                 9,                 6,            0,            0,            0,            0,            0,        0,        0,  59,           576,            766,              23,        1, Partner    ,           3,         1, Graduate       ,       0
 39722.0,       0,        1,      92,       32,         0,               5,               2,                0,            8,                 2,               2,                   0,                 3,                 5,            0,            0,            0,            0,            0,        0,        0,  61,           125,             47,               7,        1, Partner    ,           3,         1, Graduate       ,       1
 46610.0,       0,        0,       4,      288,        10,              30,               4,               10,          125,                 1,               6,                   1,                 6,                 6,            0,            0,            0,            0,            0,        0,        0,  56,           346,            467,              14,        0, Partner    ,           2,         0, Graduate       ,       3
 88347.0,       0,        0,      32,     1050,       178,             555,              77,              138,          118,                 1,               4,                   7,                 9,                 1,            0,            0,            0,            1,            0,        0,        0,  53,           361,           2116,              21,        0, Partner    ,           2,         0, Graduate       ,       2
 87171.0,       0,        0,      27,     1001,        44,             107,              58,               44,           44,                 1,               6,                   7,                11,                 2,            1,            0,            1,            0,            0,        0,        0,  33,           424,           1298,              25,        0, Partner    ,           2,         0, Postgraduate   ,       2
 26907.0,       1,        1,      10,        9,         1,               7,               0,                3,            2,                 2,               1,                   0,                 3,                 7,            0,            0,            0,            0,            0,        0,        0,  38,           313,             22,               6,        2, Partner    ,           4,         1, Undergraduate  ,       1
 50014.0,       1,        0,       9,      234,        14,              77,              19,               10,           42,                 2,               4,                   1,                 8,                 5,            0,            0,            0,            0,            0,        0,        0,  46,           158,            396,              15,        1, Alone      ,           2,         1, Postgraduate   ,       3
 41014.0,       1,        0,      65,        7,         2,               6,               2,                0,            3,                 1,               1,                   0,                 2,                 7,            0,            0,            0,            0,            0,        0,        0,  36,           433,             20,               4,        1, Partner    ,           3,         1, Postgraduate   ,       1
 66294.0,       0,        0,      68,      251,       108,             334,              65,               92,          117,                 1,               4,                   3,                 5,                 2,            0,            0,            0,            0,            0,        0,        0,  49,           104,            967,              13,        0, Alone      ,           1,         0, Graduate       ,       2
 36715.0,       1,        0,      16,      172,        10,             125,              21,               13,           16,                 6,               7,                   2,                 4,                 9,            0,            0,            0,            0,            0,        0,        1,  43,           589,            357,              19,        1, Partner    ,           3,         1, Graduate       ,       0
 79456.0,       0,        0,      12,      565,        42,             548,              64,               83,           99,                 1,               5,                   6,                 4,                 3,            0,            0,            0,            0,            0,        0,        1,  58,           676,           1401,              16,        0, Partner    ,           2,         0, Graduate       ,       2
 40479.0,       1,        0,      95,        5,         0,               8,               2,                0,            0,                 1,               0,                   0,                 3,                 4,            0,            0,            0,            0,            0,        0,        0,  32,           316,             15,               4,        1, Partner    ,           3,         1, Graduate       ,       1
 75345.0,       0,        0,      16,      918,        57,             842,              99,               38,          133,                 1,               5,                   8,                 6,                 3,            0,            0,            0,            1,            0,        0,        1,  44,           512,           2087,              20,        0, Alone      ,           1,         0, Postgraduate   ,       2
 54233.0,       0,        1,      46,      652,         8,             158,              21,                0,          142,                 4,              11,                   6,                 5,                 8,            0,            0,            0,            0,            0,        0,        0,  37,           510,            981,              26,        1, Partner    ,           3,         1, Graduate       ,       0
 24163.0,       1,        1,       3,        4,         1,               7,               2,                1,            2,                 2,               1,                   0,                 3,                 4,            0,            0,            0,            0,            0,        0,        0,  44,           260,             17,               6,        2, Alone      ,           3,         1, Graduate       ,       1
 84460.0,       0,        0,      80,      152,        27,             103,             106,               54,           81,                 0,               9,                   9,                 4,                 5,            0,            1,            1,            1,            1,        0,        1,  56,           541,            523,              22,        0, Partner    ,           2,         0, Postgraduate   ,       2
 43776.0,       1,        0,      77,        8,         0,               9,               2,                1,            3,                 1,               1,                   0,                 2,                 6,            0,            0,            0,            0,            0,        0,        0,  31,            57,             23,               4,        1, Partner    ,           3,         1, Graduate       ,       1
 71691.0,       0,        0,       0,      336,       130,             411,             240,               32,           43,                 1,               4,                   7,                 5,                 2,            0,            0,            0,            0,            0,        0,        1,  56,           104,           1192,              17,        0, Alone      ,           1,         0, Postgraduate   ,       2
 85844.0,       0,        0,      62,      938,        19,             843,              25,               95,           38,                 1,               6,                   6,                 7,                 2,            0,            0,            1,            0,            0,        0,        0,  41,            31,           1958,              20,        0, Partner    ,           2,         0, Postgraduate   ,       2
 39190.0,       1,        0,      91,       68,         8,              18,              19,                8,           12,                 2,               2,                   1,                 4,                 5,            0,            0,            0,            0,            0,        0,        0,  40,            64,            133,               9,        1, Alone      ,           2,         1, Postgraduate   ,       3
 71367.0,       0,        0,      24,      227,        23,             389,              42,               21,           75,                 1,               4,                   5,                 7,                 2,            0,            0,            0,            0,            0,        0,        0,  55,           310,            777,              17,        0, Partner    ,           2,         0, Graduate       ,       2
 38578.0,       1,        1,       2,       38,         4,              22,               3,                3,            3,                 3,               3,                   0,                 3,                 8,            0,            0,            0,            0,            0,        0,        0,  42,           372,             73,               9,        2, Alone      ,           3,         1, Postgraduate   ,       3
 57236.0,       1,        1,      22,      105,         0,               9,               2,                1,            4,                 3,               2,                   1,                 4,                 3,            0,            0,            0,            0,            0,        0,        0,  49,           109,            121,              10,        2, Partner    ,           4,         1, Postgraduate   ,       1
 61825.0,       0,        1,      56,      162,        50,             100,              55,               30,           27,                 1,               4,                   2,                 8,                 4,            0,            0,            0,            0,            0,        0,        0,  35,           326,            424,              15,        1, Alone      ,           2,         1, Graduate       ,       3
 79803.0,       0,        1,      54,      574,         8,             216,              21,               16,           33,                 1,               4,                   3,                 5,                 1,            0,            0,            0,            0,            0,        0,        0,  56,            27,            868,              13,        1, Alone      ,           2,         1, Graduate       ,       2
 80910.0,       0,        0,      71,      160,        80,             369,              67,               39,           41,                 1,               3,                   3,                 8,                 1,            0,            0,            0,            0,            0,        0,        0,  28,           606,            756,              15,        0, Alone      ,           1,         0, Undergraduate  ,       2
 27590.0,       1,        0,      38,        6,         0,               5,               0,                0,            1,                 1,               1,                   0,                 2,                 7,            0,            0,            0,            0,            0,        0,        0,  32,           432,             12,               4,        1, Partner    ,           3,         1, Postgraduate   ,       3
 56775.0,       0,        1,      62,      614,        35,             160,              58,               35,           35,                 2,               5,                   8,                10,                 5,            0,            0,            0,            0,            0,        0,        0,  35,           543,            937,              25,        1, Partner    ,           3,         1, Graduate       ,       0
 83829.0,       0,        0,      78,      897,       161,             430,             186,              161,           27,                 0,               4,                   7,                 6,                 1,            1,            0,            1,            1,            0,        0,        1,  39,           264,           1862,              17,        0, Alone      ,           1,         0, Graduate       ,       2
 54210.0,       0,        1,      18,       70,        54,             109,              80,                9,           45,                 2,               4,                   1,                 7,                 5,            0,            0,            0,            0,            0,        0,        0,  35,           405,            367,              14,        1, Partner    ,           3,         1, Undergraduate  ,       1
 38508.0,       1,        0,      95,      120,        19,             206,              25,               19,           54,                 6,               7,                   2,                 5,                 8,            0,            0,            0,            0,            0,        0,        0,  28,           331,            443,              20,        1, Partner    ,           3,         1, Graduate       ,       0
 53187.0,       1,        0,      66,      211,         2,              30,               7,                7,           10,                 2,               4,                   1,                 6,                 5,            0,            0,            0,            0,            0,        0,        0,  44,           246,            267,              13,        1, Partner    ,           3,         1, Graduate       ,       1
 30023.0,       1,        0,      28,       11,         0,              16,               7,                6,           21,                 1,               2,                   0,                 3,                 8,            0,            0,            0,            0,            0,        0,        0,  42,            97,             61,               6,        1, Partner    ,           3,         1, Graduate       ,       1
 76045.0,       0,        0,      78,      760,        53,             400,              17,               93,            0,                 1,               4,                   5,                11,                 2,            0,            0,            0,            1,            0,        0,        0,  54,           226,           1323,              21,        0, Alone      ,           1,         0, Postgraduate   ,       2
 50870.0,       0,        1,      13,       53,         0,               8,               0,                0,            2,                 1,               2,                   0,                 3,                 5,            0,            0,            0,            0,            0,        0,        0,  62,            10,             63,               6,        1, Partner    ,           3,         1, Postgraduate   ,       1
 15315.0,       0,        0,      27,        7,         4,              13,              15,                8,           17,                 2,               2,                   0,                 4,                 5,            0,            0,            0,            0,            0,        0,        0,  44,           330,             64,               8,        0, Partner    ,           2,         0, Undergraduate  ,       3
 65463.0,       1,        0,      17,      391,        32,              70,              21,               32,           16,                 2,               6,                   2,                 9,                 5,            0,            1,            0,            0,            0,        0,        0,  40,           150,            562,              19,        1, Partner    ,           3,         1, Undergraduate  ,       1
 66480.0,       1,        1,      71,      199,         9,              57,              20,               21,            6,                 7,               4,                   1,                 7,                 4,            0,            0,            0,            0,            0,        0,        0,  49,            29,            312,              19,        2, Partner    ,           4,         1, Graduate       ,       0
 76773.0,       0,        0,      79,      516,        56,             449,              86,               33,           16,                 1,               2,                   2,                11,                 1,            0,            0,            0,            0,            0,        0,        0,  60,           489,           1156,              16,        0, Alone      ,           1,         0, Graduate       ,       2
 81698.0,       0,        0,       1,      709,        45,             115,              30,              160,           45,                 1,               8,                   2,                 5,                 5,            0,            0,            0,            1,            0,        0,        1,  31,           485,           1104,              16,        0, Alone      ,           1,         0, Undergraduate  ,       2
 54466.0,       1,        1,      78,       12,         0,               4,               0,                0,            0,                 1,               1,                   0,                 2,                 5,            0,            0,            0,            0,            0,        0,        0,  41,           140,             16,               4,        2, Alone      ,           3,         1, Postgraduate   ,       1
 98777.0,       0,        0,      23,     1000,        19,             711,             125,              115,           38,                 0,               4,                   6,                 9,                 1,            0,            1,            0,            0,            0,        0,        0,  54,           132,           2008,              19,        0, Alone      ,           1,         0, Postgraduate   ,       2
 16269.0,       1,        0,      75,       19,         3,              18,               3,                1,            0,                 3,               3,                   0,                 3,                 8,            0,            0,            0,            0,            0,        0,        0,  30,           303,             44,               9,        1, Alone      ,           2,         1, Postgraduate   ,       3
 71819.0,       0,        1,      70,     1224,        28,             140,               0,               14,          168,                 3,               3,                   3,                 5,                 6,            0,            1,            1,            0,            0,        0,        0,  43,           305,           1574,              14,        1, Partner    ,           3,         1, Graduate       ,       0
 33569.0,       1,        0,      10,       16,         2,              18,               3,                0,           24,                 1,               1,                   1,                 2,                 8,            1,            0,            0,            0,            0,        0,        1,  31,           256,             63,               5,        1, Partner    ,           3,         1, Postgraduate   ,       1
 36262.0,       0,        0,      24,       88,        39,              54,              64,               28,          153,                 1,               3,                   5,                 3,                 6,            1,            0,            0,            0,            0,        0,        1,  31,           282,            426,              12,        0, Partner    ,           2,         0, Postgraduate   ,       3
 22634.0,       0,        0,      47,        2,        23,              11,               8,                6,           46,                 1,               2,                   1,                 2,                 8,            0,            0,            0,            0,            0,        0,        0,  48,           529,             96,               6,        0, Partner    ,           2,         0, Undergraduate  ,       3
 47025.0,       0,        1,      98,      508,        11,              59,              23,                5,           29,                 5,              11,                   1,                 6,                 9,            0,            0,            0,            0,            0,        0,        0,  36,           290,            635,              23,        1, Partner    ,           3,         1, Undergraduate  ,       0
 70566.0,       0,        1,       4,      381,        28,             215,              84,               28,           21,                 2,               6,                   5,                 9,                 3,            0,            0,            0,            0,            0,        0,        0,  46,           266,            757,              22,        1, Alone      ,           2,         1, Graduate       ,       2
 31605.0,       1,        0,      15,       74,         0,              42,               2,                1,            6,                 2,               2,                   1,                 4,                 7,            0,            0,            0,            0,            0,        0,        0,  35,           584,            125,               9,        1, Partner    ,           3,         1, Postgraduate   ,       3
 52034.0,       1,        1,      67,      146,         0,              93,               7,               13,           73,                 5,               4,                   2,                 5,                 7,            0,            0,            0,            0,            0,        0,        0,  41,           408,            332,              16,        2, Alone      ,           3,         1, Postgraduate   ,       0
 48526.0,       1,        0,      32,       23,        17,              23,              43,               20,            9,                 1,               2,                   1,                 4,                 3,            0,            0,            0,            0,            0,        0,        0,  35,           187,            135,               8,        1, Alone      ,           2,         1, Graduate       ,       3
 46734.0,       0,        1,      40,      110,         5,             137,              26,               23,           29,                 2,               6,                   1,                 5,                 7,            0,            0,            0,            0,            0,        0,        0,  60,           588,            330,              14,        1, Partner    ,           3,         1, Graduate       ,       0
 39552.0,       1,        1,      54,      165,         3,             147,               4,               24,           41,                 7,               6,                   2,                 5,                 8,            0,            0,            0,            0,            0,        0,        1,  52,           558,            384,              20,        2, Alone      ,           3,         1, Graduate       ,       0
 86358.0,       1,        1,      78,      957,        47,             494,              82,               47,           95,                 4,               5,                   3,                 6,                 8,            0,            0,            0,            0,            0,        0,        0,  48,           690,           1722,              18,        2, Alone      ,           3,         1, Graduate       ,       0
 46931.0,       2,        1,      94,       41,         0,              17,               3,                1,           16,                 2,               1,                   1,                 3,                 3,            0,            0,            0,            0,            0,        0,        0,  37,            66,             78,               7,        3, Partner    ,           5,         1, Graduate       ,       1
 16581.0,       0,        0,      51,        1,         3,               4,               2,                3,           11,                 1,               0,                   0,                 3,                 4,            0,            0,            0,            0,            0,        0,        0,  29,           533,             24,               4,        0, Alone      ,           1,         0, Undergraduate  ,       3
 63998.0,       0,        0,      42,      176,        29,             818,               0,               33,          112,                 1,               7,                   6,                11,                 4,            0,            0,            0,            0,            0,        0,        1,  62,           191,           1168,              25,        0, Alone      ,           1,         0, Undergraduate  ,       2
 67381.0,       0,        1,      67,      815,         8,              53,              11,                0,           70,                 4,               2,                   2,                 9,                 7,            0,            1,            0,            0,            0,        0,        0,  63,           530,            957,              17,        1, Partner    ,           3,         1, Postgraduate   ,       0
 25930.0,       1,        1,      87,        6,         1,               2,               2,                0,            4,                 1,               1,                   0,                 2,                 7,            0,            0,            0,            0,            0,        0,        0,  47,           262,             15,               4,        2, Alone      ,           3,         1, Graduate       ,       1
 42693.0,       1,        0,      29,        8,         4,              20,               6,                3,           16,                 1,               1,                   0,                 3,                 5,            0,            0,            0,            0,            0,        0,        0,  36,            22,             57,               5,        1, Partner    ,           3,         1, Graduate       ,       1
 85606.0,       0,        1,      89,      717,        42,             864,             219,               30,           84,                 2,               6,                   7,                 9,                 3,            0,            0,            0,            1,            0,        0,        0,  38,           594,           1956,              24,        1, Partner    ,           3,         1, Graduate       ,       2
 72903.0,       0,        0,      74,     1067,       138,             750,               0,               19,           39,                 1,               7,                   5,                 8,                 4,            0,            1,            1,            1,            0,        0,        1,  29,           243,           2013,              21,        0, Alone      ,           1,         0, Graduate       ,       2
 49669.0,       1,        0,      97,      166,         5,             107,              11,                8,           29,                 2,               5,                   1,                 6,                 6,            0,            0,            0,            0,            0,        0,        0,  40,            36,            326,              14,        1, Partner    ,           3,         1, Undergraduate  ,       1
 36778.0,       1,        1,      63,       29,         4,              34,               2,                4,            4,                 3,               3,                   0,                 3,                 9,            0,            0,            0,            0,            0,        0,        0,  46,           693,             77,               9,        2, Partner    ,           4,         1, Postgraduate   ,       1
 85696.0,       0,        0,      88,      714,        76,             395,             116,                0,           12,                 1,               4,                   6,                 9,                 1,            0,            0,            0,            0,            0,        0,        1,  52,           422,           1313,              20,        0, Alone      ,           1,         0, Postgraduate   ,       2
 10979.0,       0,        0,      34,        8,         4,              10,               2,                2,            4,                 2,               3,                   0,                 3,                 5,            0,            0,            0,            0,            0,        0,        0,  25,            38,             30,               8,        0, Alone      ,           1,         0, Postgraduate   ,       3
 49678.0,       0,        1,      81,      229,         5,              56,               3,                2,           20,                 2,               6,                   2,                 4,                 7,            0,            0,            0,            0,            0,        0,        0,  53,           512,            315,              14,        1, Partner    ,           3,         1, Graduate       ,       0
 56129.0,       0,        1,      65,      320,        48,             133,              39,               72,           48,                 4,               6,                   2,                10,                 4,            0,            0,            0,            0,            0,        0,        0,  61,           374,            660,              22,        1, Partner    ,           3,         1, Postgraduate   ,       0
 37155.0,       1,        0,      51,       23,         0,              26,               7,               15,            3,                 1,               2,                   0,                 4,                 5,            0,            0,            0,            0,            0,        0,        0,  25,           514,             74,               7,        1, Partner    ,           3,         1, Graduate       ,       3
 21282.0,       1,        0,      76,        1,         5,               8,               4,                8,           20,                 2,               2,                   1,                 2,                 6,            0,            0,            0,            0,            0,        0,        0,  36,            49,             46,               7,        1, Alone      ,           2,         1, Undergraduate  ,       3
 33419.0,       0,        1,      76,       56,         0,              12,               0,                0,           18,                 2,               2,                   0,                 4,                 7,            0,            0,            0,            0,            0,        0,        0,  52,           316,             86,               8,        1, Alone      ,           2,         1, Postgraduate   ,       3
 63285.0,       0,        0,      84,      508,       124,             249,              50,               38,          134,                 1,               6,                   5,                13,                 3,            0,            0,            0,            0,            0,        0,        0,  69,           236,           1103,              25,        0, Alone      ,           1,         0, Graduate       ,       2
 21255.0,       1,        0,      56,       29,         0,              25,               2,                2,            3,                 4,               2,                   1,                 4,                 4,            0,            0,            0,            0,            0,        0,        0,  40,           159,             61,              11,        1, Partner    ,           3,         1, Postgraduate   ,       1
 42162.0,       1,        0,      31,       46,         7,              59,               2,                4,           27,                 2,               3,                   1,                 3,                 6,            1,            0,            0,            0,            0,        0,        1,  33,           222,            145,               9,        1, Partner    ,           3,         1, Graduate       ,       1
 54450.0,       1,        1,       0,      454,         0,             171,               8,               19,           32,                12,               9,                   2,                 8,                 8,            0,            0,            0,            0,            0,        0,        0,  58,           653,            684,              31,        2, Partner    ,           4,         1, Graduate       ,       0
 57744.0,       0,        1,      91,      350,         3,              39,               0,                0,           19,                 2,               9,                   1,                 4,                 8,            0,            0,            0,            0,            0,        0,        0,  60,           229,            411,              16,        1, Partner    ,           3,         1, Postgraduate   ,       1
 26576.0,       1,        0,      40,       10,         0,               8,               0,                0,            9,                 1,               1,                   0,                 2,                 9,            1,            0,            0,            0,            0,        0,        1,  28,           624,             27,               4,        1, Alone      ,           2,         1, Graduate       ,       3
 57513.0,       0,        0,      59,      735,        40,             183,              52,               20,           30,                 2,               9,                   3,                13,                 6,            0,            0,            0,            0,            0,        0,        0,  71,           358,           1060,              27,        0, Alone      ,           1,         0, Postgraduate   ,       2
 68142.0,       0,        1,      96,      897,       126,             196,              91,              112,           37,                 3,              10,                   4,                 7,                 6,            0,            0,            0,            0,            0,        0,        0,  50,           669,           1459,              24,        1, Partner    ,           3,         1, Graduate       ,       0
  7500.0,       0,        1,      61,        5,         2,               3,               3,                0,            5,                 1,               1,                   0,                 2,                 8,            0,            0,            0,            0,            0,        0,        0,  35,           669,             18,               4,        1, Partner    ,           3,         1, Graduate       ,       3
 83145.0,       0,        0,      14,      777,        35,             731,              39,              137,          114,                 1,               5,                   9,                11,                 2,            0,            0,            1,            0,            0,        0,        1,  40,           645,           1833,              26,        0, Partner    ,           2,         0, Graduate       ,       2
 54197.0,       0,        1,      16,      162,         6,              37,               6,               13,           13,                 2,               1,                   3,                 6,                 1,            0,            0,            0,            0,            0,        0,        0,  54,            87,            237,              12,        1, Partner    ,           3,         1, Postgraduate   ,       1
 23091.0,       1,        1,      98,       35,         0,              11,               0,                0,            2,                 4,               2,                   1,                 3,                 7,            0,            0,            0,            0,            0,        0,        0,  51,            32,             48,              10,        2, Alone      ,           3,         1, Postgraduate   ,       1
 46049.0,       1,        1,      11,      342,         9,             112,              19,               14,           19,                10,               5,                   2,                 9,                 7,            0,            0,            0,            0,            0,        0,        1,  38,           343,            515,              26,        2, Partner    ,           4,         1, Graduate       ,       0
 56715.0,       0,        0,      52,      258,       105,             239,             237,              172,            9,                 1,               7,                   3,                 4,                 4,            0,            0,            0,            0,            0,        0,        0,  40,           571,           1020,              15,        0, Partner    ,           2,         0, Graduate       ,       2
 79410.0,       0,        0,      19,      658,        80,             483,             123,               13,           13,                 1,               3,                   2,                 5,                 1,            0,            0,            0,            0,            0,        0,        0,  53,            31,           1370,              11,        0, Partner    ,           2,         0, Graduate       ,       2
 57304.0,       0,        1,      61,      356,        80,             329,             138,               17,          106,                 2,               7,                   6,                10,                 5,            0,            0,            0,            0,            0,        0,        0,  63,           475,           1026,              25,        1, Partner    ,           3,         1, Graduate       ,       0
 44375.0,       0,        1,      73,      213,         5,              28,               7,                7,           41,                 1,               4,                   1,                 6,                 5,            0,            0,            0,            0,            0,        0,        0,  49,            98,            301,              12,        1, Partner    ,           3,         1, Graduate       ,       1
 54450.0,       1,        1,       0,      454,         0,             171,               8,               19,           32,                12,               9,                   2,                 8,                 8,            0,            0,            0,            0,            0,        0,        0,  58,           653,            684,              31,        2, Partner    ,           4,         1, Graduate       ,       0
 59594.0,       0,        1,      74,      457,         4,              29,               0,                0,            9,                 1,               8,                   1,                 7,                 7,            0,            1,            0,            0,            0,        0,        0,  49,           617,            499,              17,        1, Partner    ,           3,         1, Graduate       ,       0
 80685.0,       0,        0,      55,      241,        45,             604,              34,               26,           54,                 1,               6,                   4,                10,                 2,            0,            0,            0,            0,            0,        0,        0,  20,           676,           1004,              21,        0, Partner    ,           2,         0, Graduate       ,       2
 40344.0,       0,        1,      48,      210,         0,               6,               0,                0,            2,                 2,               4,                   1,                 5,                 7,            0,            0,            0,            0,            0,        0,        0,  40,           259,            218,              12,        1, Partner    ,           3,         1, Postgraduate   ,       1
 62710.0,       0,        1,      53,      441,        35,              83,               7,               29,           11,                 4,               4,                   2,                12,                 4,            0,            0,            0,            0,            0,        0,        0,  42,           402,            606,              22,        1, Partner    ,           3,         1, Graduate       ,       0
 48985.0,       0,        1,      13,       19,        13,              18,              10,                7,            8,                 1,               1,                   1,                 3,                 3,            0,            0,            0,            0,            0,        0,        0,  46,           359,             75,               6,        1, Partner    ,           3,         1, Undergraduate  ,       1
 35322.0,       1,        2,      34,       28,         9,              37,              12,                7,           13,                 3,               2,                   0,                 4,                 8,            0,            0,            0,            0,            0,        0,        0,  46,           676,            106,               9,        3, Partner    ,           5,         1, Graduate       ,       1
 77142.0,       0,        0,      54,      476,        75,             162,              29,              151,           97,                 1,               4,                   4,                 8,                 2,            0,            0,            0,            0,            0,        0,        0,  66,           396,            990,              17,        0, Partner    ,           2,         0, Graduate       ,       2
 81657.0,       0,        0,      69,      364,        40,             425,             158,               60,           50,                 1,               3,                   4,                 8,                 1,            0,            0,            0,            0,            0,        0,        0,  45,           158,           1097,              16,        0, Alone      ,           1,         0, Graduate       ,       2
 14421.0,       0,        0,      81,        0,         0,               2,               3,                3,            8,                 1,               1,                   0,                 2,                 5,            1,            0,            0,            0,            0,        0,        0,  18,           132,             16,               4,        0, Partner    ,           2,         0, Undergraduate  ,       3
 20130.0,       0,        0,      99,        0,         6,               3,               7,                6,           12,                 1,               1,                   0,                 3,                 8,            0,            0,            0,            0,            0,        0,        0,  40,           104,             34,               5,        0, Partner    ,           2,         0, Undergraduate  ,       3
 74214.0,       0,        0,       3,      863,        83,             547,              86,               99,           33,                 1,               8,                   2,                 5,                 5,            0,            0,            0,            0,            0,        0,        0,  24,           672,           1711,              16,        0, Partner    ,           2,         0, Postgraduate   ,       2
 66726.0,       1,        1,      61,      349,         7,              35,               0,                0,           47,                 3,               8,                   2,                 4,                 7,            0,            1,            0,            0,            0,        0,        0,  57,           168,            438,              17,        2, Partner    ,           4,         1, Postgraduate   ,       1
 23724.0,       1,        0,      65,        5,        23,              15,               0,               18,           14,                 2,               2,                   0,                 3,                 8,            0,            0,            0,            0,            0,        0,        0,  35,           537,             75,               7,        1, Partner    ,           3,         1, Undergraduate  ,       3
 47353.0,       0,        1,      93,      184,         2,              19,               8,                8,            4,                 3,               2,                   2,                 6,                 5,            0,            0,            0,            0,            0,        0,        0,  54,           228,            225,              13,        1, Partner    ,           3,         1, Postgraduate   ,       1
 33444.0,       1,        1,      24,        8,         0,               8,               0,                0,            2,                 1,               1,                   0,                 2,                 8,            0,            0,            0,            0,            0,        0,        0,  62,           603,             18,               4,        2, Partner    ,           4,         1, Postgraduate   ,       1
 54386.0,       0,        1,       8,      277,        21,              64,              62,               21,           25,                 2,               3,                   2,                10,                 3,            0,            0,            0,            0,            0,        0,        0,  33,           408,            470,              17,        1, Partner    ,           3,         1, Graduate       ,       1
 28510.0,       1,        1,      72,       44,         5,              19,               0,                4,           19,                 3,               2,                   0,                 4,                 5,            0,            0,            0,            0,            0,        0,        0,  33,           442,             91,               9,        2, Alone      ,           3,         1, Graduate       ,       3
 90638.0,       0,        0,      29,     1156,       120,             915,              94,              144,           96,                 1,               3,                   4,                10,                 1,            0,            0,            1,            0,            0,        0,        0,  23,           136,           2525,              18,        0, Alone      ,           1,         0, Postgraduate   ,       2
 48070.0,       0,        1,      33,      373,        14,              83,               6,                9,           19,                 3,               8,                   2,                 6,                 7,            0,            0,            0,            0,            0,        1,        0,  64,           532,            504,              19,        1, Partner    ,           3,         1, Graduate       ,       0
 43140.0,       0,        1,      68,      134,         8,              76,               6,                0,           11,                 1,               4,                   1,                 5,                 6,            0,            0,            0,            0,            0,        0,        0,  57,           540,            235,              11,        1, Partner    ,           3,         1, Graduate       ,       1
 54959.0,       0,        1,      55,     1148,         0,              60,               0,                0,           24,                 3,               9,                   5,                 4,                 7,            0,            1,            0,            0,            0,        0,        1,  53,           526,           1232,              21,        1, Alone      ,           2,         1, Postgraduate   ,       0
 15056.0,       1,        1,      76,        6,        12,               3,              21,                6,           40,                 5,               2,                   2,                 3,                 5,            0,            0,            0,            0,            0,        0,        0,  56,           422,             88,              12,        2, Alone      ,           3,         1, Undergraduate  ,       3
 26954.0,       1,        0,      17,        4,         1,              11,               0,                0,            1,                 1,               1,                   0,                 2,                 7,            0,            0,            0,            0,            0,        0,        0,  43,            52,             17,               4,        1, Alone      ,           2,         1, Graduate       ,       3
 22327.0,       1,        0,      94,        5,         4,               8,               2,                0,            5,                 1,               1,                   0,                 3,                 5,            0,            0,            0,            0,            0,        0,        0,  29,           331,             24,               5,        1, Alone      ,           2,         1, Graduate       ,       3
 44393.0,       1,        1,      86,       24,         2,              20,               2,                2,           10,                 2,               1,                   0,                 4,                 4,            0,            0,            0,            0,            0,        0,        0,  49,           311,             60,               7,        2, Partner    ,           4,         1, Graduate       ,       1
 62000.0,       0,        1,      25,      899,         0,             101,               0,                0,           20,                 1,               6,                   6,                13,                 4,            0,            0,            0,            1,            0,        0,        0,  62,           308,           1020,              26,        1, Alone      ,           2,         1, Postgraduate   ,       2
 31497.0,       0,        1,      22,      108,         1,              28,              13,                1,            4,                 2,               3,                   1,                 4,                 8,            0,            0,            0,            0,            0,        0,        0,  52,           570,            155,              10,        1, Partner    ,           3,         1, Postgraduate   ,       1
 45894.0,       0,        2,      15,       27,         2,               7,               0,                2,           13,                 1,               1,                   0,                 3,                 5,            0,            0,            0,            0,            0,        0,        0,  40,           122,             51,               5,        2, Partner    ,           4,         1, Undergraduate  ,       1
 78579.0,       0,        0,      35,      816,        66,             549,             216,               66,           99,                 1,               5,                   6,                 4,                 3,            0,            0,            0,            0,            0,        0,        1,  44,           554,           1812,              16,        0, Alone      ,           1,         0, Postgraduate   ,       2
 67369.0,       0,        1,      81,     1298,         0,              70,              37,               14,           42,                 4,               7,                   4,                10,                 4,            0,            1,            1,            0,            0,        0,        1,  45,           589,           1461,              25,        1, Alone      ,           2,         1, Postgraduate   ,       0
 58401.0,       0,        1,      55,       10,         0,              11,              17,               29,           29,                 1,               1,                   2,                 2,                 4,            0,            0,            0,            0,            0,        0,        0,  54,            70,             96,               6,        1, Alone      ,           2,         1, Graduate       ,       3
 62307.0,       0,        1,      94,       87,        13,              34,              10,                6,           10,                 1,               4,                   0,                 4,                 5,            0,            0,            0,            0,            0,        0,        0,  62,           132,            160,               9,        1, Alone      ,           2,         1, Graduate       ,       3
 43641.0,       1,        1,      50,       57,         2,              51,               4,                2,           23,                 3,               2,                   1,                 4,                 6,            0,            0,            0,            0,            0,        0,        0,  45,           433,            139,              10,        2, Partner    ,           4,         1, Postgraduate   ,       1
 63841.0,       0,        1,      64,      635,        15,             100,              20,                7,          131,                 1,               9,                   3,                 9,                 6,            0,            0,            0,            0,            0,        0,        0,  46,           434,            908,              22,        1, Alone      ,           2,         1, Postgraduate   ,       2
 46891.0,       0,        1,      91,       43,        12,              23,              29,               15,           61,                 1,               2,                   1,                 4,                 4,            0,            0,            0,            0,            0,        0,        0,  49,           301,            183,               8,        1, Partner    ,           3,         1, Undergraduate  ,       1
 70091.0,       1,        0,      11,      964,        34,             137,              15,                0,           11,                 2,               5,                   2,                10,                 8,            0,            1,            0,            0,            0,        0,        0,  45,           455,           1161,              19,        1, Partner    ,           3,         1, Postgraduate   ,       0
 78075.0,       0,        0,      72,      572,         8,             259,              34,               35,           80,                 1,               3,                   5,                 5,                 1,            0,            0,            0,            0,            0,        0,        0,  42,            85,            988,              14,        0, Partner    ,           2,         0, Postgraduate   ,       2
 59184.0,       0,        1,       6,      341,       142,             113,             259,              151,           66,                 3,               6,                   6,                12,                 5,            0,            0,            0,            0,            0,        0,        0,  53,           658,           1072,              27,        1, Alone      ,           2,         1, Undergraduate  ,       0
 54809.0,       1,        1,       0,       63,         6,              57,              13,               13,           22,                 4,               2,                   1,                 5,                 4,            0,            0,            0,            0,            0,        0,        0,  37,           291,            174,              12,        2, Partner    ,           4,         1, Graduate       ,       1
 58113.0,       0,        1,      66,      221,       104,             169,             102,               78,           84,                 3,               9,                   2,                 8,                 7,            0,            0,            0,            0,            0,        1,        0,  55,           520,            758,              22,        1, Partner    ,           3,         1, Graduate       ,       0
 51412.0,       0,        1,      42,      140,         3,              29,               4,                5,           14,                 2,               3,                   2,                 4,                 4,            0,            0,            0,            0,            0,        0,        0,  56,           180,            195,              11,        1, Partner    ,           3,         1, Postgraduate   ,       1
 15287.0,       1,        0,      60,        1,         2,               8,               4,                3,           13,                 2,               1,                   1,                 2,                 7,            1,            0,            0,            0,            0,        0,        1,  35,           627,             31,               6,        1, Alone      ,           2,         1, Graduate       ,       3
 66636.0,       0,        0,      64,      291,        10,             689,              84,               10,            0,                 1,               3,                   4,                 9,                 1,            0,            0,            0,            0,            0,        0,        0,  57,           316,           1084,              17,        0, Partner    ,           2,         0, Postgraduate   ,       2
 50965.0,       0,        1,      87,      544,        13,              85,               8,                6,           29,                 3,              10,                   4,                 5,                 8,            1,            0,            0,            0,            0,        0,        0,  58,           494,            685,              22,        1, Partner    ,           3,         1, Postgraduate   ,       0
 84618.0,       0,        0,      96,      684,       100,             801,              21,               66,            0,                 1,               6,                   9,                10,                 2,            0,            0,            1,            0,            0,        0,        0,  49,           219,           1672,              26,        0, Partner    ,           2,         0, Postgraduate   ,       2
 18351.0,       0,        0,       1,        1,        12,               9,               0,               14,            7,                 1,               2,                   0,                 3,                 7,            0,            0,            0,            0,            0,        0,        0,  24,           243,             43,               6,        0, Partner    ,           2,         0, Graduate       ,       3
 40451.0,       0,        2,      54,       35,         0,               4,               0,                0,           10,                 1,               1,                   1,                 2,                 5,            1,            0,            0,            0,            0,        0,        0,  57,           133,             49,               5,        2, Partner    ,           4,         1, Postgraduate   ,       1
 36317.0,       0,        1,      53,       87,         3,              25,               3,                2,           13,                 2,               3,                   0,                 4,                 7,            0,            0,            0,            0,            0,        0,        0,  49,           403,            133,               9,        1, Partner    ,           3,         1, Graduate       ,       1
 42213.0,       0,        1,      96,      309,         3,              24,               4,                3,           20,                 2,               5,                   1,                 7,                 7,            0,            1,            0,            0,            0,        0,        0,  57,           260,            363,              15,        1, Partner    ,           3,         1, Graduate       ,       1
 65748.0,       0,        1,      58,      172,        73,              93,              95,               78,           34,                 2,               2,                   4,                10,                 1,            0,            0,            0,            0,            0,        1,        0,  59,           440,            545,              18,        1, Partner    ,           3,         1, Graduate       ,       0
 77044.0,       0,        1,      12,      625,        38,             242,              50,               34,           76,                 2,               7,                  11,                11,                 4,            1,            0,            0,            0,            0,        0,        0,  42,           245,           1065,              31,        1, Partner    ,           3,         1, Graduate       ,       2
 74918.0,       0,        0,      78,      972,        59,             913,              25,               19,           59,                 1,               5,                   9,                 6,                 3,            0,            0,            1,            0,            0,        0,        0,  45,           474,           2047,              21,        0, Partner    ,           2,         0, Graduate       ,       2
 56721.0,       1,        1,      64,      157,         6,              39,               6,               13,           75,                 5,               4,                   1,                 5,                 6,            0,            0,            0,            0,            0,        0,        0,  42,           606,            296,              15,        2, Partner    ,           4,         1, Graduate       ,       0
 42160.0,       1,        1,      26,       48,         9,              45,               3,               15,           20,                 4,               2,                   1,                 4,                 6,            0,            0,            0,            0,            0,        0,        1,  39,           366,            140,              11,        2, Alone      ,           3,         1, Graduate       ,       3
 61559.0,       0,        1,       8,      279,        83,              88,              32,               14,           34,                 1,               4,                   2,                10,                 3,            0,            0,            0,            0,            0,        0,        0,  49,           347,            530,              17,        1, Alone      ,           2,         1, Graduate       ,       2
 33629.0,       1,        1,      49,      132,         0,              16,               0,                0,            4,                 5,               3,                   1,                 4,                 9,            0,            0,            0,            0,            0,        0,        0,  51,           690,            152,              13,        2, Partner    ,           4,         1, Postgraduate   ,       0
 68682.0,       0,        0,      56,      919,         0,             505,              99,               30,           45,                 1,               4,                   9,                10,                 2,            0,            0,            0,            0,            0,        0,        0,  23,           266,           1598,              24,        0, Partner    ,           2,         0, Postgraduate   ,       2
 34377.0,       0,        1,      55,       62,         0,              22,               3,                1,           26,                 2,               2,                   2,                 2,                 7,            0,            0,            0,            0,            0,        0,        0,  51,           526,            114,               8,        1, Alone      ,           2,         1, Graduate       ,       3
  8940.0,       1,        0,      25,        1,        45,               3,               4,                6,           42,                 3,               3,                   1,                 3,                 8,            0,            0,            0,            0,            0,        0,        0,  28,           676,            101,              10,        1, Alone      ,           2,         1, Undergraduate  ,       3
 26228.0,       1,        0,      50,        2,         6,               4,               3,                1,            9,                 1,               1,                   0,                 2,                 8,            0,            0,            0,            0,            0,        0,        0,  41,           280,             25,               4,        1, Partner    ,           3,         1, Graduate       ,       1
 77297.0,       0,        0,      84,      408,        61,             109,              48,              122,           41,                 1,               5,                   7,                 9,                 4,            0,            0,            0,            1,            0,        0,        0,  57,           519,            789,              22,        0, Alone      ,           1,         0, Undergraduate  ,       2
 40211.0,       1,        1,      30,       51,         1,               7,               2,                1,           25,                 2,               2,                   1,                 2,                 8,            1,            0,            0,            0,            0,        0,        0,  33,           334,             87,               7,        2, Partner    ,           4,         1, Graduate       ,       1
 33438.0,       1,        1,      81,       62,         1,              16,               3,                2,            6,                 4,               2,                   1,                 4,                 5,            0,            0,            0,            0,            0,        0,        0,  56,           280,             90,              11,        2, Alone      ,           3,         1, Postgraduate   ,       1
 75032.0,       0,        1,      74,      952,        12,             180,              47,               12,           12,                 2,               5,                   4,                 9,                 3,            0,            0,            0,            0,            0,        0,        0,  55,           427,           1215,              20,        1, Partner    ,           3,         1, Postgraduate   ,       0
 61284.0,       0,        0,      76,      618,        15,             106,              20,                7,           45,                 1,              11,                   2,                 8,                 6,            0,            1,            0,            0,            0,        0,        0,  59,           260,            811,              22,        0, Alone      ,           1,         0, Postgraduate   ,       2
 22518.0,       1,        0,      36,       11,         7,              12,               2,                2,           27,                 2,               2,                   1,                 2,                 5,            1,            0,            0,            0,            0,        0,        1,  28,           615,             61,               7,        1, Partner    ,           3,         1, Graduate       ,       3
 54730.0,       0,        1,      64,      318,         3,              17,               4,                7,           56,                 5,               4,                   1,                 8,                 4,            0,            0,            0,            0,            0,        0,        0,  39,           318,            405,              18,        1, Partner    ,           3,         1, Postgraduate   ,       0
 38452.0,       1,        1,      62,       56,         0,              14,               0,                0,            2,                 3,               3,                   0,                 3,                 7,            0,            0,            0,            0,            0,        0,        0,  59,            91,             72,               9,        2, Partner    ,           4,         1, Postgraduate   ,       1
 44421.0,       1,        1,      53,      110,         5,              59,               7,                1,            7,                 5,               5,                   0,                 4,                 8,            0,            0,            0,            0,            0,        0,        0,  43,           499,            189,              14,        2, Alone      ,           3,         1, Graduate       ,       0
 38197.0,       1,        0,      86,       23,         0,              11,               2,                1,            3,                 1,               1,                   0,                 3,                 5,            0,            0,            0,            0,            0,        0,        0,  28,           365,             40,               5,        1, Partner    ,           3,         1, Postgraduate   ,       1
 41986.0,       0,        1,      15,       27,         5,               8,               8,                3,           12,                 3,               3,                   0,                 4,                 4,            0,            0,            0,            0,            0,        0,        0,  36,           140,             63,              10,        1, Alone      ,           2,         1, Graduate       ,       3
 28427.0,       1,        0,      67,       18,         3,              19,               3,                3,            6,                 2,               2,                   0,                 3,                 8,            0,            0,            0,            0,            0,        0,        0,  31,           465,             52,               7,        1, Partner    ,           3,         1, Graduate       ,       3
 37395.0,       1,        0,      47,       18,         0,               9,               0,                1,           11,                 1,               1,                   0,                 3,                 6,            0,            0,            0,            0,            0,        0,        0,  38,            58,             39,               5,        1, Partner    ,           3,         1, Postgraduate   ,       1
 64722.0,       1,        0,      47,      303,         0,             280,              60,              147,           15,                 4,               8,                   2,                11,                 6,            0,            0,            0,            0,            0,        0,        0,  43,            34,            805,              25,        1, Partner    ,           3,         1, Graduate       ,       0
 55249.0,       0,        1,      81,       97,         1,              19,               2,                0,           11,                 1,               2,                   1,                 4,                 3,            0,            0,            0,            0,            0,        0,        0,  58,            73,            130,               8,        1, Partner    ,           3,         1, Postgraduate   ,       1
 84906.0,       0,        0,      98,      997,        15,             414,              99,               30,           76,                 1,               5,                   6,                12,                 2,            0,            1,            1,            0,            1,        0,        0,  42,           268,           1631,              24,        0, Partner    ,           2,         0, Graduate       ,       2
 28691.0,       1,        0,      56,        5,         4,              13,               8,                0,            4,                 1,               1,                   0,                 3,                 8,            0,            0,            0,            0,            0,        0,        0,  25,           360,             34,               5,        1, Partner    ,           3,         1, Graduate       ,       3
 44213.0,       1,        1,      48,       95,        11,              35,               0,                4,            7,                 4,               2,                   1,                 5,                 6,            0,            0,            0,            0,            0,        0,        0,  62,           212,            152,              12,        2, Alone      ,           3,         1, Graduate       ,       1
 25707.0,       1,        0,      18,        1,         6,               2,               3,                6,            3,                 1,               1,                   0,                 3,                 7,            0,            0,            0,            0,            0,        0,        0,  30,           162,             21,               5,        1, Alone      ,           2,         1, Undergraduate  ,       3
 59062.0,       2,        1,      74,       46,         1,              12,               3,                0,            9,                 2,               2,                   0,                 3,                 4,            0,            0,            0,            0,            0,        0,        0,  47,           269,             71,               7,        3, Partner    ,           5,         1, Postgraduate   ,       1
 76624.0,       0,        1,      68,      411,       106,             147,              54,              115,           66,                 1,               5,                  10,                 7,                 1,            1,            0,            0,            0,            0,        0,        0,  52,            36,            899,              23,        1, Alone      ,           2,         1, Graduate       ,       2
 66000.0,       0,        0,      36,      244,        51,             270,             101,                0,           45,                 1,               1,                   3,                 5,                 1,            0,            0,            0,            0,            0,        0,        0,  67,            70,            711,              10,        0, Partner    ,           2,         0, Postgraduate   ,       2
 27683.0,       1,        0,      90,      152,         9,             121,              12,               12,           45,                 4,               6,                   2,                 4,                 8,            0,            0,            0,            0,            0,        0,        0,  36,           694,            351,              16,        1, Partner    ,           3,         1, Postgraduate   ,       0
  1730.0,       0,        0,      65,        1,         1,               3,               1,                1,            1,                15,               0,                   0,                 0,                20,            0,            0,            0,            0,            0,        0,        0,  43,            42,              8,              15,        0, Alone      ,           1,         0, Graduate       ,       3
  7500.0,       1,        0,      63,       10,        17,              18,               8,               26,           40,                 4,               3,                   2,                 2,                 9,            0,            0,            0,            0,            0,        0,        0,  22,           573,            119,              11,        1, Alone      ,           2,         1, Undergraduate  ,       3
 40521.0,       1,        1,      82,       12,         0,               5,               0,                0,            4,                 1,               0,                   1,                 2,                 5,            0,            0,            0,            0,            0,        0,        0,  46,           450,             21,               4,        2, Partner    ,           4,         1, Graduate       ,       1
 20427.0,       1,        0,      63,        5,         0,               4,               0,                0,            1,                 1,               1,                   0,                 2,                 8,            0,            0,            0,            0,            0,        0,        0,  41,            97,             10,               4,        1, Partner    ,           3,         1, Postgraduate   ,       1
 65106.0,       0,        1,      55,      790,        19,             133,              12,                0,           19,                 3,               8,                   3,                13,                 6,            0,            1,            0,            0,            0,        0,        0,  39,            36,            973,              27,        1, Partner    ,           3,         1, Graduate       ,       0
 69969.0,       0,        0,      64,      882,        29,             514,              38,               29,           44,                 1,               4,                   2,                 6,                 3,            0,            0,            1,            1,            0,        0,        1,  49,           306,           1536,              13,        0, Partner    ,           2,         0, Postgraduate   ,       2
 67433.0,       0,        2,      51,      615,        28,             259,              12,               48,           30,                 4,               6,                   5,                13,                 4,            0,            1,            0,            0,            0,        0,        0,  62,           348,            992,              28,        2, Partner    ,           4,         1, Graduate       ,       0
 77766.0,       0,        1,      97,     1004,        59,             265,             115,               59,           27,                 2,              11,                  10,                11,                 6,            1,            0,            0,            0,            0,        0,        1,  47,           492,           1529,              34,        1, Partner    ,           3,         1, Postgraduate   ,       0
 74716.0,       0,        1,      92,      133,        27,             421,              13,              195,           71,                 2,               7,                   3,                 5,                 4,            0,            0,            0,            0,            0,        0,        0,  42,           290,            860,              17,        1, Partner    ,           3,         1, Graduate       ,       0
 68118.0,       0,        1,      51,      595,        23,             123,              10,               23,          154,                 2,               8,                   9,                 4,                 6,            0,            0,            0,            0,            0,        0,        0,  51,           254,            928,              23,        1, Alone      ,           2,         1, Graduate       ,       2
 55158.0,       1,        1,      72,      293,         0,              87,               4,               11,           23,                 4,               7,                   2,                 5,                 7,            0,            0,            0,            0,            0,        0,        1,  44,           699,            418,              18,        2, Partner    ,           4,         1, Postgraduate   ,       0
 62972.0,       0,        1,      39,      313,        15,              47,              20,                0,          192,                 2,               7,                   4,                 3,                 6,            0,            0,            0,            0,            0,        0,        1,  59,           695,            587,              16,        1, Partner    ,           3,         1, Undergraduate  ,       0
 74190.0,       0,        1,      49,      151,        81,              86,             168,               91,           64,                 2,               4,                   2,                11,                 2,            0,            0,            0,            0,            0,        0,        0,  39,            48,            641,              19,        1, Partner    ,           3,         1, Graduate       ,       2
 39356.0,       1,        1,      21,       15,         0,               2,               0,                0,            6,                 1,               1,                   0,                 2,                 6,            1,            0,            0,            0,            0,        0,        0,  38,           102,             23,               4,        2, Partner    ,           4,         1, Graduate       ,       1
 76653.0,       0,        0,      91,      736,        63,             946,             219,              189,          126,                 1,               4,                   7,                11,                 2,            0,            0,            1,            1,            0,        0,        0,  45,           317,           2279,              23,        0, Partner    ,           2,         0, Graduate       ,       2
 35860.0,       1,        1,      37,       15,         0,               8,               4,                2,           20,                 2,               1,                   1,                 2,                 5,            1,            0,            0,            0,            0,        0,        0,  41,            41,             49,               6,        2, Alone      ,           3,         1, Postgraduate   ,       1
 90687.0,       0,        0,      98,      982,        17,             672,              23,               34,           51,                 1,               6,                   2,                 8,                 2,            0,            0,            1,            0,            0,        0,        1,  31,           403,           1779,              17,        0, Alone      ,           1,         0, Postgraduate   ,       2
 73450.0,       0,        0,      85,     1142,        51,             415,              90,               69,           37,                 1,               7,                   8,                11,                 3,            1,            0,            0,            1,            0,        0,        0,  32,           206,           1804,              27,        0, Partner    ,           2,         0, Postgraduate   ,       2
 31454.0,       1,        1,      40,       28,         0,              11,               0,                0,            9,                 3,               2,                   0,                 3,                 8,            0,            0,            0,            0,            0,        0,        0,  54,           358,             48,               8,        2, Partner    ,           4,         1, Graduate       ,       1
 47139.0,       1,        1,       2,       46,         0,              12,               0,                2,           23,                 2,               2,                   1,                 2,                 7,            0,            0,            0,            0,            0,        0,        1,  62,           115,             83,               7,        2, Alone      ,           3,         1, Graduate       ,       1
 83829.0,       0,        0,      78,      897,       161,             430,             186,              161,           27,                 0,               4,                   7,                 6,                 1,            1,            0,            1,            1,            0,        0,        1,  39,           264,           1862,              17,        0, Alone      ,           1,         0, Graduate       ,       2
 53378.0,       1,        1,      41,      489,         6,             152,               8,                6,          132,                10,               9,                   4,                 6,                 8,            0,            0,            0,            0,            0,        0,        1,  51,           643,            793,              29,        2, Partner    ,           4,         1, Postgraduate   ,       0
 19656.0,       1,        0,      94,       25,         4,               9,               6,                8,           32,                 3,               2,                   1,                 3,                 7,            0,            0,            0,            0,            0,        0,        0,  44,           506,             84,               9,        1, Partner    ,           3,         1, Graduate       ,       1
 45579.0,       0,        1,      10,      145,         1,              33,               2,                1,            1,                 1,               4,                   1,                 4,                 6,            0,            0,            0,            0,            0,        0,        0,  66,           313,            183,              10,        1, Partner    ,           3,         1, Postgraduate   ,       1
 85485.0,       0,        0,      73,      630,        26,             611,              44,               18,           54,                 1,               6,                   6,                 6,                 2,            0,            0,            0,            0,            0,        0,        0,  56,             8,           1383,              19,        0, Alone      ,           1,         0, Undergraduate  ,       2
 55956.0,       0,        0,      22,      760,        38,             104,              50,                9,           38,                 2,               7,                   3,                 4,                 4,            0,            1,            0,            0,            0,        0,        0,  70,            83,            999,              16,        0, Partner    ,           2,         0, Graduate       ,       2
 64191.0,       0,        1,      30,      420,        15,             186,             151,               38,           15,                 3,               5,                   3,                13,                 3,            0,            0,            0,            0,            0,        0,        0,  51,           523,            825,              24,        1, Alone      ,           2,         1, Postgraduate   ,       2
 38808.0,       1,        0,      21,      125,        17,              52,               3,               19,           30,                 4,               5,                   1,                 4,                 8,            1,            0,            0,            0,            0,        0,        1,  42,           672,            246,              14,        1, Alone      ,           2,         1, Graduate       ,       3
 57183.0,       1,        1,      51,      464,         5,              64,               7,                0,           70,                 8,               9,                   1,                 7,                 8,            0,            0,            0,            0,            0,        0,        0,  48,           467,            610,              25,        2, Partner    ,           4,         1, Postgraduate   ,       0
 23748.0,       1,        0,      97,        6,         6,              29,              12,               15,            8,                 3,               2,                   1,                 3,                 8,            0,            0,            0,            0,            0,        0,        0,  46,           585,             76,               9,        1, Alone      ,           2,         1, Postgraduate   ,       3
 66303.0,       0,        1,      56,     1090,        12,              96,              16,               12,           60,                 4,               3,                   4,                11,                 8,            0,            1,            0,            0,            0,        0,        0,  43,           488,           1286,              22,        1, Partner    ,           3,         1, Graduate       ,       0
 37368.0,       1,        0,       4,        3,         2,              11,               2,                2,           10,                 1,               1,                   0,                 2,                 6,            1,            0,            0,            0,            0,        0,        0,  39,           195,             30,               4,        1, Partner    ,           3,         1, Postgraduate   ,       1
 40800.0,       1,        2,      77,       24,         0,              27,               8,               30,           10,                 2,               3,                   0,                 3,                 7,            0,            0,            0,            0,            0,        1,        0,  50,           544,             99,               8,        3, Partner    ,           5,         1, Graduate       ,       1
 71847.0,       0,        0,      95,      737,        21,             106,              55,               63,          210,                 0,               6,                   7,                 9,                 3,            0,            0,            0,            1,            0,        0,        0,  36,           646,           1192,              22,        0, Alone      ,           1,         0, Graduate       ,       2
 46149.0,       0,        1,      36,      254,         6,              71,               4,                0,           27,                 5,               5,                   1,                 7,                 5,            0,            0,            0,            0,            0,        0,        0,  39,           212,            362,              18,        1, Partner    ,           3,         1, Graduate       ,       0
 78687.0,       0,        0,      13,      817,       185,             687,             145,               55,          241,                 1,               4,                   6,                 8,                 2,            0,            0,            1,            0,            0,        0,        1,  31,           689,           2130,              19,        0, Partner    ,           2,         0, Graduate       ,       2
 49118.0,       0,        0,      90,      620,        54,             239,              99,               98,          119,                 2,               9,                   7,                10,                 7,            0,            1,            0,            0,            1,        0,        1,  43,           680,           1229,              28,        0, Alone      ,           1,         0, Undergraduate  ,       2
 37633.0,       1,        1,      49,       13,         4,              20,               0,                0,            1,                 2,               1,                   0,                 3,                 9,            0,            0,            0,            0,            0,        0,        0,  57,           647,             38,               6,        2, Partner    ,           4,         1, Postgraduate   ,       1
 39767.0,       0,        0,      18,      113,        61,             204,              34,               26,           47,                 2,               7,                   1,                 7,                 8,            0,            0,            0,            0,            0,        0,        0,  63,           343,            485,              17,        0, Partner    ,           2,         0, Postgraduate   ,       3
 26997.0,       0,        0,      89,        7,        23,              78,             133,               49,          144,                 2,               4,                   2,                 5,                 7,            0,            0,            0,            0,            0,        0,        0,  63,           601,            434,              13,        0, Partner    ,           2,         0, Undergraduate  ,       3
 33986.0,       1,        0,      43,       16,         2,              18,               2,                1,            5,                 1,               1,                   0,                 3,                 7,            0,            0,            0,            0,            0,        0,        0,  44,           472,             44,               5,        1, Alone      ,           2,         1, Graduate       ,       3
 57091.0,       0,        1,      82,      462,         0,              24,               6,                0,            4,                 2,               9,                   2,                 5,                 7,            0,            1,            0,            0,            0,        0,        1,  42,           583,            496,              18,        1, Partner    ,           3,         1, Postgraduate   ,       0
 46831.0,       1,        1,      84,       22,         2,              10,               6,                4,           34,                 2,               1,                   2,                 2,                 4,            0,            0,            0,            0,            0,        0,        0,  45,           386,             78,               7,        2, Partner    ,           4,         1, Undergraduate  ,       1
 83151.0,       0,        0,      80,      968,       147,             842,             137,               42,          210,                 1,               5,                   7,                10,                 2,            1,            0,            1,            1,            0,        0,        1,  42,           504,           2346,              23,        0, Partner    ,           2,         0, Postgraduate   ,       2
 52531.0,       0,        0,      68,      283,       112,             151,              51,               72,          125,                 2,               7,                   2,                10,                 6,            0,            0,            0,            0,            0,        0,        0,  43,           546,            794,              21,        0, Partner    ,           2,         0, Graduate       ,       2
 15759.0,       0,        0,      12,        1,         2,               5,               6,                0,            3,                 1,               1,                   0,                 2,                 7,            0,            0,            0,            0,            0,        0,        0,  58,           297,             17,               4,        0, Partner    ,           2,         0, Graduate       ,       3
 22804.0,       1,        0,      75,       14,         1,               7,               2,                1,            1,                 1,               2,                   0,                 2,                 9,            0,            0,            0,            0,            0,        0,        0,  43,           333,             26,               5,        1, Alone      ,           2,         1, Graduate       ,       3
 43050.0,       1,        0,      10,       30,         5,              24,               6,                3,            8,                 2,               2,                   0,                 4,                 5,            0,            0,            0,            0,            0,        0,        0,  41,           103,             76,               8,        1, Partner    ,           3,         1, Undergraduate  ,       1
 42997.0,       1,        1,      91,        4,         0,               5,               0,                1,            5,                 1,               1,                   0,                 2,                 7,            0,            0,            0,            0,            0,        0,        0,  37,           204,             15,               4,        2, Alone      ,           3,         1, Postgraduate   ,       3
 48918.0,       1,        1,      21,       52,         0,               9,               0,                0,            1,                 2,               1,                   0,                 4,                 4,            0,            0,            0,            0,            0,        0,        0,  51,            78,             62,               7,        2, Alone      ,           3,         1, Postgraduate   ,       1
 60033.0,       0,        1,      28,       62,         1,              57,              19,               11,           48,                 2,               2,                   1,                 5,                 2,            0,            0,            0,            0,            0,        0,        0,  60,            92,            198,              10,        1, Partner    ,           3,         1, Postgraduate   ,       1
 34043.0,       1,        0,      97,       20,         2,              14,               3,                0,           10,                 1,               2,                   0,                 2,                 9,            0,            0,            0,            0,            0,        0,        0,  36,           247,             49,               5,        1, Partner    ,           3,         1, Postgraduate   ,       1
 57811.0,       0,        1,      49,      545,         7,             114,              37,               21,           78,                 5,               7,                   2,                11,                 5,            0,            1,            0,            0,            0,        0,        0,  48,           370,            802,              25,        1, Partner    ,           3,         1, Graduate       ,       0
 78569.0,       0,        0,      14,      558,        79,             622,             207,              175,           95,                 1,               4,                   6,                 4,                 1,            0,            0,            1,            0,            0,        0,        1,  68,           130,           1736,              15,        0, Partner    ,           2,         0, Graduate       ,       2
  7500.0,       1,        1,       5,        6,         5,               4,              13,                4,           25,                 4,               2,                   1,                 3,                 6,            0,            0,            0,            0,            0,        0,        0,  36,           549,             57,              10,        2, Alone      ,           3,         1, Graduate       ,       3
157733.0,       1,        0,      37,       39,         1,               9,               2,                0,            8,                 0,               1,                   0,                 1,                 1,            0,            0,            0,            0,            0,        0,        0,  43,           390,             59,               2,        1, Partner    ,           3,         1, Postgraduate   ,       2
 94384.0,       0,        0,      62,     1111,        24,             790,             160,               45,          172,                 0,               5,                   8,                 5,                 2,            0,            1,            1,            1,            0,        0,        1,  61,           482,           2302,              18,        0, Partner    ,           2,         0, Graduate       ,       2
 23148.0,       0,        0,      83,        4,         6,               8,               6,                3,           10,                 1,               2,                   0,                 3,                 7,            0,            0,            0,            0,            0,        0,        0,  29,           131,             37,               6,        0, Partner    ,           2,         0, Undergraduate  ,       3
 44267.0,       1,        1,      48,      183,         5,              65,               3,                5,           49,                 5,               5,                   2,                 4,                 9,            0,            0,            0,            0,            0,        0,        0,  44,           489,            310,              16,        2, Alone      ,           3,         1, Graduate       ,       0
 71626.0,       0,        0,      94,      546,        72,             376,              94,              145,           72,                 1,               5,                   5,                 8,                 3,            0,            1,            0,            0,            0,        0,        0,  35,           605,           1305,              19,        0, Partner    ,           2,         0, Graduate       ,       2
 60894.0,       0,        1,      61,      606,         7,             155,              10,                0,           54,                 5,              10,                   3,                 8,                 7,            0,            0,            0,            0,            0,        0,        0,  48,           366,            832,              26,        1, Partner    ,           3,         1, Graduate       ,       0
 50200.0,       1,        1,      70,      266,         6,              51,               8,                6,           64,                 6,               7,                   1,                 5,                 8,            0,            0,            0,            0,            0,        0,        0,  38,           452,            401,              19,        2, Partner    ,           4,         1, Graduate       ,       0
 81051.0,       0,        0,      43,     1142,        29,             249,              38,               29,           14,                 1,               5,                   5,                12,                 2,            0,            1,            1,            0,            0,        0,        0,  49,            37,           1501,              23,        0, Partner    ,           2,         0, Postgraduate   ,       2
 65169.0,       0,        0,      23,     1074,         0,              69,               0,                0,           46,                 1,              10,                   4,                13,                 6,            1,            0,            1,            1,            1,        0,        1,  32,           166,           1189,              28,        0, Partner    ,           2,         0, Graduate       ,       2
 59868.0,       0,        1,      37,      771,        51,             154,              54,               10,          154,                 7,              11,                   2,                12,                 6,            0,            0,            0,            0,            0,        0,        0,  42,           342,           1194,              32,        1, Partner    ,           3,         1, Graduate       ,       0
 65695.0,       0,        1,      50,      371,        32,             189,               0,               58,            6,                 2,               5,                   4,                10,                 4,            0,            0,            0,            0,            0,        0,        0,  54,           149,            656,              21,        1, Partner    ,           3,         1, Postgraduate   ,       0
 64857.0,       0,        0,      78,      556,        14,             717,             210,                0,           43,                 1,               7,                   5,                10,                 4,            0,            0,            0,            0,            0,        0,        0,  58,           583,           1540,              23,        0, Alone      ,           1,         0, Postgraduate   ,       2
 45143.0,       0,        1,      74,      202,         5,              74,              11,                5,           14,                 3,               6,                   1,                 5,                 7,            0,            0,            0,            0,            0,        0,        0,  49,           307,            311,              15,        1, Partner    ,           3,         1, Postgraduate   ,       1
 74805.0,       0,        1,      14,      209,       162,             209,              41,              162,           37,                 5,               4,                   7,                10,                 2,            0,            0,            0,            0,            0,        0,        0,  59,           235,            820,              26,        1, Partner    ,           3,         1, Undergraduate  ,       0
 59060.0,       1,        0,      77,       35,        40,             111,              36,               40,           12,                 3,               3,                   1,                 7,                 4,            0,            0,            0,            0,            0,        0,        0,  25,           169,            274,              14,        1, Partner    ,           3,         1, Undergraduate  ,       1
 27238.0,       1,        1,      39,       37,         0,              17,               0,                0,            3,                 3,               3,                   0,                 3,                 9,            0,            0,            0,            0,            0,        0,        0,  52,           435,             57,               9,        2, Alone      ,           3,         1, Postgraduate   ,       3
 47009.0,       0,        1,      89,      171,        45,              73,              59,               10,           90,                 4,               3,                   2,                 8,                 4,            0,            0,            0,            0,            0,        0,        0,  49,           271,            448,              17,        1, Partner    ,           3,         1, Graduate       ,       0
 46094.0,       1,        1,      62,       12,         2,              20,               3,                2,            5,                 1,               1,                   0,                 3,                 7,            0,            0,            0,            0,            0,        0,        0,  41,            19,             44,               5,        2, Partner    ,           4,         1, Undergraduate  ,       1
 40321.0,       1,        1,      59,       44,         4,              21,               6,                0,           27,                 2,               3,                   0,                 3,                 7,            0,            0,            0,            0,            0,        0,        0,  42,           335,            102,               8,        2, Partner    ,           4,         1, Graduate       ,       1
 37235.0,       1,        0,      68,       20,         2,               9,               4,                6,           20,                 1,               1,                   1,                 2,                 4,            0,            0,            0,            0,            0,        0,        0,  30,           148,             61,               5,        1, Partner    ,           3,         1, Graduate       ,       1
 81843.0,       0,        0,      13,      779,        86,             537,              34,               69,          138,                 1,               5,                   9,                12,                 3,            0,            0,            0,            0,            0,        0,        0,  54,           433,           1643,              27,        0, Partner    ,           2,         0, Postgraduate   ,       2
 46692.0,       0,        1,      37,      170,         6,              97,              24,               12,           88,                 3,               6,                   1,                 5,                 6,            0,            0,            0,            0,            0,        0,        0,  56,           388,            397,              15,        1, Partner    ,           3,         1, Postgraduate   ,       1
 77382.0,       0,        1,      36,      491,        48,             231,             112,              105,          134,                 2,               5,                   7,                12,                 1,            0,            0,            1,            0,            0,        0,        0,  46,           173,           1121,              26,        1, Partner    ,           3,         1, Graduate       ,       2
 37774.0,       2,        0,      28,      173,         8,             107,               7,                2,          176,                 4,               7,                   2,                 3,                 9,            1,            0,            0,            0,            0,        1,        1,  37,           664,            473,              16,        2, Alone      ,           3,         1, Graduate       ,       0
 18393.0,       1,        0,       2,        7,        10,              13,              16,                0,            4,                 2,               3,                   0,                 3,                 8,            0,            0,            0,            0,            0,        0,        0,  40,            92,             50,               8,        1, Partner    ,           3,         1, Undergraduate  ,       1
 72828.0,       0,        1,      17,     1205,         0,             235,              19,               14,          205,                 6,               6,                   3,                13,                 7,            0,            0,            0,            0,            0,        0,        0,  52,           500,           1678,              28,        1, Partner    ,           3,         1, Postgraduate   ,       0
 24711.0,       0,        0,      86,       10,         7,              25,               6,                3,            7,                 1,               3,                   0,                 3,                 7,            0,            0,            0,            0,            0,        0,        0,  32,            72,             58,               7,        0, Partner    ,           2,         0, Graduate       ,       3
 45503.0,       1,        0,      54,       97,         4,              44,               6,                1,           18,                 1,               3,                   1,                 4,                 5,            0,            0,            0,            0,            0,        0,        0,  39,           277,            170,               9,        1, Partner    ,           3,         1, Postgraduate   ,       1
  6560.0,       0,        0,       2,       67,        11,              26,               4,                3,          262,                 0,               1,                   0,                 1,                17,            0,            0,            0,            0,            0,        0,        0,  32,           199,            373,               2,        0, Alone      ,           1,         0, Postgraduate   ,       3
 71604.0,       0,        0,       3,      345,        53,             528,              98,               75,           97,                 1,               8,                   3,                 5,                 4,            1,            0,            0,            0,            0,        0,        1,  69,           224,           1196,              17,        0, Partner    ,           2,         0, Postgraduate   ,       2
 27244.0,       1,        0,      84,        6,         5,              17,               3,               24,           46,                 2,               2,                   2,                 2,                 7,            0,            0,            0,            0,            0,        0,        0,  35,           114,            101,               8,        1, Partner    ,           3,         1, Graduate       ,       1
 48752.0,       1,        1,       8,       73,        57,             100,              71,               15,            0,                 5,               6,                   1,                 5,                 9,            0,            0,            0,            0,            0,        0,        1,  45,           564,            316,              17,        2, Partner    ,           4,         1, Graduate       ,       0
 71434.0,       0,        1,       4,      711,        36,             217,             172,               96,          168,                 3,               7,                   4,                 7,                 4,            0,            1,            0,            1,            0,        0,        0,  52,           284,           1400,              21,        1, Partner    ,           3,         1, Graduate       ,       0
 90842.0,       0,        0,      57,      774,        70,             118,             182,              187,           93,                 1,               4,                   9,                13,                 1,            0,            0,            0,            0,            0,        0,        0,  66,           335,           1424,              27,        0, Alone      ,           1,         0, Graduate       ,       2
 88097.0,       1,        0,      24,      163,         0,             480,               0,              126,           75,                 1,               6,                   5,                 8,                 9,            0,            1,            1,            1,            0,        0,        1,  36,           680,            844,              20,        1, Partner    ,           3,         1, Postgraduate   ,       0
 51948.0,       0,        1,      51,       82,        33,              54,              71,               30,           41,                 2,               5,                   2,                 4,                 5,            0,            0,            0,            0,            0,        0,        0,  39,           285,            311,              13,        1, Partner    ,           3,         1, Graduate       ,       1
 71853.0,       0,        0,      29,      358,       108,             413,             141,               97,           32,                 1,               2,                   8,                 6,                 1,            0,            0,            0,            0,            0,        0,        0,  32,           417,           1149,              17,        0, Partner    ,           2,         0, Graduate       ,       2
 35876.0,       0,        0,      13,       66,         2,              40,               4,                3,           14,                 1,               3,                   1,                 3,                 6,            0,            0,            0,            0,            0,        0,        0,  31,            70,            129,               8,        0, Partner    ,           2,         0, Postgraduate   ,       3
 40049.0,       0,        1,      23,       13,         6,               7,               0,                3,            3,                 1,               1,                   0,                 3,                 6,            0,            0,            0,            0,            0,        0,        0,  62,           256,             32,               5,        1, Alone      ,           2,         1, Graduate       ,       3
 39660.0,       1,        0,      36,      139,        13,              78,              20,               13,           36,                 3,               7,                   1,                 3,                 9,            0,            0,            0,            0,            0,        0,        1,  32,           690,            299,              14,        1, Alone      ,           2,         1, Graduate       ,       3
 50127.0,       0,        1,      88,      274,         0,              21,               4,                6,           15,                 1,               5,                   1,                 6,                 6,            0,            1,            0,            0,            0,        0,        0,  52,            31,            320,              13,        1, Partner    ,           3,         1, Graduate       ,       1
 43263.0,       0,        1,       2,      262,         6,              61,               0,               10,          102,                 3,               5,                   2,                 6,                 5,            0,            0,            0,            0,            0,        0,        0,  37,           585,            441,              16,        1, Partner    ,           3,         1, Postgraduate   ,       0
 62845.0,       1,        1,       3,     1099,         0,              45,               0,                0,           34,                11,               3,                   4,                10,                 8,            0,            1,            0,            0,            0,        0,        1,  65,           636,           1178,              28,        2, Partner    ,           4,         1, Postgraduate   ,       0
 18929.0,       0,        0,      15,       32,         0,               8,              23,                4,           18,                 1,               1,                   0,                 4,                 6,            0,            0,            0,            0,            0,        0,        0,  24,           498,             85,               6,        0, Partner    ,           2,         0, Graduate       ,       3
 24367.0,       1,        0,      58,        2,         4,               2,               0,               11,            5,                 1,               1,                   0,                 2,                 9,            0,            0,            0,            0,            0,        0,        0,  32,           466,             24,               4,        1, Alone      ,           2,         1, Undergraduate  ,       3
 33249.0,       1,        0,      11,        6,        10,              21,              19,               14,           42,                 2,               2,                   1,                 3,                 6,            0,            0,            0,            0,            0,        0,        0,  39,           494,            112,               8,        1, Alone      ,           2,         1, Graduate       ,       3
 26887.0,       0,        1,      27,        6,         7,               4,               3,                4,            6,                 1,               1,                   0,                 3,                 6,            0,            0,            0,            0,            0,        0,        0,  55,           504,             30,               5,        1, Partner    ,           3,         1, Undergraduate  ,       1
 50150.0,       0,        0,      32,      135,        46,              92,              65,               61,           11,                 2,               5,                   2,                 7,                 5,            0,            0,            0,            0,            0,        0,        0,  31,           374,            410,              16,        0, Partner    ,           2,         0, Postgraduate   ,       3
 62061.0,       0,        1,      12,      641,         7,              84,               0,               30,           38,                 3,              10,                   4,                 7,                 6,            0,            1,            0,            0,            0,        0,        0,  38,           302,            800,              24,        1, Partner    ,           3,         1, Graduate       ,       0
 85696.0,       0,        0,      88,      714,        76,             395,             116,                0,           12,                 1,               4,                   6,                 9,                 1,            0,            0,            0,            0,            0,        0,        1,  52,           422,           1313,              20,        0, Alone      ,           1,         0, Postgraduate   ,       2
 76542.0,       0,        0,      91,      794,        73,             573,               0,               29,           14,                 1,               4,                   8,                10,                 2,            0,            0,            0,            0,            0,        0,        0,  58,           456,           1483,              23,        0, Partner    ,           2,         0, Postgraduate   ,       2
 70515.0,       0,        0,      12,      420,         0,             452,             182,               64,          140,                 1,               6,                   6,                 4,                 2,            0,            0,            0,            0,            0,        0,        1,  21,           251,           1258,              17,        0, Alone      ,           1,         0, Graduate       ,       2
 18227.0,       1,        0,      21,        1,         2,               7,               4,                3,           11,                 1,               0,                   1,                 2,                 8,            0,            0,            0,            0,            0,        0,        0,  27,           598,             28,               4,        1, Partner    ,           3,         1, Graduate       ,       3
 69139.0,       0,        1,      23,       86,        12,              75,              33,               15,            6,                 1,               4,                   1,                 5,                 4,            0,            0,            0,            0,            0,        0,        0,  49,           153,            227,              11,        1, Partner    ,           3,         1, Graduate       ,       1
 69109.0,       0,        0,      10,      823,        25,             459,             124,               29,           95,                 1,               6,                   6,                 7,                 4,            0,            0,            1,            0,            0,        0,        1,  32,           597,           1555,              20,        0, Partner    ,           2,         0, Graduate       ,       2
 69627.0,       0,        1,      35,      231,       161,             215,             171,               30,           53,                 2,               8,                   2,                11,                 5,            0,            0,            0,            0,            0,        0,        0,  52,           469,            861,              23,        1, Alone      ,           2,         1, Graduate       ,       2
 38136.0,       1,        0,      69,        8,        15,              27,               0,               20,           33,                 2,               3,                   1,                 2,                 8,            1,            0,            0,            0,            0,        0,        0,  36,           433,            103,               8,        1, Partner    ,           3,         1, Graduate       ,       1
 62159.0,       0,        0,      68,      182,        17,             259,              77,               70,           29,                 1,               6,                   2,                10,                 4,            0,            0,            0,            0,            0,        0,        0,  68,            62,            634,              19,        0, Alone      ,           1,         0, Postgraduate   ,       2
 80695.0,       0,        0,      85,      557,       129,             984,             193,               37,           18,                 1,               5,                   8,                 5,                 2,            0,            0,            0,            0,            0,        0,        0,  51,           182,           1918,              19,        0, Alone      ,           1,         0, Graduate       ,       2
 33316.0,       1,        1,      34,       79,         1,              31,               4,                4,           12,                 3,               2,                   1,                 4,                 6,            0,            0,            0,            0,            0,        0,        0,  43,           268,            131,              10,        2, Alone      ,           3,         1, Postgraduate   ,       3
 58554.0,       1,        1,      55,      368,        24,              68,              38,                0,           88,                 6,               8,                   2,                 6,                 7,            0,            0,            0,            0,            0,        0,        0,  46,           641,            586,              22,        2, Partner    ,           4,         1, Graduate       ,       0
 17256.0,       1,        0,      10,        6,         4,              14,               8,                8,           22,                 2,               2,                   1,                 2,                 8,            1,            0,            0,            0,            0,        0,        0,  22,           218,             62,               7,        1, Partner    ,           3,         1, Undergraduate  ,       3
 53034.0,       1,        1,      30,      160,        15,             196,              15,               11,           50,                 8,               6,                   1,                 7,                 8,            0,            0,            0,            0,            0,        0,        0,  40,           395,            447,              22,        2, Alone      ,           3,         1, Graduate       ,       0
 52203.0,       0,        0,      36,      488,        21,             238,              56,              108,           28,                 1,               8,                   7,                11,                 6,            0,            0,            0,            0,            0,        0,        0,  64,           698,            939,              27,        0, Partner    ,           2,         0, Undergraduate  ,       2
 59601.0,       0,        1,      14,      691,         7,              69,               0,                7,           23,                 4,               2,                   2,                 7,                 8,            0,            1,            0,            0,            0,        0,        0,  37,           339,            797,              15,        1, Alone      ,           2,         1, Undergraduate  ,       3
 75154.0,       0,        1,      79,      543,        10,             205,             160,              143,           82,                 1,               6,                   3,                 6,                 3,            0,            0,            0,            0,            0,        0,        1,  56,           663,           1143,              16,        1, Alone      ,           2,         1, Postgraduate   ,       2
 47025.0,       0,        1,      52,      254,         7,             108,              20,                0,           26,                 3,               6,                   3,                 5,                 6,            0,            0,            0,            0,            0,        0,        0,  38,           234,            415,              17,        1, Alone      ,           2,         1, Graduate       ,       3
 37971.0,       1,        0,      97,        5,         4,              10,               2,                2,            7,                 1,               1,                   0,                 3,                 8,            0,            0,            0,            0,            0,        0,        0,  41,           216,             30,               5,        1, Partner    ,           3,         1, Graduate       ,       1
 41335.0,       1,        0,      24,      112,        19,              21,              16,               14,            5,                 3,               4,                   1,                 4,                 7,            0,            0,            0,            0,            0,        0,        0,  46,           185,            187,              12,        1, Alone      ,           2,         1, Postgraduate   ,       3
 67267.0,       0,        1,       0,      134,        11,              59,              15,                2,           30,                 1,               3,                   2,                 5,                 2,            0,            0,            0,            0,            0,        0,        0,  56,            47,            251,              11,        1, Partner    ,           3,         1, Graduate       ,       1
 57338.0,       0,        1,      96,      143,         6,              52,              11,                8,           17,                 2,               4,                   1,                 5,                 5,            0,            0,            0,            0,            0,        0,        0,  39,            61,            237,              12,        1, Alone      ,           2,         1, Graduate       ,       3
 50523.0,       1,        1,      89,       51,         4,              24,               4,                7,            1,                 2,               2,                   0,                 4,                 6,            0,            0,            0,            0,            0,        0,        0,  54,           186,             91,               8,        2, Partner    ,           4,         1, Undergraduate  ,       1
 35791.0,       2,        1,      94,       27,         0,               5,               0,                0,            3,                 2,               1,                   0,                 3,                 8,            0,            0,            0,            0,            0,        0,        0,  49,           419,             35,               6,        3, Alone      ,           4,         1, Postgraduate   ,       1
 50611.0,       0,        1,      98,      459,         0,              24,               6,                0,            4,                 6,               4,                   5,                 7,                 6,            0,            1,            0,            0,            0,        0,        0,  54,           633,            493,              22,        1, Alone      ,           2,         1, Postgraduate   ,       0
 56242.0,       0,        1,      72,      689,         8,             167,              11,                8,           88,                 5,               8,                   4,                11,                 6,            0,            0,            0,            0,            0,        0,        0,  45,           483,            971,              28,        1, Partner    ,           3,         1, Postgraduate   ,       0
 48904.0,       0,        1,       1,      283,        10,              38,               0,               13,           27,                 4,               7,                   2,                 4,                 8,            0,            0,            0,            0,            0,        0,        0,  54,           574,            371,              17,        1, Alone      ,           2,         1, Graduate       ,       0
 56243.0,       1,        2,      26,      347,         0,              35,               4,                3,            7,                 6,               4,                   2,                 8,                 5,            0,            0,            0,            0,            0,        0,        0,  39,           181,            396,              20,        3, Alone      ,           4,         1, Graduate       ,       0
 21355.0,       1,        0,       5,        5,        13,              14,               0,                5,           31,                 2,               2,                   1,                 2,                 6,            1,            0,            0,            0,            0,        0,        1,  29,           313,             68,               7,        1, Partner    ,           3,         1, Graduate       ,       1
 57420.0,       0,        1,      22,      280,         0,              18,               0,                0,           24,                 3,               5,                   1,                 6,                 7,            0,            1,            0,            0,            0,        0,        0,  43,           369,            322,              15,        1, Partner    ,           3,         1, Postgraduate   ,       1
 46390.0,       0,        1,      56,       95,        14,              64,               2,                9,           38,                 1,               4,                   2,                 3,                 7,            0,            0,            0,            0,            0,        0,        0,  59,            55,            222,              10,        1, Alone      ,           2,         1, Postgraduate   ,       3
 54342.0,       1,        1,      74,       84,        10,              34,              11,               10,           28,                 4,               3,                   1,                 4,                 6,            0,            0,            0,            0,            0,        0,        0,  58,           361,            177,              12,        2, Partner    ,           4,         1, Undergraduate  ,       1
 20895.0,       1,        0,      24,       18,         3,              17,               3,                0,            4,                 1,               2,                   0,                 3,                 9,            0,            0,            0,            0,            0,        0,        0,  41,           631,             45,               6,        1, Partner    ,           3,         1, Graduate       ,       3
 92344.0,       0,        0,       9,      992,        24,             694,              51,               19,          119,                 0,               5,                  10,                 5,                 1,            1,            0,            1,            0,            0,        0,        0,  66,           165,           1899,              20,        0, Partner    ,           2,         0, Graduate       ,       2
 26907.0,       1,        1,      10,        9,         1,               7,               0,                3,            2,                 2,               1,                   0,                 3,                 7,            0,            0,            0,            0,            0,        0,        0,  38,           313,             22,               6,        2, Partner    ,           4,         1, Undergraduate  ,       1
 44964.0,       1,        1,      35,       19,         1,              17,               2,                0,            2,                 1,               1,                   0,                 3,                 8,            0,            0,            0,            0,            0,        0,        0,  34,           560,             41,               5,        2, Partner    ,           4,         1, Graduate       ,       1
 75507.0,       0,        0,      56,      709,        93,             374,             104,               80,           80,                 1,               8,                   6,                 6,                 3,            0,            0,            0,            0,            0,        0,        0,  35,            58,           1440,              21,        0, Partner    ,           2,         0, Graduate       ,       2
 53761.0,       1,        1,       7,      158,         0,              76,              13,                7,           71,                 6,               4,                   4,                 3,                 5,            0,            0,            0,            0,            0,        0,        0,  42,           261,            325,              17,        2, Partner    ,           4,         1, Postgraduate   ,       0
 22682.0,       1,        0,      51,       10,        14,              29,               4,                2,           36,                 3,               2,                   1,                 4,                 4,            0,            0,            0,            0,            0,        0,        0,  41,           269,             95,              10,        1, Partner    ,           3,         1, Graduate       ,       1
 38887.0,       1,        0,      17,       25,         1,              13,               0,                0,            3,                 1,               1,                   0,                 3,                 7,            0,            0,            0,            0,            0,        0,        0,  42,           119,             42,               5,        1, Partner    ,           3,         1, Postgraduate   ,       1
 41658.0,       1,        1,      30,        8,         4,              12,              15,                4,           29,                 2,               1,                   1,                 2,                 4,            0,            0,            0,            0,            0,        0,        0,  39,           597,             72,               6,        2, Alone      ,           3,         1, Undergraduate  ,       3
 29791.0,       1,        0,      21,       14,         0,               6,               0,                0,            0,                 2,               2,                   0,                 3,                 5,            0,            0,            0,            0,            0,        0,        0,  42,            45,             20,               7,        1, Partner    ,           3,         1, Postgraduate   ,       1
 63915.0,       0,        2,       2,      622,         7,             115,              30,                0,           15,                 2,               6,                   3,                12,                 5,            0,            0,            0,            0,            0,        0,        0,  58,           334,            789,              23,        2, Partner    ,           4,         1, Postgraduate   ,       0
 39996.0,       1,        1,      85,       11,         0,               3,               0,                0,            1,                 1,               1,                   0,                 2,                 6,            0,            0,            0,            0,            0,        0,        0,  40,            38,             15,               4,        2, Alone      ,           3,         1, Graduate       ,       1
 26759.0,       1,        0,      65,       25,         3,              16,               8,                5,            2,                 2,               2,                   1,                 3,                 6,            0,            0,            0,            0,            0,        0,        0,  42,           142,             59,               8,        1, Alone      ,           2,         1, Graduate       ,       3
 63841.0,       0,        1,      64,      635,        15,             100,              20,                7,          131,                 1,               9,                   3,                 9,                 6,            0,            0,            0,            0,            0,        0,        0,  46,           434,            908,              22,        1, Alone      ,           2,         1, Postgraduate   ,       2
 51039.0,       1,        1,      11,      100,        64,              79,              65,                0,          109,                 2,               6,                   2,                 4,                 7,            0,            0,            0,            0,            0,        0,        0,  45,           566,            417,              14,        2, Partner    ,           4,         1, Postgraduate   ,       1
 60544.0,       1,        1,      92,      201,         2,              43,               3,                5,           35,                 4,               5,                   1,                 5,                 6,            0,            0,            0,            0,            0,        0,        0,  53,           673,            289,              15,        2, Partner    ,           4,         1, Graduate       ,       0
 65685.0,       0,        1,      54,      642,        14,              49,               0,                7,           57,                 1,               9,                   2,                 9,                 5,            0,            0,            0,            0,            0,        0,        0,  42,            92,            769,              21,        1, Partner    ,           3,         1, Graduate       ,       1
 37716.0,       0,        1,       4,       97,         1,              41,               6,                2,           41,                 2,               4,                   1,                 3,                 7,            0,            0,            0,            0,            0,        0,        0,  61,            69,            188,              10,        1, Partner    ,           3,         1, Graduate       ,       1
 36864.0,       0,        1,      53,      204,         5,              39,              17,                0,           89,                 3,               5,                   2,                 4,                 8,            0,            0,            0,            0,            0,        0,        1,  57,           685,            354,              14,        1, Alone      ,           2,         1, Graduate       ,       3
 44511.0,       1,        0,      39,      513,         7,             133,              46,               14,           14,                 6,               8,                   4,                 8,                 8,            0,            0,            0,            0,            0,        0,        0,  44,           625,            727,              26,        1, Partner    ,           3,         1, Postgraduate   ,       0
 36947.0,       1,        1,      49,       88,         3,              21,               4,                1,           29,                 4,               3,                   0,                 4,                 9,            0,            0,            0,            0,            0,        0,        0,  47,           691,            146,              11,        2, Partner    ,           4,         1, Postgraduate   ,       1
 47352.0,       0,        1,      70,      172,        12,             112,               8,                0,           15,                 4,               6,                   1,                 5,                 7,            0,            0,            0,            0,            0,        0,        0,  63,           444,            319,              16,        1, Partner    ,           3,         1, Postgraduate   ,       0
 67087.0,       0,        1,      40,      329,        35,             222,             130,               35,           43,                 2,               7,                   5,                 8,                 4,            0,            0,            0,            0,            0,        0,        0,  61,           194,            794,              22,        1, Partner    ,           3,         1, Postgraduate   ,       0
 57045.0,       0,        1,      40,      296,        13,             104,              11,               13,           17,                 3,               4,                   2,                 9,                 3,            0,            0,            0,            0,            0,        0,        0,  64,           659,            454,              18,        1, Partner    ,           3,         1, Graduate       ,       0
 36957.0,       1,        1,      43,      100,         2,              16,               2,                1,           31,                 4,               3,                   2,                 2,                 9,            0,            0,            0,            0,            0,        0,        1,  61,           661,            152,              11,        2, Alone      ,           3,         1, Postgraduate   ,       3
 69389.0,       0,        1,      17,      422,         7,             238,              69,               46,           15,                 1,               7,                   2,                12,                 4,            0,            0,            0,            0,            0,        0,        0,  37,           639,            797,              22,        1, Partner    ,           3,         1, Postgraduate   ,       0
 80134.0,       1,        0,      40,     1218,        16,             272,             104,                0,           80,                 2,               5,                   3,                 6,                 6,            0,            1,            1,            1,            0,        0,        1,  42,           405,           1690,              16,        1, Partner    ,           3,         1, Graduate       ,       0
 43142.0,       1,        1,      84,        5,         1,               7,               2,                1,            4,                 1,               1,                   0,                 2,                 7,            0,            0,            0,            0,            0,        0,        0,  45,           131,             20,               4,        2, Partner    ,           4,         1, Postgraduate   ,       1
 80589.0,       0,        0,      25,      507,        93,             520,             242,               40,           26,                 1,               5,                  10,                 5,                 1,            0,            0,            0,            1,            0,        0,        1,  70,           158,           1428,              21,        0, Partner    ,           2,         0, Graduate       ,       2
 34412.0,       1,        0,      62,       52,        12,              50,               4,               36,           55,                 3,               5,                   0,                 3,                 9,            0,            0,            0,            0,            0,        0,        0,  24,           501,            209,              11,        1, Alone      ,           2,         1, Graduate       ,       3
 57537.0,       1,        0,      83,      191,        56,             139,              51,                8,          100,                 4,               4,                   3,                 8,                 4,            0,            0,            0,            0,            0,        0,        0,  35,           384,            545,              19,        1, Alone      ,           2,         1, Graduate       ,       0
 22634.0,       0,        0,      47,        2,        23,              11,               8,                6,           46,                 1,               2,                   1,                 2,                 8,            0,            0,            0,            0,            0,        0,        0,  48,           529,             96,               6,        0, Partner    ,           2,         0, Undergraduate  ,       3
 51315.0,       0,        0,      45,       68,        28,              39,              16,               30,           41,                 1,               2,                   2,                 5,                 2,            0,            0,            0,            0,            0,        0,        0,  66,           126,            222,              10,        0, Partner    ,           2,         0, Graduate       ,       2
 36026.0,       2,        1,      34,       20,         4,              10,               6,                4,           17,                 2,               2,                   0,                 3,                 6,            0,            0,            0,            0,            0,        0,        0,  42,           105,             61,               7,        3, Partner    ,           5,         1, Graduate       ,       1
 24639.0,       1,        1,       3,       20,         3,              16,               0,                4,            1,                 3,               2,                   0,                 4,                 6,            0,            0,            0,            0,            0,        0,        0,  41,           152,             44,               9,        2, Partner    ,           4,         1, Graduate       ,       1
 34578.0,       2,        1,       1,        7,         0,               1,               0,                0,            0,                 1,               1,                   0,                 2,                 6,            0,            0,            0,            0,            0,        0,        0,  42,            79,              8,               4,        3, Partner    ,           5,         1, Postgraduate   ,       1
 65704.0,       0,        0,      18,      279,       172,              74,              38,                8,          246,                 1,               2,                  10,                10,                 1,            0,            0,            0,            0,            0,        0,        0,  42,           259,            817,              23,        0, Alone      ,           1,         0, Undergraduate  ,       2
 63810.0,       0,        1,      45,      977,        12,             253,              16,               12,          101,                 4,               4,                   3,                12,                 8,            0,            1,            0,            0,            0,        0,        0,  48,           595,           1371,              23,        1, Alone      ,           2,         1, Graduate       ,       0
 54132.0,       0,        1,      81,       30,         1,               8,               0,                0,            3,                 1,               1,                   0,                 3,                 7,            0,            0,            0,            0,            0,        0,        0,  45,           133,             42,               5,        1, Partner    ,           3,         1, Postgraduate   ,       1
 18690.0,       0,        0,      77,        6,         1,               7,              23,                4,           19,                 1,               1,                   1,                 2,                 8,            0,            0,            0,            0,            0,        0,        0,  55,           548,             60,               5,        0, Partner    ,           2,         0, Graduate       ,       3
 28164.0,       1,        0,      23,        3,        18,              26,              11,                8,           12,                 3,               2,                   0,                 4,                 7,            0,            0,            0,            0,            0,        0,        0,  44,           421,             78,               9,        1, Partner    ,           3,         1, Graduate       ,       1
 34596.0,       1,        0,      48,       14,         0,               2,               0,                0,            7,                 1,               1,                   0,                 2,                 8,            0,            0,            0,            0,            0,        0,        0,  40,           442,             23,               4,        1, Partner    ,           3,         1, Postgraduate   ,       1
 43269.0,       1,        0,      61,       10,         1,               7,               0,                0,            1,                 1,               1,                   0,                 2,                 8,            0,            0,            0,            0,            0,        0,        0,  42,           286,             19,               4,        1, Partner    ,           3,         1, Postgraduate   ,       1
 38741.0,       1,        1,      60,        7,        10,              17,               8,                6,           13,                 2,               2,                   0,                 3,                 7,            0,            0,            0,            0,            0,        0,        0,  56,            91,             61,               7,        2, Alone      ,           3,         1, Undergraduate  ,       1
 31907.0,       0,        0,      75,       33,        87,              64,             175,               16,           74,                 1,               6,                   1,                 6,                 7,            0,            0,            0,            0,            0,        0,        0,  42,           482,            449,              14,        0, Alone      ,           1,         0, Graduate       ,       3
 27100.0,       1,        0,      64,       12,         0,              13,               2,                0,           10,                 1,               1,                   0,                 3,                 7,            0,            0,            0,            0,            0,        0,        0,  31,           450,             37,               5,        1, Partner    ,           3,         1, Postgraduate   ,       3
 31163.0,       1,        0,      54,        2,         3,              10,              11,                2,           10,                 1,               1,                   0,                 3,                 6,            0,            0,            0,            0,            0,        0,        0,  41,           136,             38,               5,        1, Alone      ,           2,         1, Undergraduate  ,       3
 92533.0,       0,        0,      84,      693,        21,             118,             110,              147,           42,                 1,               6,                   5,                11,                 2,            0,            0,            1,            1,            0,        0,        0,  29,           192,           1131,              23,        0, Partner    ,           2,         0, Graduate       ,       2
 34853.0,       1,        1,      75,        9,         3,              15,               2,                3,            2,                 2,               2,                   0,                 3,                 6,            0,            0,            0,            0,            0,        0,        0,  41,           188,             34,               7,        2, Alone      ,           3,         1, Graduate       ,       1
 70844.0,       1,        1,      16,      129,        26,              67,               3,               67,            2,                 5,               6,                   1,                 5,                 7,            0,            0,            0,            0,            0,        0,        0,  47,           242,            294,              17,        2, Alone      ,           3,         1, Graduate       ,       0
 31086.0,       1,        1,      79,       16,         2,              11,               3,                0,           16,                 2,               1,                   1,                 2,                 8,            1,            0,            0,            0,            0,        0,        0,  35,           421,             48,               6,        2, Partner    ,           4,         1, Undergraduate  ,       1
 60544.0,       1,        1,      92,      201,         2,              43,               3,                5,           35,                 4,               5,                   1,                 5,                 6,            0,            0,            0,            0,            0,        0,        0,  53,           673,            289,              15,        2, Partner    ,           4,         1, Graduate       ,       0
 20491.0,       0,        0,      16,        5,         4,               5,               4,                2,           10,                 1,               0,                   1,                 2,                 7,            0,            0,            0,            0,            0,        0,        0,  28,           520,             30,               4,        0, Partner    ,           2,         0, Undergraduate  ,       3
 42523.0,       0,        0,      96,       14,        36,              11,               3,               26,           35,                 1,               1,                   1,                 4,                 2,            0,            0,            0,            0,            0,        0,        0,  50,            67,            125,               7,        0, Partner    ,           2,         0, Graduate       ,       1
 39922.0,       1,        0,      30,       29,        12,              59,              19,                1,           36,                 2,               3,                   0,                 4,                 8,            0,            0,            0,            0,            0,        0,        0,  31,           500,            156,               9,        1, Partner    ,           3,         1, Graduate       ,       3
 33402.0,       1,        1,      60,       26,         2,              19,              10,                5,            8,                 3,               2,                   1,                 3,                 8,            0,            0,            0,            0,            0,        0,        0,  62,           346,             70,               9,        2, Partner    ,           4,         1, Graduate       ,       1
 36408.0,       1,        1,      11,        9,         1,               4,               3,                2,            3,                 1,               1,                   0,                 2,                 6,            0,            0,            0,            0,            0,        0,        0,  65,           281,             22,               4,        2, Partner    ,           4,         1, Postgraduate   ,       1
 21645.0,       1,        0,      75,       14,         0,              23,               4,                5,           19,                 3,               3,                   0,                 3,                 9,            0,            0,            0,            0,            0,        0,        1,  35,           664,             65,               9,        1, Partner    ,           3,         1, Graduate       ,       3
 78427.0,       0,        0,      36,      972,        19,             595,             180,               26,          138,                 3,               3,                   7,                10,                 3,            0,            0,            0,            1,            0,        0,        1,  66,           613,           1930,              23,        0, Alone      ,           1,         0, Postgraduate   ,       2
 82657.0,       0,        0,      71,      966,       168,             672,             246,              105,          126,                 1,               7,                   5,                10,                 4,            0,            1,            0,            1,            0,        0,        0,  68,           275,           2283,              23,        0, Partner    ,           2,         0, Graduate       ,       2
 51876.0,       0,        0,      88,       99,        27,             102,              28,               48,            6,                 1,               2,                   2,                 8,                 1,            0,            0,            0,            0,            0,        0,        0,  56,           257,            310,              13,        0, Partner    ,           2,         0, Graduate       ,       2
 78041.0,       0,        0,      93,      482,        35,             553,              72,              160,           17,                 1,               4,                   4,                 9,                 2,            0,            0,            0,            0,            0,        0,        0,  43,           560,           1319,              18,        0, Partner    ,           2,         0, Undergraduate  ,       2
 52852.0,       0,        1,      93,      714,         8,              99,              11,                0,           47,                 4,              10,                   7,                 5,                 8,            1,            0,            0,            0,            0,        0,        0,  57,           575,            879,              26,        1, Partner    ,           3,         1, Graduate       ,       0
 70038.0,       0,        0,      54,      587,        54,             348,              71,               54,          130,                 1,               4,                   4,                 8,                 2,            0,            0,            0,            0,            0,        0,        0,  32,           247,           1244,              17,        0, Partner    ,           2,         0, Postgraduate   ,       2
 69401.0,       0,        1,      41,      399,        27,             159,              58,                8,           39,                 4,               4,                   4,                 5,                 2,            0,            0,            0,            0,            0,        0,        0,  41,            98,            690,              17,        1, Partner    ,           3,         1, Undergraduate  ,       1
 46053.0,       1,        0,      46,       56,        10,              92,              19,                7,           25,                 3,               3,                   2,                 4,                 5,            0,            0,            0,            0,            0,        0,        0,  42,           497,            209,              12,        1, Partner    ,           3,         1, Graduate       ,       1
 77343.0,       0,        0,      28,      227,       151,             573,              98,               54,           31,                 1,               3,                   4,                 9,                 1,            0,            0,            0,            0,            0,        0,        0,  49,            20,           1134,              17,        0, Partner    ,           2,         0, Graduate       ,       2
 73892.0,       0,        0,      40,      703,       102,             601,               0,               58,           43,                 1,               3,                  11,                 8,                 1,            0,            0,            0,            0,            0,        0,        1,  61,           228,           1507,              23,        0, Alone      ,           1,         0, Graduate       ,       2
 40304.0,       1,        0,      82,       37,         0,              17,               0,                0,            3,                 1,               2,                   0,                 3,                 7,            0,            0,            0,            0,            0,        0,        0,  47,           272,             57,               6,        1, Alone      ,           2,         1, Postgraduate   ,       3
 32727.0,       0,        0,      38,      167,        13,             180,              86,               13,           70,                 2,               7,                   3,                 5,                 8,            0,            0,            0,            0,            0,        0,        0,  49,           670,            529,              17,        0, Partner    ,           2,         0, Postgraduate   ,       3
 68695.0,       0,        0,       3,      458,        81,             356,             106,               50,           40,                 1,               4,                   4,                 7,                 2,            0,            0,            0,            0,            0,        0,        0,  45,             4,           1091,              16,        0, Partner    ,           2,         0, Graduate       ,       2
 43300.0,       0,        1,      87,       91,         3,              52,               2,                1,           31,                 3,               4,                   0,                 4,                 8,            0,            0,            0,            0,            0,        0,        1,  43,           624,            180,              11,        1, Alone      ,           2,         1, Graduate       ,       3
 26290.0,       1,        1,      49,       15,         8,              16,              11,                5,           22,                 4,               2,                   0,                 4,                 6,            0,            0,            0,            0,            0,        0,        0,  42,           533,             77,              10,        2, Partner    ,           4,         1, Graduate       ,       1
 93790.0,       0,        0,      16,     1302,        68,             731,              89,              114,           45,                 0,               6,                   7,                12,                 2,            0,            1,            1,            1,            0,        0,        1,  44,           137,           2349,              25,        0, Alone      ,           1,         0, Graduate       ,       2
 38410.0,       0,        0,      65,      153,        64,             123,             116,               64,           14,                 2,               5,                   2,                 9,                 6,            0,            0,            0,            0,            0,        0,        1,  40,           653,            534,              18,        0, Partner    ,           2,         0, Postgraduate   ,       3
 64866.0,       0,        1,       9,      508,         5,              21,               7,                5,           10,                 4,               7,                   3,                 7,                 5,            0,            1,            0,            0,            0,        0,        0,  64,           154,            556,              21,        1, Alone      ,           2,         1, Postgraduate   ,       0
 57957.0,       0,        1,      24,      290,        59,             177,              77,                5,           29,                 7,               4,                   6,                 8,                 3,            0,            0,            0,            0,            0,        1,        0,  55,           314,            637,              25,        1, Partner    ,           3,         1, Graduate       ,       0
 46015.0,       1,        1,      25,       38,         0,               2,               0,                0,            6,                 1,               1,                   0,                 3,                 7,            1,            0,            0,            0,            1,        0,        0,  59,            77,             46,               5,        2, Partner    ,           4,         1, Postgraduate   ,       1
 16531.0,       1,        0,      43,        2,        13,               6,               7,                5,           11,                 3,               3,                   0,                 3,                 7,            0,            0,            0,            0,            0,        0,        0,  36,            11,             44,               9,        1, Partner    ,           3,         1, Graduate       ,       1
 28072.0,       1,        0,      10,       30,         0,              10,               2,                0,            5,                 1,               1,                   0,                 3,                 7,            0,            0,            0,            0,            0,        0,        0,  28,           356,             47,               5,        1, Partner    ,           3,         1, Postgraduate   ,       3
 49476.0,       0,        1,      29,      386,        23,              95,              54,               41,          196,                 4,               2,                  11,                 5,                 2,            0,            0,            0,            0,            0,        0,        0,  51,           374,            795,              22,        1, Alone      ,           2,         1, Postgraduate   ,       2
 50725.0,       0,        1,      45,      443,        10,              75,               0,               10,           48,                 4,               8,                   1,                 8,                 8,            0,            0,            0,            0,            0,        0,        0,  61,           501,            586,              21,        1, Partner    ,           3,         1, Graduate       ,       0
 83844.0,       0,        0,      57,      901,        31,             345,              75,               31,          191,                 1,               4,                   4,                11,                 1,            0,            0,            1,            0,            0,        0,        0,  62,           413,           1574,              20,        0, Partner    ,           2,         0, Graduate       ,       2
 41145.0,       1,        1,      20,        9,         0,               3,               0,                0,            1,                 1,               0,                   0,                 3,                 3,            0,            0,            0,            0,            0,        0,        0,  64,           141,             13,               4,        2, Partner    ,           4,         1, Postgraduate   ,       1
 67419.0,       0,        1,      29,      846,        84,             352,              91,               56,           42,                 4,               9,                   4,                 8,                 5,            0,            0,            0,            0,            0,        0,        0,  44,           529,           1471,              25,        1, Partner    ,           3,         1, Graduate       ,       0
 23162.0,       1,        1,      82,        8,         3,               9,              19,                4,           22,                 3,               1,                   1,                 3,                 6,            0,            0,            0,            0,            0,        0,        0,  44,           190,             65,               8,        2, Partner    ,           4,         1, Undergraduate  ,       1
 34380.0,       1,        0,      68,       72,         7,              58,              13,                1,           24,                 4,               4,                   1,                 3,                 8,            0,            0,            0,            0,            0,        0,        0,  37,           423,            175,              12,        1, Partner    ,           3,         1, Graduate       ,       1
 34704.0,       0,        1,      65,       29,         0,               5,               0,                1,            5,                 1,               1,                   0,                 3,                 5,            0,            0,            0,            0,            0,        0,        0,  48,           428,             40,               5,        1, Alone      ,           2,         1, Graduate       ,       3
 94871.0,       0,        2,      99,      169,        24,             553,             188,                0,          144,                 1,               8,                   5,                 4,                 7,            0,            1,            1,            0,            0,        0,        1,  45,           666,           1078,              18,        2, Partner    ,           4,         1, Postgraduate   ,       0
 65148.0,       0,        1,       9,      460,        35,             422,              33,               12,          153,                 2,               6,                   6,                 7,                 4,            0,            0,            0,            0,            0,        0,        0,  56,           590,           1115,              21,        1, Partner    ,           3,         1, Graduate       ,       0
 39898.0,       0,        1,      20,       69,         8,              26,              12,                7,           12,                 2,               3,                   0,                 4,                 7,            0,            0,            0,            0,            0,        0,        0,  60,           502,            134,               9,        1, Partner    ,           3,         1, Graduate       ,       1
 64857.0,       0,        0,      78,      556,        14,             717,             210,                0,           43,                 1,               7,                   5,                10,                 4,            0,            0,            0,            0,            0,        0,        0,  58,           583,           1540,              23,        0, Alone      ,           1,         0, Postgraduate   ,       2
 59892.0,       0,        1,      26,       73,         0,              13,               0,                1,            0,                 1,               2,                   1,                 3,                 3,            0,            0,            0,            0,            0,        0,        0,  44,           239,             87,               7,        1, Partner    ,           3,         1, Postgraduate   ,       1
 41020.0,       0,        0,      68,      112,         1,              54,               7,                7,           36,                 1,               3,                   2,                 4,                 3,            0,            0,            0,            0,            0,        0,        0,  27,           244,            217,              10,        0, Alone      ,           1,         0, Postgraduate   ,       3
 57072.0,       0,        1,      79,      944,         0,              60,               0,                0,           30,                 2,               7,                   5,                13,                 5,            1,            0,            0,            0,            0,        0,        0,  53,           156,           1034,              27,        1, Partner    ,           3,         1, Postgraduate   ,       0
 60474.0,       0,        1,      25,      265,       199,             303,             234,                9,          170,                 7,              10,                   2,                12,                 7,            0,            0,            0,            0,            0,        0,        0,  35,           454,           1180,              31,        1, Alone      ,           2,         1, Graduate       ,       0
 62807.0,       0,        1,      83,      526,        28,             135,              10,               21,           99,                 3,               5,                   3,                12,                 5,            0,            0,            0,            0,            0,        0,        0,  54,           667,            819,              23,        1, Partner    ,           3,         1, Graduate       ,       0
 19414.0,       1,        0,      32,        2,         3,              12,               3,                5,            7,                 1,               1,                   0,                 3,                 8,            0,            0,            0,            0,            0,        0,        0,  33,           256,             32,               5,        1, Partner    ,           3,         1, Undergraduate  ,       1
 19107.0,       1,        0,      49,        2,         4,               9,              10,                5,           16,                 2,               1,                   0,                 3,                 7,            0,            0,            0,            0,            0,        0,        0,  34,           311,             46,               6,        1, Partner    ,           3,         1, Graduate       ,       1
 75484.0,       0,        1,      50,      378,        97,             259,             197,              194,           34,                 2,               7,                   3,                 6,                 4,            0,            0,            0,            0,            0,        0,        0,  38,           696,           1159,              18,        1, Partner    ,           3,         1, Undergraduate  ,       0
 70379.0,       0,        1,      84,      553,        25,             142,              65,               67,            8,                 3,               6,                   3,                13,                 4,            0,            0,            0,            0,            0,        0,        0,  38,           483,            860,              25,        1, Alone      ,           2,         1, Postgraduate   ,       2
 79419.0,       0,        0,      96,      751,       127,             687,              20,               15,           31,                 1,               4,                   6,                 4,                 2,            0,            0,            0,            0,            0,        0,        0,  44,             7,           1631,              15,        0, Partner    ,           2,         0, Postgraduate   ,       2
 64014.0,       2,        1,      56,      406,         0,              30,               0,                0,            8,                 7,               8,                   2,                 5,                 7,            0,            0,            0,            1,            0,        0,        0,  68,            19,            444,              22,        3, Partner    ,           5,         1, Postgraduate   ,       0
 76998.0,       0,        1,      85,     1449,        89,             161,              69,               35,          107,                 2,              11,                   8,                 8,                 6,            0,            0,            1,            0,            0,        0,        0,  59,           534,           1910,              29,        1, Partner    ,           3,         1, Graduate       ,       0
 49854.0,       1,        0,      63,      123,        17,             171,              39,                0,           30,                 5,               6,                   2,                 5,                 6,            0,            0,            0,            0,            0,        0,        0,  42,           231,            380,              18,        1, Partner    ,           3,         1, Postgraduate   ,       0
 60585.0,       1,        1,      17,      267,        42,             309,              55,               42,           21,                10,               7,                   4,                 9,                 5,            0,            0,            0,            0,            0,        0,        1,  43,           370,            736,              30,        2, Partner    ,           4,         1, Postgraduate   ,       0
 42873.0,       1,        1,      11,      209,         0,              40,               3,                2,           15,                 4,               6,                   1,                 4,                 8,            0,            0,            0,            0,            0,        0,        0,  64,           524,            269,              15,        2, Alone      ,           3,         1, Postgraduate   ,       0
 87679.0,       0,        0,      62,     1259,       172,             815,              97,              148,           33,                 1,               7,                  11,                10,                 4,            1,            0,            1,            1,            0,        0,        1,  26,           337,           2524,              29,        0, Partner    ,           2,         0, Graduate       ,       2
 57867.0,       1,        0,      48,      344,        35,             178,              15,               23,           17,                 7,               7,                   2,                 9,                 6,            0,            0,            0,            0,            0,        0,        0,  36,           271,            612,              25,        1, Partner    ,           3,         1, Graduate       ,       0
 35765.0,       1,        0,      86,       22,         3,              30,               0,                5,           15,                 2,               2,                   0,                 4,                 6,            0,            0,            0,            0,            0,        0,        0,  24,           200,             75,               8,        1, Partner    ,           3,         1, Graduate       ,       1
 65492.0,       0,        0,      73,      247,       161,             295,             210,               85,           47,                 2,               4,                   7,                13,                 2,            0,            0,            0,            0,            0,        0,        0,  55,           154,           1045,              26,        0, Partner    ,           2,         0, Graduate       ,       2
 32952.0,       1,        0,      36,       38,         0,              12,               3,                1,            1,                 1,               2,                   0,                 3,                 7,            0,            0,            0,            0,            0,        0,        0,  37,           210,             55,               6,        1, Alone      ,           2,         1, Graduate       ,       3
 53374.0,       0,        1,      34,      896,        10,             101,              13,               10,           34,                 6,               4,                   2,                 9,                 9,            1,            0,            0,            0,            0,        0,        1,  45,           682,           1064,              21,        1, Partner    ,           3,         1, Postgraduate   ,       0
 71706.0,       0,        1,      16,      931,        56,             253,              91,               98,           14,                 4,               9,                   5,                 7,                 5,            0,            0,            0,            0,            0,        0,        0,  55,           593,           1443,              25,        1, Partner    ,           3,         1, Graduate       ,       0
 68487.0,       0,        0,      48,      758,        12,             385,              33,               89,           89,                 1,               9,                   7,                13,                 4,            0,            0,            0,            0,            0,        0,        0,  26,           532,           1366,              30,        0, Partner    ,           2,         0, Graduate       ,       2
 53253.0,       1,        1,      61,      216,         9,              57,              20,                9,          125,                 7,               4,                   3,                 5,                 5,            0,            0,            0,            0,            0,        0,        0,  39,           503,            436,              19,        2, Partner    ,           4,         1, Postgraduate   ,       0
 31163.0,       1,        0,      54,        2,         3,              10,              11,                2,           10,                 1,               1,                   0,                 3,                 6,            0,            0,            0,            0,            0,        0,        0,  41,           136,             38,               5,        1, Alone      ,           2,         1, Undergraduate  ,       3
 42014.0,       1,        0,      56,      244,        15,             108,               4,               15,           50,                 6,               7,                   1,                 6,                 8,            0,            0,            0,            0,            0,        0,        1,  37,           681,            436,              20,        1, Partner    ,           3,         1, Graduate       ,       0
 54108.0,       1,        1,      74,      539,         6,              91,               8,                6,           97,                13,               8,                   2,                 9,                 8,            0,            0,            0,            0,            0,        0,        0,  41,           601,            747,              32,        2, Partner    ,           4,         1, Postgraduate   ,       0
 49667.0,       0,        0,      35,     1181,        26,             120,              17,               13,           39,                 2,               5,                  10,                 5,                 8,            1,            0,            0,            0,            0,        0,        1,  59,           678,           1396,              22,        0, Alone      ,           1,         0, Postgraduate   ,       2
 63206.0,       0,        0,      65,      750,         8,             125,              11,                8,           26,                 1,               4,                   3,                 6,                 2,            0,            0,            1,            0,            0,        0,        0,  40,           101,            928,              14,        0, Partner    ,           2,         0, Postgraduate   ,       2
 57136.0,       1,        1,      48,      306,         5,             109,              21,              109,           92,                 9,               5,                   2,                10,                 6,            0,            0,            0,            0,            0,        0,        0,  42,           355,            642,              26,        2, Partner    ,           4,         1, Postgraduate   ,       0
 46772.0,       0,        1,      88,      350,       104,             189,             197,              151,           57,                 6,              11,                   8,                 5,                 8,            1,            0,            0,            0,            0,        0,        0,  39,           599,           1048,              30,        1, Partner    ,           3,         1, Undergraduate  ,       0
 78931.0,       0,        0,      19,      331,       197,             170,              58,              152,           35,                 1,               2,                   8,                13,                 1,            0,            0,            0,            0,            0,        0,        0,  43,           247,            943,              24,        0, Partner    ,           2,         0, Postgraduate   ,       2
 53977.0,       0,        1,      21,      620,        16,             165,               0,               24,           82,                 5,               5,                   5,                12,                 5,            0,            0,            0,            0,            0,        0,        0,  56,           386,            907,              27,        1, Partner    ,           3,         1, Graduate       ,       0
 84219.0,       0,        0,      27,      434,       137,             400,              45,              137,           45,                 1,               3,                   4,                10,                 1,            0,            0,            0,            0,            0,        0,        0,  26,           147,           1198,              18,        0, Partner    ,           2,         0, Graduate       ,       2
 46098.0,       1,        1,      86,       57,         0,              27,               0,                0,           36,                 4,               3,                   2,                 2,                 8,            0,            0,            0,            0,            0,        0,        0,  39,           680,            120,              11,        2, Alone      ,           3,         1, Postgraduate   ,       3
 73538.0,       0,        1,      92,      811,        76,             428,              99,              137,          107,                 3,              10,                   4,                 9,                 7,            0,            0,            0,            0,            0,        0,        0,  49,           581,           1658,              26,        1, Partner    ,           3,         1, Graduate       ,       0
 79529.0,       0,        0,       1,      423,        42,             706,              73,              197,          197,                 1,               4,                   8,                 9,                 2,            0,            0,            0,            0,            0,        0,        0,  28,            63,           1638,              22,        0, Partner    ,           2,         0, Graduate       ,       2
 20981.0,       0,        0,      14,        2,        12,              10,               6,               13,           30,                 1,               3,                   1,                 2,                 8,            0,            0,            0,            0,            0,        0,        1,  37,           425,             73,               7,        0, Partner    ,           2,         0, Undergraduate  ,       3
 51766.0,       1,        0,      74,       60,        51,              87,               6,               20,           51,                 2,               4,                   2,                 4,                 5,            0,            0,            0,            0,            0,        0,        0,  34,           110,            275,              12,        1, Alone      ,           2,         1, Graduate       ,       3
 55759.0,       0,        1,      84,      675,         0,              85,              10,                7,           77,                 5,              10,                   3,                 8,                 8,            0,            0,            0,            0,            0,        0,        0,  52,           578,            854,              26,        1, Partner    ,           3,         1, Graduate       ,       0
 33039.0,       1,        0,       4,       30,         8,              12,               8,                8,           12,                 1,               2,                   0,                 4,                 5,            0,            0,            0,            0,            0,        0,        0,  36,           293,             78,               7,        1, Partner    ,           3,         1, Graduate       ,       1
 37787.0,       1,        0,      50,       40,         1,              40,               4,                3,           18,                 1,               3,                   0,                 3,                 8,            0,            0,            0,            0,            0,        0,        0,  42,           282,            106,               7,        1, Partner    ,           3,         1, Postgraduate   ,       1
 27242.0,       1,        0,       2,        3,        17,              26,              20,                1,           39,                 2,               2,                   0,                 3,                 9,            0,            0,            0,            0,            0,        0,        1,  44,           595,            106,               7,        1, Alone      ,           2,         1, Graduate       ,       3
 87188.0,       0,        0,      73,      910,       111,             724,              49,               74,           55,                 1,              10,                   2,                 6,                 3,            0,            0,            0,            0,            0,        0,        1,  31,           391,           1923,              19,        0, Alone      ,           1,         0, Postgraduate   ,       2
 69930.0,       0,        0,      21,      252,        98,             827,             219,               70,          196,                 1,               4,                   5,                12,                 3,            0,            0,            0,            0,            0,        0,        0,  43,           399,           1662,              22,        0, Partner    ,           2,         0, Graduate       ,       2
 37697.0,       1,        0,      82,       34,         6,              21,              11,                4,            8,                 1,               2,                   1,                 3,                 6,            0,            0,            0,            0,            0,        0,        0,  38,           142,             84,               7,        1, Alone      ,           2,         1, Graduate       ,       3
 37401.0,       1,        0,      14,       19,         3,              19,               3,                1,            3,                 2,               2,                   0,                 3,                 7,            0,            0,            0,            0,            0,        0,        0,  41,            54,             48,               7,        1, Partner    ,           3,         1, Postgraduate   ,       1
  3502.0,       1,        0,      56,        2,         1,               1,               0,                0,            1,                 0,               0,                   0,                 0,                14,            0,            0,            0,            0,            0,        0,        0,  41,           442,              5,               0,        1, Alone      ,           2,         1, Graduate       ,       3
 58597.0,       1,        1,      20,      490,         0,             184,              10,               28,           21,                12,               7,                   4,                 9,                 7,            0,            0,            0,            0,            0,        0,        0,  38,           586,            733,              32,        2, Partner    ,           4,         1, Graduate       ,       0
 82032.0,       0,        0,      54,      332,       194,             377,             149,              125,           57,                 0,               4,                   6,                 7,                 1,            0,            0,            0,            0,            0,        0,        0,  66,            85,           1234,              17,        0, Alone      ,           1,         0, Postgraduate   ,       2
 28087.0,       1,        1,      77,       53,         8,              17,              13,                0,           21,                 3,               2,                   2,                 2,                 7,            0,            0,            0,            0,            0,        0,        0,  56,           565,            112,               9,        2, Partner    ,           4,         1, Graduate       ,       1
 74004.0,       0,        0,       5,      784,        48,             560,              42,              176,           48,                 1,               4,                   6,                 4,                 3,            0,            0,            1,            1,            0,        0,        1,  27,           125,           1658,              15,        0, Alone      ,           1,         0, Postgraduate   ,       2
 19740.0,       0,        1,      65,        7,        11,               3,              10,                4,           20,                 2,               1,                   1,                 3,                 5,            0,            0,            0,            0,            0,        0,        0,  54,           462,             55,               7,        1, Partner    ,           3,         1, Graduate       ,       1
 57036.0,       0,        1,      33,     1171,        43,             219,              19,               14,           47,                 4,               6,                   3,                13,                 9,            1,            0,            0,            0,            0,        0,        0,  39,           565,           1513,              26,        1, Partner    ,           3,         1, Undergraduate  ,       0
 53083.0,       1,        1,      65,      215,         7,              33,               3,                0,           13,                 6,               5,                   1,                 5,                 7,            0,            1,            0,            0,            0,        0,        0,  56,           410,            271,              17,        2, Partner    ,           4,         1, Undergraduate  ,       0
 69283.0,       0,        1,      41,      674,        62,             134,               0,               26,            8,                 4,               7,                   3,                13,                 5,            0,            0,            0,            0,            0,        0,        0,  39,            15,            904,              27,        1, Partner    ,           3,         1, Postgraduate   ,       0
 46098.0,       1,        1,      86,       57,         0,              27,               0,                0,           36,                 4,               3,                   2,                 2,                 8,            0,            0,            0,            0,            0,        0,        1,  39,           680,            120,              11,        2, Alone      ,           3,         1, Postgraduate   ,       3
 23331.0,       1,        0,      92,        5,        36,               7,               0,               10,           45,                 2,               3,                   0,                 3,                 8,            0,            0,            0,            0,            0,        0,        0,  26,           663,            103,               8,        1, Partner    ,           3,         1, Undergraduate  ,       3
 23331.0,       1,        0,      97,      104,        20,             101,              24,               15,            5,                 6,               5,                   1,                 5,                 9,            0,            0,            0,            0,            0,        0,        0,  26,           632,            269,              17,        1, Alone      ,           2,         1, Undergraduate  ,       3
  9255.0,       1,        0,      91,        9,         0,               7,               2,                0,            4,                 1,               1,                   1,                 2,                 8,            0,            0,            0,            0,            0,        0,        0,  25,           191,             22,               5,        1, Alone      ,           2,         1, Graduate       ,       3
 67786.0,       0,        0,       0,      431,        82,             441,              80,               20,          102,                 1,               3,                   6,                 6,                 1,            0,            0,            0,            0,            0,        0,        1,  55,           204,           1156,              16,        0, Alone      ,           1,         0, Postgraduate   ,       2
 71969.0,       0,        1,      59,     1000,         0,              76,               0,                0,           10,                 3,               3,                   4,                 9,                 8,            0,            1,            0,            0,            0,        0,        0,  43,           621,           1086,              19,        1, Partner    ,           3,         1, Postgraduate   ,       0
 59235.0,       1,        0,       4,      448,        40,             469,              80,                0,           91,                 3,              11,                   2,                12,                 7,            0,            0,            0,            0,            0,        0,        0,  47,           533,           1128,              28,        1, Alone      ,           2,         1, Postgraduate   ,       0
 31928.0,       1,        0,       5,       33,         4,              24,               4,                2,            5,                 2,               3,                   0,                 4,                 7,            0,            0,            0,            0,            0,        0,        0,  25,            93,             72,               9,        1, Partner    ,           3,         1, Graduate       ,       1
 74881.0,       1,        1,      48,      505,        72,             270,              36,               27,           54,                 4,               9,                   2,                12,                 5,            0,            0,            0,            0,            0,        0,        0,  53,           478,            964,              27,        2, Partner    ,           4,         1, Postgraduate   ,       0
 65819.0,       0,        0,      99,      267,        38,             701,             149,              165,           63,                 1,               5,                   4,                10,                 3,            0,            0,            0,            0,            0,        0,        0,  36,           577,           1383,              20,        0, Partner    ,           2,         0, Graduate       ,       2
 51411.0,       1,        2,      81,       14,         0,               3,               0,                0,            1,                 1,               0,                   0,                 3,                 5,            0,            0,            0,            0,            0,        0,        0,  61,           399,             18,               4,        3, Alone      ,           4,         1, Postgraduate   ,       1
 51983.0,       0,        1,      95,      631,         0,             115,              10,                7,           30,                 3,               9,                   2,                10,                 7,            0,            0,            0,            0,            0,        0,        0,  50,           667,            793,              24,        1, Alone      ,           2,         1, Graduate       ,       0
 42386.0,       1,        0,      43,       65,         4,              16,               0,                4,           11,                 1,               3,                   0,                 3,                 8,            0,            0,            0,            0,            0,        0,        0,  28,           532,            100,               7,        1, Partner    ,           3,         1, Postgraduate   ,       3
 30390.0,       0,        0,       5,       10,        12,              12,              25,                1,           20,                 1,               2,                   0,                 3,                 6,            0,            0,            0,            0,            0,        0,        0,  27,           300,             80,               6,        0, Partner    ,           2,         0, Undergraduate  ,       3
 30983.0,       0,        0,      50,       51,         4,              50,              12,                1,           49,                 1,               4,                   0,                 3,                 8,            0,            0,            0,            0,            0,        0,        1,  51,           597,            167,               8,        0, Alone      ,           1,         0, Graduate       ,       3
 66033.0,       0,        1,      76,      293,        35,             179,              46,               59,           65,                 2,               8,                   3,                 7,                 7,            0,            0,            0,            0,            0,        0,        0,  57,           525,            677,              20,        1, Alone      ,           2,         1, Graduate       ,       0
 37284.0,       1,        1,      46,       11,         1,               2,               2,                1,            6,                 1,               0,                   0,                 3,                 6,            0,            0,            0,            0,            0,        0,        0,  39,           457,             23,               4,        2, Partner    ,           4,         1, Undergraduate  ,       1
 57530.0,       0,        1,      68,       50,         1,              27,               6,                7,            1,                 1,               1,                   1,                 4,                 1,            0,            0,            0,            0,            0,        0,        0,  63,           260,             92,               7,        1, Alone      ,           2,         1, Postgraduate   ,       2
 76800.0,       0,        0,      33,      173,        26,             255,              35,               71,           81,                 1,               4,                   4,                 7,                 1,            0,            0,            0,            0,            0,        0,        0,  49,           113,            641,              16,        0, Partner    ,           2,         0, Undergraduate  ,       2
 63943.0,       0,        1,      50,      423,       184,             368,              13,               97,           21,                 1,               6,                   4,                 6,                 5,            0,            0,            0,            0,            0,        0,        0,  58,           665,           1106,              17,        1, Partner    ,           3,         1, Graduate       ,       0
 76081.0,       0,        0,      85,      292,        30,             415,              63,               33,          200,                 1,               4,                   5,                 4,                 2,            0,            0,            0,            1,            0,        0,        0,  52,            37,           1033,              14,        0, Partner    ,           2,         0, Graduate       ,       2
 67445.0,       0,        1,      63,      757,        80,             217,              29,               80,           11,                 5,               9,                   6,                12,                 6,            0,            0,            0,            0,            0,        0,        0,  40,           686,           1174,              32,        1, Partner    ,           3,         1, Graduate       ,       0
 37054.0,       1,        1,      89,       12,         1,               6,               0,                1,            5,                 2,               1,                   0,                 3,                 7,            0,            0,            0,            0,            0,        0,        0,  47,           287,             25,               6,        2, Partner    ,           4,         1, Postgraduate   ,       1
 47175.0,       1,        1,      81,      167,         2,              44,               6,                2,           19,                 7,               4,                   2,                 4,                 8,            1,            0,            0,            0,            0,        0,        1,  52,           609,            240,              17,        2, Partner    ,           4,         1, Postgraduate   ,       0
 31859.0,       1,        0,      77,        3,         1,               3,               8,                0,            5,                 1,               1,                   0,                 2,                 7,            0,            0,            0,            0,            0,        0,        0,  38,           380,             20,               4,        1, Alone      ,           2,         1, Graduate       ,       3
 27215.0,       2,        1,      50,       30,         5,              22,               8,                9,           28,                 4,               2,                   1,                 4,                 6,            0,            0,            0,            0,            0,        0,        0,  53,           522,            102,              11,        3, Alone      ,           4,         1, Graduate       ,       1
 70179.0,       0,        1,      10,      532,        88,             168,              69,               44,          133,                 3,               7,                   3,                13,                 5,            0,            0,            0,            0,            0,        0,        0,  38,           343,           1034,              26,        1, Alone      ,           2,         1, Postgraduate   ,       2
 39922.0,       1,        0,      30,       29,        12,              59,              19,                1,           36,                 2,               3,                   0,                 4,                 8,            0,            0,            0,            0,            0,        0,        0,  31,           500,            156,               9,        1, Partner    ,           3,         1, Graduate       ,       3
 49681.0,       0,        2,      66,      411,         0,              26,               0,                0,           21,                 6,               7,                   1,                 7,                 7,            0,            0,            0,            0,            0,        0,        0,  38,           237,            458,              21,        2, Partner    ,           4,         1, Postgraduate   ,       0
 24645.0,       1,        0,      16,        5,         3,               4,               4,                1,            0,                 1,               1,                   0,                 2,                 8,            0,            0,            0,            0,            0,        0,        0,  26,           605,             17,               4,        1, Partner    ,           3,         1, Graduate       ,       3
 79865.0,       0,        1,      12,       71,        99,             278,             185,              121,           38,                 1,               5,                  10,                 5,                 1,            0,            0,            0,            0,            0,        0,        0,  60,            11,            792,              21,        1, Alone      ,           2,         1, Graduate       ,       2
 44322.0,       1,        0,      30,       46,         0,              40,               3,                0,            3,                 2,               3,                   0,                 3,                 8,            0,            0,            0,            0,            0,        0,        0,  29,            13,             92,               8,        1, Partner    ,           3,         1, Graduate       ,       1
 47958.0,       0,        1,       8,      268,        11,              88,              15,                3,           22,                 2,               6,                   3,                 5,                 5,            0,            0,            0,            0,            0,        0,        0,  62,           526,            407,              16,        1, Alone      ,           2,         1, Graduate       ,       3
 63972.0,       0,        1,      93,      928,        63,             254,               0,               12,           12,                 4,               5,                   4,                10,                 4,            0,            1,            0,            0,            0,        0,        0,  50,           574,           1269,              23,        1, Alone      ,           2,         1, Postgraduate   ,       0
 75315.0,       0,        1,      14,      459,        15,             171,             142,               23,           31,                 2,               5,                   4,                12,                 2,            0,            0,            0,            0,            0,        0,        0,  60,            75,            841,              23,        1, Partner    ,           3,         1, Graduate       ,       2
 55517.0,       1,        1,      53,      483,         0,             108,               0,                6,           36,                 5,              11,                   1,                 6,                 9,            0,            0,            0,            0,            0,        0,        1,  64,           640,            633,              23,        2, Partner    ,           4,         1, Postgraduate   ,       0
 75283.0,       1,        2,      26,      733,         9,             180,              12,               19,           66,                11,               6,                   3,                 5,                 4,            0,            0,            0,            0,            0,        0,        0,  57,           459,           1019,              25,        3, Partner    ,           5,         1, Postgraduate   ,       0
 82800.0,       0,        0,      23,     1006,        22,             115,              59,               68,           45,                 1,               7,                   6,                12,                 3,            0,            0,            1,            1,            0,        0,        1,  68,           582,           1315,              26,        0, Alone      ,           1,         0, Postgraduate   ,       2
 38998.0,       1,        1,      92,       34,         1,              14,               0,                0,            5,                 3,               2,                   0,                 3,                 8,            0,            0,            0,            0,            0,        1,        0,  60,           603,             54,               8,        2, Partner    ,           4,         1, Graduate       ,       1
 90638.0,       0,        0,      29,     1156,       120,             915,              94,              144,           96,                 1,               3,                   4,                10,                 1,            0,            0,            1,            0,            0,        0,        1,  23,           136,           2525,              18,        0, Alone      ,           1,         0, Postgraduate   ,       2
 27161.0,       1,        0,      41,        7,         4,              23,               7,                0,           11,                 1,               1,                   0,                 3,                 7,            0,            0,            0,            0,            0,        0,        0,  28,           244,             52,               5,        1, Partner    ,           3,         1, Postgraduate   ,       1
 42014.0,       1,        0,      56,      244,        15,             108,               4,               15,           50,                 6,               7,                   1,                 6,                 8,            0,            0,            0,            0,            0,        0,        1,  37,           681,            436,              20,        1, Partner    ,           3,         1, Graduate       ,       0
 38201.0,       0,        1,      19,      233,         0,              23,               0,                0,           12,                 4,               5,                   1,                 5,                 8,            0,            0,            0,            0,            0,        0,        0,  54,           457,            268,              15,        1, Partner    ,           3,         1, Postgraduate   ,       0
 45203.0,       2,        0,       4,       35,         3,              67,              10,                8,           24,                 1,               3,                   1,                 3,                 6,            0,            0,            0,            0,            0,        0,        1,  32,            98,            147,               8,        2, Partner    ,           4,         1, Graduate       ,       1
 81574.0,       0,        0,      89,     1252,         0,             465,              46,               35,            0,                 1,               4,                   5,                 8,                 1,            0,            1,            1,            0,            0,        0,        0,  67,            62,           1798,              18,        0, Partner    ,           2,         0, Postgraduate   ,       2
 34935.0,       0,        0,      71,       34,         4,              66,               3,               10,           20,                 1,               2,                   1,                 4,                 7,            0,            0,            0,            0,            0,        0,        0,  22,           373,            137,               8,        0, Partner    ,           2,         0, Graduate       ,       3
 60482.0,       0,        1,      81,      255,        43,             134,              37,               14,           24,                 1,               7,                   2,                 7,                 7,            0,            0,            0,            0,            0,        0,        0,  38,           522,            507,              17,        1, Alone      ,           2,         1, Postgraduate   ,       3
 34633.0,       2,        1,      31,        8,         1,               5,               0,                0,            1,                 1,               1,                   0,                 2,                 6,            0,            0,            0,            0,            0,        0,        0,  58,           157,             15,               4,        3, Partner    ,           5,         1, Graduate       ,       1
 78093.0,       0,        0,      53,      368,        32,             639,              13,               43,           10,                 1,               4,                   7,                 5,                 1,            0,            0,            0,            0,            0,        0,        0,  67,           200,           1105,              17,        0, Partner    ,           2,         0, Postgraduate   ,       2
 82460.0,       0,        0,      78,      255,        47,             573,              52,               32,           15,                 1,               5,                   3,                 6,                 1,            0,            0,            0,            0,            0,        0,        0,  64,           209,            974,              15,        0, Alone      ,           1,         0, Graduate       ,       2
 45903.0,       0,        1,      80,       33,         8,              10,               2,               10,            3,                 2,               2,                   1,                 3,                 4,            0,            0,            0,            0,            0,        0,        0,  48,            67,             66,               8,        1, Partner    ,           3,         1, Postgraduate   ,       1
 81361.0,       0,        0,      18,      163,        23,             424,              27,               65,           76,                 1,               3,                  10,                13,                 1,            0,            0,            0,            0,            0,        0,        1,  27,           124,            778,              27,        0, Alone      ,           1,         0, Graduate       ,       2
 35860.0,       1,        1,      37,       15,         0,               8,               4,                2,           20,                 2,               1,                   1,                 2,                 5,            1,            0,            0,            0,            0,        0,        1,  41,            41,             49,               6,        2, Alone      ,           3,         1, Postgraduate   ,       1
 40442.0,       1,        1,      52,       45,        12,              52,              25,               22,           13,                 4,               3,                   1,                 4,                 7,            0,            0,            0,            0,            0,        0,        1,  62,           679,            169,              12,        2, Partner    ,           4,         1, Postgraduate   ,       0
 61482.0,       0,        0,      39,       48,        58,              68,              16,               66,           43,                 1,               3,                   2,                 6,                 2,            0,            0,            0,            0,            0,        0,        0,  49,             2,            299,              12,        0, Partner    ,           2,         0, Graduate       ,       2
 34968.0,       1,        0,      11,      158,         6,              45,               8,                2,            2,                 7,               3,                   2,                 5,                 7,            0,            0,            0,            0,            0,        0,        0,  34,           445,            221,              17,        1, Partner    ,           3,         1, Graduate       ,       0
 75794.0,       0,        0,      33,      754,       160,             625,              63,               32,           48,                 1,               7,                   5,                12,                 3,            0,            0,            0,            1,            0,        0,        0,  27,           187,           1682,              25,        0, Partner    ,           2,         0, Graduate       ,       2
 31497.0,       0,        1,      22,      108,         1,              28,              13,                1,            4,                 2,               3,                   1,                 4,                 8,            0,            0,            0,            0,            0,        0,        0,  52,           570,            155,              10,        1, Partner    ,           3,         1, Postgraduate   ,       1
 74268.0,       0,        0,      83,      199,        66,             315,              97,              174,           41,                 1,               4,                   3,                 5,                 2,            0,            0,            0,            0,            0,        0,        0,  59,           500,            892,              13,        0, Partner    ,           2,         0, Graduate       ,       2
 13724.0,       1,        0,      43,        2,         7,               5,               2,               15,           27,                 1,               2,                   0,                 2,                 9,            1,            0,            0,            0,            0,        0,        0,  26,           667,             58,               5,        1, Partner    ,           3,         1, Undergraduate  ,       3
 45143.0,       0,        1,      74,      202,         5,              74,              11,                5,           14,                 3,               6,                   1,                 5,                 7,            0,            0,            0,            0,            0,        0,        0,  49,           307,            311,              15,        1, Partner    ,           3,         1, Postgraduate   ,       1
 52569.0,       0,        1,      54,       85,         0,               3,               0,                0,            7,                 1,               2,                   0,                 4,                 3,            0,            0,            0,            0,            0,        0,        0,  47,            85,             95,               7,        1, Alone      ,           2,         1, Postgraduate   ,       3
 48432.0,       0,        1,       3,      322,         3,              50,               4,                3,           42,                 5,               7,                   1,                 6,                 8,            0,            0,            0,            0,            0,        0,        1,  41,           619,            424,              19,        1, Alone      ,           2,         1, Postgraduate   ,       3
 17144.0,       1,        1,      96,       18,         2,              19,               0,                2,            6,                 5,               3,                   0,                 4,                 7,            0,            0,            0,            0,            0,        0,        0,  54,           134,             47,              12,        2, Partner    ,           4,         1, Postgraduate   ,       1
 36108.0,       1,        0,      68,      141,         8,             129,               3,               11,           47,                 3,               7,                   1,                 4,                 9,            1,            0,            0,            0,            0,        0,        0,  30,           257,            339,              15,        1, Alone      ,           2,         1, Graduate       ,       3
 76445.0,       1,        0,       2,      739,       107,             309,             140,               80,           35,                 1,               2,                   5,                13,                 6,            0,            0,            0,            0,            0,        0,        0,  43,           639,           1410,              21,        1, Partner    ,           3,         1, Graduate       ,       0
 36663.0,       1,        0,      40,       18,         0,               6,               3,                3,            5,                 1,               1,                   1,                 3,                 2,            0,            0,            0,            0,            0,        0,        0,  39,            65,             35,               6,        1, Partner    ,           3,         1, Postgraduate   ,       1
 53843.0,       0,        1,      64,      378,         0,              88,              19,                4,           73,                 4,               8,                   5,                 3,                 7,            0,            0,            0,            0,            0,        0,        0,  49,           367,            562,              20,        1, Partner    ,           3,         1, Postgraduate   ,       0
 90226.0,       0,        0,      26,     1083,       108,             649,             253,              151,          108,                 1,               4,                   7,                12,                 2,            0,            0,            0,            1,            0,        0,        0,  58,           641,           2352,              24,        0, Partner    ,           2,         0, Postgraduate   ,       2
 70638.0,       0,        0,      69,     1016,        12,             215,              16,               12,           63,                 1,               4,                   5,                10,                 3,            0,            1,            0,            0,            0,        0,        0,  59,           393,           1334,              20,        0, Alone      ,           1,         0, Postgraduate   ,       2
 44512.0,       1,        1,      57,       23,         1,               6,               0,                0,            2,                 2,               1,                   0,                 3,                 4,            0,            0,            0,            0,            0,        0,        0,  54,           303,             32,               6,        2, Partner    ,           4,         1, Graduate       ,       1
 27116.0,       1,        1,      78,       12,         1,              21,               2,                2,            3,                 2,               2,                   0,                 3,                 7,            0,            0,            0,            0,            0,        0,        0,  53,           119,             41,               7,        2, Partner    ,           4,         1, Graduate       ,       1
 54072.0,       1,        1,      71,       35,         0,               4,               0,                0,            0,                 1,               2,                   0,                 2,                 8,            0,            0,            0,            0,            0,        0,        0,  51,           337,             39,               5,        2, Partner    ,           4,         1, Postgraduate   ,       1
 71855.0,       0,        1,      59,      548,        31,             422,               0,              112,           28,                 4,               5,                   5,                11,                 3,            0,            0,            0,            0,            0,        0,        0,  37,           529,           1141,              25,        1, Partner    ,           3,         1, Graduate       ,       0
 51250.0,       1,        0,      28,      342,        32,             230,              34,               32,           40,                 5,              10,                   5,                 4,                 9,            1,            0,            0,            0,            0,        0,        0,  24,           456,            710,              24,        1, Alone      ,           2,         1, Undergraduate  ,       3
 60432.0,       0,        1,      61,      365,         3,              15,               4,                3,           11,                 5,               7,                   2,                 5,                 6,            0,            0,            0,            0,            0,        0,        0,  41,           112,            401,              19,        1, Partner    ,           3,         1, Postgraduate   ,       0
 65526.0,       0,        1,      22,      397,        19,              69,              12,                0,            9,                 1,               4,                   4,                 8,                 2,            0,            0,            0,            0,            0,        0,        0,  50,            79,            506,              17,        1, Partner    ,           3,         1, Postgraduate   ,       1
 68655.0,       0,        0,      95,      456,        19,             832,              75,              118,           38,                 1,               4,                   5,                11,                 3,            0,            0,            0,            0,            0,        0,        0,  26,           688,           1538,              21,        0, Alone      ,           1,         0, Graduate       ,       2
 12393.0,       0,        0,      38,        5,         6,              15,              11,                7,           13,                 1,               2,                   0,                 3,                 9,            0,            0,            0,            0,            0,        0,        0,  36,           572,             57,               6,        0, Partner    ,           2,         0, Undergraduate  ,       3
 64509.0,       0,        0,      19,      836,       185,             575,              24,               25,           77,                 1,               6,                   3,                 9,                 4,            1,            0,            0,            0,            0,        0,        1,  24,           316,           1722,              19,        0, Alone      ,           1,         0, Graduate       ,       2
 33955.0,       1,        0,      92,      100,         2,             128,              23,                7,           10,                 4,               5,                   1,                 5,                 8,            0,            0,            0,            0,            0,        0,        0,  39,           324,            270,              15,        1, Alone      ,           2,         1, Graduate       ,       3
 31353.0,       1,        1,      24,       10,         0,              10,               3,                1,            7,                 2,               1,                   1,                 2,                 8,            0,            0,            0,            0,            0,        0,        1,  37,           182,             31,               6,        2, Partner    ,           4,         1, Graduate       ,       1
 55434.0,       1,        0,      21,      238,       115,             215,             169,               69,           76,                 3,               5,                   3,                13,                 4,            0,            0,            0,            0,            0,        0,        0,  30,           267,            882,              24,        1, Partner    ,           3,         1, Graduate       ,       0
 28359.0,       1,        0,      35,        6,         0,               5,               2,                1,            2,                 1,               1,                   0,                 2,                 7,            0,            0,            0,            0,            0,        0,        0,  31,           245,             16,               4,        1, Partner    ,           3,         1, Graduate       ,       1
 57100.0,       1,        0,       9,      158,        11,              99,              15,               11,           17,                 2,               3,                   2,                 7,                 3,            0,            0,            0,            0,            0,        0,        0,  27,            42,            311,              14,        1, Alone      ,           2,         1, Graduate       ,       3
 69139.0,       0,        1,      23,       86,        12,              75,              33,               15,            6,                 1,               4,                   1,                 5,                 4,            0,            0,            0,            0,            0,        0,        0,  49,           153,            227,              11,        1, Partner    ,           3,         1, Graduate       ,       1
 52973.0,       0,        1,      92,      856,         0,              76,              12,                9,          199,                 7,               9,                   6,                 9,                 8,            0,            0,            0,            0,            0,        0,        0,  58,           598,           1152,              31,        1, Partner    ,           3,         1, Postgraduate   ,       0
 51717.0,       0,        1,      55,       98,         1,              17,               0,                1,            5,                 1,               3,                   0,                 4,                 7,            0,            1,            0,            0,            0,        0,        0,  49,           313,            122,               8,        1, Partner    ,           3,         1, Postgraduate   ,       1
 18793.0,       1,        0,      14,        4,        16,              20,               0,               17,           20,                 3,               2,                   0,                 4,                 8,            0,            0,            0,            0,            0,        0,        0,  43,           533,             77,               9,        1, Partner    ,           3,         1, Graduate       ,       3
 66664.0,       0,        0,      78,      398,        96,             447,             220,               96,           32,                 1,               5,                   7,                 6,                 3,            0,            0,            0,            0,            0,        0,        0,  32,           642,           1289,              19,        0, Partner    ,           2,         0, Undergraduate  ,       2
 50664.0,       1,        1,      64,      313,         8,             104,               6,                4,          126,                 9,               8,                   1,                 6,                 9,            0,            0,            0,            0,            0,        0,        0,  55,           529,            561,              24,        2, Alone      ,           3,         1, Graduate       ,       0
 54414.0,       1,        1,      49,      109,        18,              16,              24,               26,           18,                 4,               3,                   1,                 5,                 4,            0,            0,            0,            0,            0,        0,        0,  51,           522,            211,              13,        2, Partner    ,           4,         1, Graduate       ,       0
 54549.0,       0,        1,       8,      216,         2,               6,               0,                0,            9,                 2,               5,                   1,                 4,                 7,            0,            0,            0,            0,            0,        0,        0,  62,           118,            233,              12,        1, Partner    ,           3,         1, Postgraduate   ,       1
 47111.0,       0,        1,      35,      595,        71,             153,             120,              112,           41,                 6,               3,                   2,                10,                 9,            0,            0,            0,            0,            0,        0,        0,  43,           659,           1092,              21,        1, Alone      ,           2,         1, Postgraduate   ,       0
 41003.0,       0,        0,      11,      123,       133,             142,              71,               44,           88,                 1,               6,                   2,                 8,                 6,            0,            0,            0,            0,            0,        0,        0,  51,           469,            601,              17,        0, Alone      ,           1,         0, Postgraduate   ,       3
 19444.0,       1,        0,       8,       16,         0,              23,               3,                2,           10,                 3,               4,                   1,                 2,                 7,            0,            0,            0,            0,            0,        0,        1,  32,           127,             54,              10,        1, Partner    ,           3,         1, Graduate       ,       1
 36301.0,       1,        0,      53,       11,        12,              35,               3,                5,           12,                 1,               3,                   0,                 3,                 7,            0,            0,            0,            0,            0,        0,        0,  38,           247,             78,               7,        1, Partner    ,           3,         1, Undergraduate  ,       1
 73059.0,       0,        1,      36,      410,       112,             420,               0,               82,           71,                 1,               9,                   3,                13,                 4,            0,            0,            0,            0,            0,        0,        0,  67,           302,           1095,              26,        1, Partner    ,           3,         1, Postgraduate   ,       2
 42731.0,       1,        0,      64,      159,         2,              51,               6,                2,           24,                 3,               4,                   1,                 5,                 5,            0,            0,            0,            0,            0,        0,        0,  45,           251,            244,              13,        1, Partner    ,           3,         1, Postgraduate   ,       1
 52854.0,       1,        1,      43,      105,         0,              10,               0,                1,            0,                 2,               2,                   1,                 4,                 5,            0,            0,            0,            0,            0,        0,        0,  55,            97,            116,               9,        2, Partner    ,           4,         1, Postgraduate   ,       1
 22775.0,       1,        0,      40,        5,         1,               8,               0,                0,            1,                 1,               1,                   0,                 2,                 8,            0,            0,            0,            0,            0,        0,        0,  36,           375,             15,               4,        1, Partner    ,           3,         1, Graduate       ,       1
 46681.0,       0,        2,      52,      269,        15,              69,              15,               19,           38,                 2,               4,                   6,                 4,                 5,            0,            0,            0,            0,            0,        0,        0,  66,           264,            425,              16,        2, Partner    ,           4,         1, Postgraduate   ,       1
 59821.0,       0,        1,      11,      629,         0,              70,               0,                0,           35,                 6,              11,                   2,                 7,                 8,            0,            0,            0,            0,            0,        0,        0,  59,           443,            734,              26,        1, Partner    ,           3,         1, Postgraduate   ,       0
 50002.0,       0,        1,      21,      443,         5,              71,              21,               16,           82,                 2,               8,                   2,                 7,                 7,            0,            0,            0,            0,            0,        0,        0,  60,           377,            638,              19,        1, Alone      ,           2,         1, Graduate       ,       0
 69755.0,       0,        0,      23,      217,        77,             373,             111,               23,           93,                 1,               3,                   6,                12,                 1,            0,            0,            0,            0,            0,        0,        0,  69,           270,            894,              22,        0, Partner    ,           2,         0, Graduate       ,       2
 44078.0,       1,        1,      17,       24,         1,              10,               2,                0,            4,                 2,               2,                   0,                 3,                 5,            0,            0,            0,            0,            0,        0,        0,  45,            10,             41,               7,        2, Partner    ,           4,         1, Graduate       ,       1
 30560.0,       1,        0,       6,        9,         1,               5,               4,                5,            7,                 1,               1,                   0,                 3,                 7,            0,            0,            0,            0,            0,        0,        0,  38,           367,             31,               5,        1, Partner    ,           3,         1, Postgraduate   ,       1
 35924.0,       1,        1,      56,        8,         0,              14,               2,                3,            7,                 1,               1,                   0,                 3,                 5,            0,            0,            0,            0,            0,        0,        0,  45,            98,             34,               5,        2, Partner    ,           4,         1, Postgraduate   ,       1
 64140.0,       0,        2,      71,     1459,         0,              61,               0,               15,          215,                 5,               2,                   5,                 6,                 5,            1,            0,            1,            0,            1,        0,        1,  50,           279,           1750,              18,        2, Alone      ,           3,         1, Postgraduate   ,       0
 56386.0,       1,        1,      51,      230,        48,             214,              13,               32,           75,                 8,               9,                   1,                 7,                 9,            0,            0,            0,            0,            0,        0,        0,  33,           610,            612,              25,        2, Partner    ,           4,         1, Graduate       ,       0
 24594.0,       1,        0,      94,        1,         3,               6,              10,                0,            9,                 1,               1,                   0,                 3,                 5,            0,            0,            0,            0,            0,        0,        0,  35,           201,             29,               5,        1, Partner    ,           3,         1, Undergraduate  ,       1
 75774.0,       1,        0,      27,      340,        21,             134,             258,               14,           56,                 1,               7,                   5,                 8,                 4,            0,            0,            0,            0,            0,        0,        0,  33,            58,            823,              21,        1, Partner    ,           3,         1, Undergraduate  ,       2
 39228.0,       0,        0,       1,        7,         1,               6,               0,                3,            3,                 1,               0,                   0,                 3,                 4,            0,            0,            0,            0,            0,        0,        0,  54,           415,             20,               4,        0, Alone      ,           1,         0, Postgraduate   ,       3
 58494.0,       0,        1,      56,      298,         7,              68,               4,                0,           19,                 2,               6,                   2,                 6,                 6,            0,            0,            0,            0,            0,        0,        0,  40,           199,            396,              16,        1, Partner    ,           3,         1, Postgraduate   ,       1
 58684.0,       0,        0,      71,      479,        35,             179,              28,                7,           85,                 1,               5,                   3,                12,                 2,            0,            1,            0,            0,            0,        0,        0,  33,            13,            813,              21,        0, Alone      ,           1,         0, Graduate       ,       2
 57136.0,       0,        0,      18,      267,       140,             599,              34,               12,          127,                 1,               7,                   5,                 7,                 6,            0,            0,            0,            0,            0,        0,        1,  47,           407,           1179,              20,        0, Alone      ,           1,         0, Graduate       ,       2
 56551.0,       1,        1,      48,       67,         4,              32,              17,                2,           16,                 3,               2,                   1,                 4,                 4,            0,            0,            0,            0,            0,        0,        0,  64,            53,            138,              10,        2, Alone      ,           3,         1, Postgraduate   ,       1
 22448.0,       1,        0,      86,        3,         1,               8,              23,                2,           18,                 3,               2,                   1,                 3,                 3,            0,            0,            0,            0,            0,        0,        0,  32,           123,             55,               9,        1, Partner    ,           3,         1, Graduate       ,       1
 82014.0,       0,        0,      48,      980,        37,             265,              35,              163,           31,                 1,               3,                   6,                12,                 6,            0,            0,            0,            0,            0,        0,        1,  53,           678,           1511,              22,        0, Alone      ,           1,         0, Graduate       ,       2
 34213.0,       1,        1,       2,       50,         4,              28,               6,                3,           26,                 3,               3,                   1,                 2,                 9,            0,            0,            0,            0,            0,        0,        1,  51,           660,            117,               9,        2, Alone      ,           3,         1, Graduate       ,       3
157146.0,       0,        0,      13,        1,         0,            1725,               2,                1,            1,                 0,               0,                  28,                 0,                 1,            0,            0,            0,            0,            0,        0,        0,  37,           426,           1730,              28,        0, Partner    ,           2,         0, Graduate       ,       2
 25358.0,       0,        1,      57,       19,         0,               5,               0,                0,            8,                 2,               1,                   0,                 3,                 6,            0,            0,            0,            0,            0,        0,        0,  67,           342,             32,               6,        1, Alone      ,           2,         1, Postgraduate   ,       3
 35544.0,       1,        0,      77,       30,         5,              23,               4,                1,            4,                 1,               2,                   0,                 3,                 7,            0,            0,            0,            0,            0,        0,        0,  36,           113,             67,               6,        1, Alone      ,           2,         1, Postgraduate   ,       3
 36634.0,       0,        1,       0,      213,         9,              76,               4,                3,           30,                 3,               5,                   2,                 5,                 7,            0,            0,            0,            0,            0,        0,        0,  60,           397,            335,              15,        1, Partner    ,           3,         1, Postgraduate   ,       1
 62670.0,       0,        1,      57,      539,        30,              92,              80,               46,           38,                 1,               5,                   3,                13,                 3,            0,            0,            0,            0,            0,        0,        0,  60,           147,            825,              22,        1, Partner    ,           3,         1, Postgraduate   ,       2
 50334.0,       0,        1,      24,      284,        16,             160,              84,               16,          134,                 6,               7,                   4,                 6,                 6,            0,            0,            0,            0,            0,        0,        0,  42,           340,            694,              23,        1, Partner    ,           3,         1, Undergraduate  ,       0
 72066.0,       0,        0,      55,     1003,        34,             536,             134,               51,           34,                 1,               4,                   6,                 6,                 2,            0,            0,            1,            1,            0,        0,        1,  33,             6,           1792,              17,        0, Alone      ,           1,         0, Graduate       ,       2
 50729.0,       1,        1,      62,      239,        13,             143,              45,                4,           52,                 9,               6,                   2,                 7,                 6,            0,            0,            0,            0,            0,        0,        0,  56,           423,            496,              24,        2, Alone      ,           3,         1, Postgraduate   ,       0
 34916.0,       2,        0,      89,       51,        23,              82,              33,                0,           42,                 4,               5,                   1,                 3,                 9,            0,            0,            0,            0,            0,        0,        0,  46,           410,            231,              13,        2, Partner    ,           4,         1, Graduate       ,       1
 64892.0,       0,        1,      77,      527,        24,             230,              32,               24,           65,                 2,               6,                   4,                12,                 4,            0,            0,            0,            0,            0,        0,        0,  38,            31,            902,              24,        1, Alone      ,           2,         1, Graduate       ,       2
 43602.0,       1,        1,      45,       19,         5,              12,              10,                3,           19,                 3,               3,                   1,                 2,                 6,            0,            0,            0,            0,            0,        0,        0,  48,           170,             68,               9,        2, Alone      ,           3,         1, Graduate       ,       1
 33996.0,       0,        0,      46,       40,         2,              15,               8,                0,            6,                 1,               1,                   1,                 3,                 4,            0,            0,            0,            0,            0,        0,        0,  25,           291,             71,               6,        0, Alone      ,           1,         0, Postgraduate   ,       3
 41473.0,       1,        0,      80,       21,         8,              20,              15,                3,            9,                 1,               2,                   0,                 3,                 7,            0,            0,            0,            0,            0,        0,        0,  29,           375,             76,               6,        1, Alone      ,           2,         1, Undergraduate  ,       3
 63246.0,       0,        2,      60,      593,        30,              91,              29,               22,            7,                 1,               6,                   3,                12,                 4,            0,            0,            0,            0,            0,        0,        0,  47,           313,            772,              22,        2, Partner    ,           4,         1, Postgraduate   ,       0
 36732.0,       1,        1,      71,       21,         5,               3,              10,                1,            7,                 3,               1,                   1,                 4,                 2,            0,            0,            0,            0,            0,        0,        0,  55,           182,             47,               9,        2, Partner    ,           4,         1, Postgraduate   ,       1
 69084.0,       1,        0,      43,     1181,       107,             199,              39,               30,           30,                 2,               7,                   3,                13,                 8,            0,            0,            0,            0,            0,        0,        0,  44,           222,           1586,              25,        1, Partner    ,           3,         1, Postgraduate   ,       0
 77766.0,       0,        1,      97,     1004,        59,             265,             115,               59,           27,                 2,              11,                  10,                11,                 6,            1,            0,            0,            0,            0,        0,        1,  47,           492,           1529,              34,        1, Partner    ,           3,         1, Postgraduate   ,       0
 37929.0,       0,        0,      49,      202,         2,              46,               3,                2,           10,                 2,               4,                   2,                 5,                 7,            0,            1,            0,            1,            0,        0,        1,  29,           334,            265,              13,        0, Alone      ,           1,         0, Postgraduate   ,       3
 86610.0,       0,        0,      66,      446,       107,             768,              33,              196,           53,                 1,               5,                   6,                 6,                 2,            0,            0,            0,            0,            0,        0,        0,  63,           297,           1603,              18,        0, Partner    ,           2,         0, Graduate       ,       2
 80141.0,       0,        0,      20,     1184,       102,             673,              52,               40,           40,                 1,               7,                   4,                10,                 6,            0,            0,            1,            0,            0,        0,        1,  28,           534,           2091,              22,        0, Partner    ,           2,         0, Postgraduate   ,       2
 72635.0,       0,        0,      54,      390,        22,             323,             104,               35,          107,                 1,               6,                   8,                 6,                 3,            0,            0,            0,            1,            0,        0,        0,  59,           391,            981,              21,        0, Partner    ,           2,         0, Undergraduate  ,       2
 69016.0,       0,        1,      61,      726,        53,             363,             123,              107,          161,                 4,               8,                   9,                13,                 5,            0,            0,            0,            0,            0,        0,        0,  44,           584,           1533,              34,        1, Partner    ,           3,         1, Graduate       ,       0
 20193.0,       0,        0,      18,        8,         8,              22,              24,               11,            9,                 1,               1,                   1,                 4,                 4,            0,            0,            0,            0,            0,        0,        0,  23,           578,             82,               7,        0, Partner    ,           2,         0, Undergraduate  ,       3
 27573.0,       1,        0,      45,       50,        15,             110,              39,               15,           15,                 4,               5,                   1,                 4,                 8,            0,            0,            0,            0,            0,        0,        0,  39,           461,            244,              14,        1, Partner    ,           3,         1, Graduate       ,       1
 15862.0,       1,        0,      26,        1,         1,               4,              11,                9,           10,                 1,               1,                   0,                 3,                 8,            0,            0,            0,            0,            0,        0,        0,  35,           367,             36,               5,        1, Alone      ,           2,         1, Undergraduate  ,       3
 49544.0,       1,        0,       0,      308,         0,              73,               0,                0,           23,                 2,               5,                   1,                 8,                 7,            0,            0,            0,            0,            0,        0,        0,  38,           502,            404,              16,        1, Partner    ,           3,         1, Postgraduate   ,       1
 33228.0,       1,        0,      28,       22,         2,              31,               7,                4,            5,                 1,               2,                   0,                 3,                 7,            0,            0,            0,            0,            0,        0,        0,  34,           157,             71,               6,        1, Partner    ,           3,         1, Graduate       ,       1
 70440.0,       0,        0,      49,      690,       117,             499,              76,              102,           88,                 1,               5,                  10,                 7,                 3,            0,            0,            0,            1,            0,        0,        0,  36,           264,           1572,              23,        0, Partner    ,           2,         0, Graduate       ,       2
 38232.0,       1,        1,      84,       43,         5,              28,               7,                6,           33,                 4,               3,                   1,                 3,                 5,            0,            0,            0,            0,            0,        0,        0,  43,           163,            122,              11,        2, Partner    ,           4,         1, Graduate       ,       1
 22554.0,       1,        1,      38,       27,         0,              10,               0,                0,            4,                 4,               2,                   0,                 4,                 5,            0,            0,            0,            0,            0,        0,        0,  59,           603,             41,              10,        2, Partner    ,           4,         1, Postgraduate   ,       1
 23536.0,       1,        0,      53,        6,         0,               3,               0,                0,            1,                 1,               0,                   0,                 3,                 3,            0,            0,            0,            0,            0,        0,        0,  31,            25,             10,               4,        1, Partner    ,           3,         1, Postgraduate   ,       1
 49413.0,       0,        1,      88,      205,         7,              41,               3,                2,           46,                 2,               4,                   2,                 5,                 5,            0,            0,            0,            0,            0,        0,        0,  62,           247,            304,              13,        1, Partner    ,           3,         1, Graduate       ,       1
 42231.0,       1,        1,      99,       24,         0,               8,               0,                1,            4,                 1,               1,                   0,                 3,                 5,            0,            0,            0,            0,            0,        0,        0,  45,            96,             37,               5,        2, Partner    ,           4,         1, Graduate       ,       1
 78789.0,       0,        0,      12,      667,        50,             850,              21,               83,           83,                 1,               4,                   6,                 5,                 2,            0,            0,            0,            0,            0,        0,        1,  34,           690,           1754,              16,        0, Alone      ,           1,         0, Postgraduate   ,       2
 56534.0,       0,        1,      35,      691,         7,              61,              10,                0,           46,                 4,              10,                   4,                 7,                 8,            0,            1,            0,            0,            1,        0,        1,  46,           341,            815,              25,        1, Partner    ,           3,         1, Graduate       ,       0
 58350.0,       0,        1,       5,      493,        26,             206,             116,               80,           80,                 4,               8,                   3,                12,                 6,            0,            0,            0,            0,            0,        0,        0,  43,           541,           1001,              27,        1, Alone      ,           2,         1, Graduate       ,       0
 81217.0,       0,        0,      77,      493,        70,             324,             146,               40,           84,                 1,               3,                   7,                11,                 1,            0,            0,            0,            0,            0,        0,        0,  25,           345,           1157,              22,        0, Alone      ,           1,         0, Graduate       ,       2
 49090.0,       0,        1,      45,      494,         5,              82,               7,                0,          100,                 3,               7,                   2,                 9,                 7,            0,            0,            0,            0,            0,        0,        0,  63,           345,            688,              21,        1, Alone      ,           2,         1, Graduate       ,       0
 61787.0,       0,        0,      71,      621,        73,             414,              78,               48,           85,                 1,               8,                   4,                 6,                 5,            0,            0,            0,            0,            0,        0,        0,  27,           358,           1319,              19,        0, Alone      ,           1,         0, Postgraduate   ,       2
 18169.0,       1,        0,      40,        9,         0,               5,               0,                0,            7,                 1,               1,                   0,                 2,                 8,            0,            0,            0,            0,            0,        0,        0,  29,           495,             21,               4,        1, Partner    ,           3,         1, Postgraduate   ,       3
 24336.0,       1,        0,      82,        1,         6,               2,               8,                2,           12,                 1,               1,                   0,                 2,                 7,            0,            0,            0,            0,            0,        0,        0,  33,           671,             31,               4,        1, Alone      ,           2,         1, Undergraduate  ,       3
 18222.0,       0,        0,      70,       12,         4,              19,              12,                6,           14,                 1,               2,                   0,                 3,                 8,            0,            0,            0,            0,            0,        0,        0,  24,           545,             67,               6,        0, Partner    ,           2,         0, Graduate       ,       3
 62335.0,       0,        1,      87,      243,       131,             217,              85,                6,           26,                 2,               3,                   3,                13,                 2,            0,            0,            0,            0,            0,        0,        0,  62,           402,            708,              21,        1, Alone      ,           2,         1, Graduate       ,       2
 42033.0,       1,        1,      95,       11,         1,               4,               2,                0,            7,                 1,               1,                   0,                 2,                 7,            0,            0,            0,            0,            0,        0,        0,  43,           648,             25,               4,        2, Partner    ,           4,         1, Undergraduate  ,       1
 86580.0,       0,        0,      72,      532,        21,             127,              26,               20,           20,                 0,               4,                   2,                 5,                 1,            0,            0,            1,            0,            0,        0,        0,  31,           487,            746,              11,        0, Partner    ,           2,         0, Postgraduate   ,       2
 41437.0,       1,        1,       5,       29,         0,               2,               0,                0,            1,                 1,               1,                   0,                 3,                 7,            0,            0,            0,            0,            0,        0,        0,  57,           645,             32,               5,        2, Alone      ,           3,         1, Postgraduate   ,       3
 73705.0,       0,        2,      86,      612,        91,             520,             258,              107,          107,                 2,               9,                   6,                 8,                 5,            0,            0,            0,            0,            0,        0,        0,  63,           116,           1695,              25,        2, Alone      ,           3,         1, Postgraduate   ,       0
 61064.0,       0,        1,      80,      387,       126,             342,               0,               45,          180,                 5,               8,                   4,                11,                 6,            0,            0,            0,            0,            0,        0,        0,  38,           667,           1080,              28,        1, Partner    ,           3,         1, Graduate       ,       0
 38452.0,       1,        1,      62,       56,         0,              14,               0,                0,            2,                 3,               3,                   0,                 3,                 7,            0,            0,            0,            0,            0,        0,        0,  59,            91,             72,               9,        2, Partner    ,           4,         1, Postgraduate   ,       1
 18358.0,       1,        0,      49,        6,         8,              19,              16,                4,            4,                 3,               3,                   0,                 4,                 7,            0,            0,            0,            0,            0,        0,        0,  25,           221,             57,              10,        1, Alone      ,           2,         1, Graduate       ,       3
 55012.0,       0,        1,      85,      582,         0,              65,               0,                0,           13,                 6,               8,                   2,                 9,                 5,            0,            0,            0,            0,            0,        0,        0,  41,           100,            660,              25,        1, Partner    ,           3,         1, Postgraduate   ,       0
  9722.0,       1,        0,       7,        6,        17,              16,               6,               16,           42,                 4,               3,                   1,                 3,                 8,            0,            0,            0,            0,            0,        0,        1,  41,           635,            103,              11,        1, Partner    ,           3,         1, Undergraduate  ,       3
 38175.0,       1,        0,       6,       70,         6,              69,               2,                3,            3,                 3,               3,                   1,                 4,                 7,            0,            0,            0,            0,            0,        0,        0,  30,           279,            153,              11,        1, Partner    ,           3,         1, Postgraduate   ,       1
 58656.0,       0,        1,      25,      962,        12,             194,              16,               24,           12,                 4,               7,                   8,                13,                 6,            0,            0,            1,            0,            0,        0,        0,  58,           647,           1220,              32,        1, Partner    ,           3,         1, Postgraduate   ,       0
 52117.0,       0,        1,      55,      112,        10,             107,              30,                0,           20,                 2,               5,                   2,                 4,                 7,            0,            0,            0,            0,            0,        0,        0,  49,           682,            279,              13,        1, Partner    ,           3,         1, Graduate       ,       0
 64813.0,       1,        0,      81,      293,         0,             124,             179,               97,           52,                 1,               7,                   2,                10,                 5,            0,            0,            0,            0,            0,        0,        0,  36,           178,            745,              20,        1, Partner    ,           3,         1, Graduate       ,       1
 54222.0,       0,        1,      98,      199,        12,              31,               3,               12,            7,                 1,               3,                   3,                 5,                 3,            0,            0,            0,            0,            0,        0,        0,  41,           120,            264,              12,        1, Partner    ,           3,         1, Postgraduate   ,       1
 83512.0,       0,        0,      31,     1060,        61,             835,              80,               20,          101,                 1,               4,                   7,                10,                 1,            1,            0,            1,            1,            1,        0,        1,  28,            12,           2157,              22,        0, Partner    ,           2,         0, Graduate       ,       2
 77520.0,       0,        1,      30,      940,        44,             396,               0,               88,           58,                 1,               8,                   7,                 7,                 4,            1,            0,            1,            1,            0,        0,        1,  55,           305,           1526,              23,        1, Partner    ,           3,         1, Postgraduate   ,       2
 41154.0,       0,        1,      98,       44,         2,              11,               2,                3,            7,                 1,               1,                   0,                 4,                 5,            0,            0,            0,            0,            0,        0,        0,  36,           446,             69,               6,        1, Partner    ,           3,         1, Graduate       ,       1
 80398.0,       0,        0,      92,      342,        51,             936,             207,               35,           26,                 1,               5,                   8,                12,                 3,            0,            0,            1,            0,            0,        0,        0,  48,           596,           1597,              26,        0, Partner    ,           2,         0, Graduate       ,       2
 18746.0,       1,        0,      41,        2,        10,              11,              12,                9,           20,                 2,               3,                   0,                 3,                 6,            0,            0,            0,            0,            0,        0,        0,  22,            31,             64,               8,        1, Alone      ,           2,         1, Undergraduate  ,       3
 35196.0,       1,        0,      68,       75,        12,             141,              43,               39,          187,                 6,               6,                   1,                 5,                 8,            0,            0,            0,            0,            0,        0,        0,  30,           593,            497,              18,        1, Partner    ,           3,         1, Graduate       ,       0
 60230.0,       0,        1,      78,      520,        20,             367,              39,               81,           40,                 2,               6,                   3,                 6,                 5,            0,            0,            0,            0,            0,        0,        0,  58,           405,           1067,              17,        1, Alone      ,           2,         1, Graduate       ,       2
 22108.0,       1,        1,      46,        5,         3,               9,               6,                2,            6,                 2,               2,                   0,                 3,                 7,            0,            0,            0,            0,            0,        0,        0,  37,            52,             31,               7,        2, Partner    ,           4,         1, Graduate       ,       1
 44392.0,       1,        1,      71,       87,         5,              71,               7,               12,           29,                 5,               4,                   1,                 4,                 7,            0,            0,            0,            0,            0,        0,        0,  40,           297,            211,              14,        2, Partner    ,           4,         1, Graduate       ,       1
 55424.0,       0,        1,       6,      462,        61,             184,              10,               53,          107,                 4,               7,                   5,                 9,                 6,            1,            0,            0,            0,            0,        0,        1,  38,           581,            877,              25,        1, Partner    ,           3,         1, Postgraduate   ,       0
 17688.0,       1,        0,      82,        2,         2,               1,               3,                1,            2,                 1,               1,                   0,                 2,                 8,            0,            0,            0,            0,            0,        1,        0,  35,           532,             11,               4,        1, Partner    ,           3,         1, Graduate       ,       3
 92491.0,       0,        0,      71,      979,        44,             935,              29,               25,           22,                 1,               7,                   5,                12,                 3,            0,            1,            1,            1,            0,        0,        1,  31,           424,           2034,              25,        0, Partner    ,           2,         0, Postgraduate   ,       2
 90273.0,       0,        0,      32,      704,       129,             853,             120,               74,          111,                 1,               5,                   6,                 7,                 2,            0,            1,            1,            1,            0,        0,        1,  23,           197,           1991,              19,        0, Alone      ,           1,         0, Graduate       ,       2
 82571.0,       0,        0,      28,      861,        31,             558,              62,               95,           79,                 0,               6,                   5,                13,                 2,            0,            0,            1,            0,            0,        0,        0,  52,            88,           1686,              24,        0, Alone      ,           1,         0, Postgraduate   ,       2
 38513.0,       1,        0,      20,      172,         3,             115,              16,                0,           18,                 5,               6,                   1,                 5,                 8,            0,            0,            0,            0,            0,        0,        1,  32,           152,            324,              17,        1, Alone      ,           2,         1, Postgraduate   ,       3
 16653.0,       1,        0,      10,        5,         7,              31,              15,                4,            7,                 3,               2,                   1,                 3,                 6,            0,            0,            0,            0,            0,        0,        1,  35,            72,             69,               9,        1, Alone      ,           2,         1, Postgraduate   ,       3
 42586.0,       1,        1,       7,      194,         2,              56,               0,                0,            0,                 5,               4,                   1,                 6,                 8,            0,            0,            0,            0,            0,        0,        1,  59,           608,            252,              16,        2, Partner    ,           4,         1, Graduate       ,       0
 23529.0,       0,        1,      67,        9,         7,              13,               3,                2,           20,                 1,               1,                   1,                 2,                 6,            0,            0,            0,            0,            0,        0,        0,  49,           538,             54,               5,        1, Alone      ,           2,         1, Undergraduate  ,       3
 74881.0,       1,        1,      48,      505,        72,             270,              36,               27,           54,                 4,               9,                   2,                12,                 5,            0,            0,            0,            0,            0,        0,        0,  53,           478,            964,              27,        2, Partner    ,           4,         1, Postgraduate   ,       0
 71107.0,       0,        1,      61,      533,        10,             217,             198,              174,          195,                 2,               7,                   6,                13,                 4,            0,            0,            0,            0,            0,        0,        0,  63,           497,           1327,              28,        1, Partner    ,           3,         1, Graduate       ,       0
 46910.0,       1,        1,      36,       48,         0,              14,               0,                0,            6,                 2,               2,                   0,                 3,                 6,            0,            0,            0,            0,            0,        0,        0,  50,            98,             68,               7,        2, Partner    ,           4,         1, Postgraduate   ,       1
 18690.0,       0,        0,      77,        6,         1,               7,              23,                4,           19,                 1,               1,                   1,                 2,                 8,            0,            0,            0,            0,            0,        0,        0,  55,           548,             60,               5,        0, Partner    ,           2,         0, Graduate       ,       3
 37244.0,       1,        1,      90,       18,         2,              10,               0,                0,           25,                 1,               1,                   1,                 2,                 7,            1,            0,            0,            0,            0,        0,        0,  59,           428,             55,               5,        2, Alone      ,           3,         1, Graduate       ,       1
 82427.0,       0,        0,      35,      482,       147,             509,             104,              107,          107,                 1,               3,                   5,                12,                 1,            0,            0,            1,            0,            0,        0,        0,  48,           109,           1456,              21,        0, Partner    ,           2,         0, Graduate       ,       2
 75342.0,       0,        1,      38,      204,        97,              97,              21,              118,           26,                 1,               5,                   2,                10,                 4,            0,            0,            0,            0,            0,        0,        0,  56,           419,            563,              18,        1, Alone      ,           2,         1, Undergraduate  ,       2
 70044.0,       0,        1,      46,     1073,         0,             250,             153,               14,           14,                 4,               7,                  10,                 5,                 5,            0,            0,            0,            0,            0,        0,        0,  60,           496,           1504,              26,        1, Alone      ,           2,         1, Graduate       ,       0
 79146.0,       1,        1,      33,      245,        16,             223,              21,               43,           16,                 2,               8,                   1,                 8,                 6,            0,            0,            0,            0,            0,        0,        0,  47,            66,            564,              19,        2, Alone      ,           3,         1, Graduate       ,       0
 77437.0,       0,        0,      70,      560,        21,             442,              29,               44,           29,                 1,               4,                   5,                13,                 1,            0,            0,            1,            0,            0,        0,        0,  51,           215,           1125,              23,        0, Partner    ,           2,         0, Graduate       ,       2
 54984.0,       0,        1,      51,      173,        13,             131,              32,                3,            6,                 4,               6,                   1,                 6,                 7,            0,            0,            0,            1,            0,        0,        0,  55,            36,            358,              17,        1, Partner    ,           3,         1, Graduate       ,       1
 42403.0,       1,        0,      18,       22,         1,              11,               0,                5,            3,                 1,               1,                   0,                 3,                 8,            0,            0,            0,            0,            0,        0,        0,  43,           200,             42,               5,        1, Partner    ,           3,         1, Postgraduate   ,       1
 55761.0,       0,        1,      97,      136,         1,              12,               0,                3,           32,                 2,               4,                   1,                 3,                 6,            0,            1,            0,            0,            0,        0,        0,  50,            66,            184,              10,        1, Partner    ,           3,         1, Graduate       ,       1
 37292.0,       1,        0,      32,      275,         0,              86,              10,               23,           66,                 5,               6,                   3,                 5,                 8,            0,            0,            0,            0,            0,        0,        0,  31,           437,            460,              19,        1, Partner    ,           3,         1, Graduate       ,       0
 45576.0,       0,        0,       9,       56,        19,              29,               2,               14,           25,                 1,               3,                   1,                 3,                 8,            0,            0,            0,            0,            0,        0,        1,  69,            32,            145,               8,        0, Alone      ,           1,         0, Postgraduate   ,       3
 70321.0,       0,        0,       6,      303,        23,             751,              82,               26,          191,                 1,               6,                   5,                13,                 4,            0,            0,            0,            0,            0,        0,        1,  67,           529,           1376,              25,        0, Partner    ,           2,         0, Graduate       ,       2
 58086.0,       0,        1,      80,      708,         7,              62,               0,                0,           15,                 2,              11,                   3,                 7,                 8,            0,            0,            0,            0,            0,        0,        0,  45,           525,            792,              23,        1, Alone      ,           2,         1, Postgraduate   ,       0
 81795.0,       0,        0,      74,      324,       132,             693,              27,              118,           88,                 1,               4,                  11,                 7,                 2,            0,            0,            0,            0,            0,        0,        0,  62,           611,           1382,              23,        0, Partner    ,           2,         0, Graduate       ,       2
 28389.0,       0,        0,      49,        1,         5,               3,               7,                4,            8,                 1,               1,                   0,                 2,                 7,            0,            0,            0,            0,            0,        0,        0,  67,           586,             28,               4,        0, Partner    ,           2,         0, Undergraduate  ,       3
 66835.0,       0,        0,      21,      620,        26,             195,              34,               17,          141,                 1,               6,                   4,                13,                 2,            0,            0,            0,            0,            0,        0,        0,  68,           274,           1033,              24,        0, Partner    ,           2,         0, Postgraduate   ,       2
 69901.0,       0,        1,      95,      312,        21,             206,             102,               92,          149,                 3,               7,                   3,                10,                 5,            0,            0,            0,            0,            0,        0,        0,  45,           396,            882,              23,        1, Alone      ,           2,         1, Graduate       ,       2
 80360.0,       0,        0,      56,     1493,        86,             454,             112,               43,           43,                 2,               4,                   4,                 5,                 2,            0,            1,            1,            1,            0,        0,        0,  65,           483,           2231,              15,        0, Partner    ,           2,         0, Postgraduate   ,       2
 63342.0,       0,        1,      48,      918,        21,             118,              13,               10,           21,                 3,               8,                   3,                 5,                 6,            0,            1,            0,            0,            0,        0,        1,  53,           621,           1101,              19,        1, Partner    ,           3,         1, Postgraduate   ,       0
 44989.0,       0,        1,      26,       98,         0,             106,              49,               10,          106,                 5,               5,                   1,                 5,                 6,            0,            0,            0,            0,            0,        0,        0,  40,           655,            369,              16,        1, Partner    ,           3,         1, Graduate       ,       0
 31859.0,       1,        0,       3,        3,         4,               7,              15,                8,           11,                 1,               1,                   0,                 3,                 7,            0,            0,            0,            0,            0,        0,        0,  34,           122,             48,               5,        1, Alone      ,           2,         1, Undergraduate  ,       3
 51569.0,       0,        1,      39,      380,         0,              47,               6,                0,           34,                 4,               7,                   1,                 7,                 8,            0,            1,            0,            0,            0,        0,        1,  65,           502,            467,              19,        1, Alone      ,           2,         1, Postgraduate   ,       0
 30372.0,       1,        1,      33,       15,         0,              12,               7,                3,            7,                 3,               2,                   0,                 3,                 7,            0,            0,            0,            0,            0,        0,        0,  43,           551,             44,               8,        2, Alone      ,           3,         1, Graduate       ,       3
 16014.0,       1,        1,      42,        3,         9,               4,               7,                8,            7,                 4,               1,                   1,                 4,                 3,            0,            0,            0,            0,            0,        0,        0,  35,           469,             38,              10,        2, Alone      ,           3,         1, Undergraduate  ,       3
 41120.0,       1,        1,      80,       24,         2,              23,               0,                8,           24,                 3,               2,                   1,                 3,                 6,            0,            0,            0,            0,            0,        0,        0,  46,           235,             81,               9,        2, Partner    ,           4,         1, Graduate       ,       1
 39763.0,       1,        0,       9,       80,         1,              60,               4,                6,           16,                 2,               5,                   1,                 2,                 9,            0,            0,            0,            0,            0,        0,        1,  43,           329,            167,              10,        1, Alone      ,           2,         1, Postgraduate   ,       3
 38725.0,       1,        1,      52,       31,         0,               6,               2,                1,            5,                 2,               1,                   0,                 4,                 4,            0,            0,            0,            0,            0,        0,        0,  59,            50,             45,               7,        2, Partner    ,           4,         1, Postgraduate   ,       1
 77981.0,       1,        0,      78,      138,       120,             204,              16,              126,           60,                 3,               7,                   4,                 7,                 5,            0,            0,            0,            0,            0,        0,        0,  42,           399,            664,              21,        1, Partner    ,           3,         1, Graduate       ,       0
 62905.0,       0,        1,      68,      166,        75,              96,             119,              107,           59,                 3,               7,                   2,                 8,                 4,            0,            0,            0,            0,            0,        0,        0,  50,           292,            622,              20,        1, Partner    ,           3,         1, Undergraduate  ,       0
 13533.0,       1,        0,      45,       12,         3,               8,               8,                0,           17,                 2,               2,                   0,                 3,                 7,            0,            0,            0,            0,            0,        0,        0,  35,           476,             48,               7,        1, Alone      ,           2,         1, Undergraduate  ,       3
 59481.0,       0,        1,      47,      178,         3,              85,              71,               66,           58,                 2,               3,                   3,                 8,                 2,            0,            0,            0,            0,            0,        0,        0,  39,           249,            461,              16,        1, Partner    ,           3,         1, Graduate       ,       1
 72117.0,       0,        1,      34,      707,        20,             171,              65,               60,           50,                 1,               9,                   7,                 9,                 5,            0,            0,            0,            0,            0,        0,        0,  37,           313,           1073,              26,        1, Partner    ,           3,         1, Graduate       ,       2
 21955.0,       1,        0,      81,        5,         1,               7,              17,               14,           11,                 2,               2,                   1,                 3,                 6,            0,            0,            0,            0,            0,        0,        0,  28,           295,             55,               8,        1, Partner    ,           3,         1, Undergraduate  ,       1
 67131.0,       0,        1,      72,      465,        71,             250,              93,               35,           62,                 3,               9,                   2,                12,                 6,            0,            0,            0,            0,            0,        0,        0,  58,           460,            976,              26,        1, Partner    ,           3,         1, Graduate       ,       0
 36802.0,       1,        0,      23,       16,         1,               2,               0,                0,            1,                 1,               1,                   0,                 3,                 5,            0,            0,            0,            0,            0,        0,        0,  34,            13,             20,               5,        1, Alone      ,           2,         1, Postgraduate   ,       3
 71853.0,       0,        0,      29,      358,       108,             413,             141,               97,           32,                 1,               2,                   8,                 6,                 1,            0,            0,            0,            0,            0,        0,        0,  32,           417,           1149,              17,        0, Partner    ,           2,         0, Graduate       ,       2
 28249.0,       0,        0,      80,        1,         9,               7,               2,               14,           10,                 1,               2,                   0,                 3,                 6,            0,            0,            0,            0,            0,        0,        0,  53,            14,             43,               6,        0, Partner    ,           2,         0, Undergraduate  ,       1
 47808.0,       0,        1,      30,      123,         1,              26,               2,                0,           72,                 2,               3,                   2,                 3,                 7,            1,            0,            0,            0,            0,        0,        0,  39,           252,            224,              10,        1, Partner    ,           3,         1, Postgraduate   ,       1
 25509.0,       1,        0,      15,       40,         3,              30,              10,                7,           11,                 3,               3,                   0,                 3,                 9,            0,            0,            0,            0,            0,        0,        1,  40,           649,            101,               9,        1, Alone      ,           2,         1, Postgraduate   ,       3
 51012.0,       0,        0,      86,      102,         9,              63,               2,                9,           24,                 1,               4,                   1,                 4,                 6,            0,            0,            0,            0,            0,        0,        0,  68,           437,            209,              10,        0, Partner    ,           2,         0, Postgraduate   ,       3
 70596.0,       0,        0,      68,      347,        44,             534,              17,                0,           26,                 1,               3,                   5,                12,                 2,            0,            0,            0,            0,            0,        0,        0,  29,           632,            968,              21,        0, Alone      ,           1,         0, Graduate       ,       2
 85431.0,       0,        0,      54,      376,        53,             462,             168,               53,           53,                 1,               2,                   7,                 7,                 0,            0,            0,            0,            0,            0,        0,        0,  62,           386,           1165,              17,        0, Partner    ,           2,         0, Postgraduate   ,       2
 42664.0,       0,        1,      44,       21,         0,               3,               0,                0,            0,                 1,               1,                   0,                 3,                 6,            0,            0,            0,            0,            0,        0,        0,  47,           103,             24,               5,        1, Partner    ,           3,         1, Graduate       ,       1
 42586.0,       1,        1,       7,      194,         2,              56,               0,                0,            0,                 5,               4,                   1,                 6,                 8,            0,            0,            0,            0,            0,        0,        1,  59,           608,            252,              16,        2, Partner    ,           4,         1, Graduate       ,       0
 29760.0,       1,        0,      87,       64,         4,              68,               7,                5,           17,                 4,               3,                   1,                 4,                 8,            0,            0,            0,            0,            0,        0,        0,  29,           669,            165,              12,        1, Alone      ,           2,         1, Graduate       ,       3
 28973.0,       0,        0,      59,      206,         0,              46,               3,                2,           12,                 2,               5,                   1,                 5,                 8,            0,            0,            0,            0,            0,        0,        0,  37,           624,            269,              13,        0, Partner    ,           2,         0, Postgraduate   ,       3
 39435.0,       1,        0,      16,       71,         0,              18,               0,                0,           13,                 1,               3,                   1,                 2,                 7,            0,            0,            0,            0,            0,        0,        0,  41,           327,            102,               7,        1, Partner    ,           3,         1, Postgraduate   ,       1
 65370.0,       0,        0,       1,       71,        22,             112,             138,               89,           29,                 1,               2,                   3,                13,                 1,            0,            0,            0,            0,            0,        0,        0,  30,           332,            461,              19,        0, Partner    ,           2,         0, Undergraduate  ,       2
 20194.0,       1,        0,      64,        0,         4,               7,              11,               10,           15,                 2,               2,                   0,                 3,                 6,            0,            0,            0,            0,            0,        0,        0,  35,           559,             47,               7,        1, Alone      ,           2,         1, Undergraduate  ,       3
 42473.0,       1,        1,      72,       93,         1,              21,               0,                4,           25,                 3,               2,                   1,                 4,                 5,            0,            0,            0,            0,            0,        0,        0,  38,           132,            144,              10,        2, Alone      ,           3,         1, Postgraduate   ,       1
 64590.0,       0,        0,      98,      920,       138,             168,              36,               46,           30,                 1,               9,                   4,                10,                 6,            0,            0,            0,            0,            0,        0,        0,  46,           623,           1338,              24,        0, Partner    ,           2,         0, Graduate       ,       2
 71232.0,       0,        1,      91,      653,        17,             170,              34,               26,           17,                 2,              11,                   2,                10,                 7,            0,            0,            0,            0,            0,        0,        0,  55,           213,            917,              25,        1, Partner    ,           3,         1, Graduate       ,       0
 34600.0,       1,        1,       8,      199,        33,              60,               8,                3,           15,                 5,               5,                   2,                 5,                 8,            0,            0,            0,            0,            0,        0,        1,  43,           544,            318,              17,        2, Partner    ,           4,         1, Graduate       ,       0
 46904.0,       1,        1,      20,      153,         4,              56,               0,                9,           31,                 4,               5,                   1,                 4,                 8,            0,            0,            0,            0,            0,        0,        0,  47,           603,            253,              14,        2, Alone      ,           3,         1, Graduate       ,       0
 49094.0,       0,        1,       6,      376,         0,              38,              11,                8,           69,                 5,               6,                   3,                 6,                 6,            0,            0,            0,            0,            0,        0,        0,  41,           646,            502,              20,        1, Partner    ,           3,         1, Graduate       ,       0
 36075.0,       1,        0,      54,       46,         0,              30,              12,                1,           30,                 1,               2,                   0,                 4,                 6,            0,            0,            0,            0,            0,        0,        0,  31,           202,            119,               7,        1, Partner    ,           3,         1, Graduate       ,       1
 60839.0,       1,        1,      72,      600,        21,             128,             223,              150,          128,                13,               2,                   2,                12,                 8,            0,            0,            0,            0,            0,        0,        0,  35,           670,           1250,              29,        2, Partner    ,           4,         1, Undergraduate  ,       0
 77298.0,       0,        1,      46,      425,       115,             292,              23,               35,           79,                 1,               6,                   6,                11,                 3,            0,            0,            0,            0,            0,        0,        0,  35,           239,            969,              24,        1, Partner    ,           3,         1, Graduate       ,       2
 34026.0,       1,        1,      11,       18,         6,              15,              12,                8,           17,                 3,               2,                   1,                 3,                 5,            0,            0,            0,            0,            0,        0,        0,  64,           328,             76,               9,        2, Partner    ,           4,         1, Graduate       ,       1
 48918.0,       1,        1,      21,       52,         0,               9,               0,                0,            1,                 2,               1,                   0,                 4,                 4,            0,            0,            0,            0,            0,        0,        0,  51,            78,             62,               7,        2, Alone      ,           3,         1, Postgraduate   ,       1
 82122.0,       0,        0,      89,      734,        22,             350,             151,               25,          100,                 1,               3,                   9,                13,                 1,            0,            0,            1,            0,            0,        0,        0,  52,           318,           1382,              26,        0, Partner    ,           2,         0, Undergraduate  ,       2
 37697.0,       1,        0,      82,       34,         6,              21,              11,                4,            8,                 1,               2,                   1,                 3,                 6,            0,            0,            0,            0,            0,        0,        0,  38,           142,             84,               7,        1, Alone      ,           2,         1, Graduate       ,       3
 34074.0,       1,        1,      69,      135,         1,              41,              10,                1,           67,                 5,               3,                   3,                 3,                 6,            1,            0,            0,            0,            0,        0,        0,  62,           351,            255,              14,        2, Partner    ,           4,         1, Graduate       ,       1
 28520.0,       1,        1,      55,       11,         0,              10,               0,                2,           20,                 1,               1,                   1,                 2,                 6,            0,            0,            0,            0,            0,        0,        0,  54,           380,             43,               5,        2, Partner    ,           4,         1, Postgraduate   ,       1
 62535.0,       0,        1,      13,      163,        48,              90,               0,               45,           52,                 1,               3,                   2,                 8,                 3,            0,            0,            0,            0,            0,        0,        0,  59,           269,            398,              14,        1, Alone      ,           2,         1, Graduate       ,       2
 36273.0,       1,        0,      80,       29,         3,              30,               3,                2,            9,                 2,               3,                   0,                 3,                 6,            0,            0,            0,            0,            0,        0,        0,  37,            74,             76,               8,        1, Alone      ,           2,         1, Postgraduate   ,       3
 63404.0,       0,        2,      97,      734,        26,              70,              11,               44,           17,                 2,               6,                   3,                 4,                 4,            0,            0,            0,            1,            0,        0,        0,  50,            23,            902,              15,        2, Partner    ,           4,         1, Graduate       ,       1
 75774.0,       1,        0,      27,      340,        21,             134,             258,               14,           56,                 1,               7,                   5,                 8,                 4,            0,            0,            0,            0,            0,        0,        0,  33,            58,            823,              21,        1, Partner    ,           3,         1, Undergraduate  ,       2
 78416.0,       0,        1,      99,      453,        38,             279,             188,               38,          183,                 2,               7,                   7,                10,                 3,            0,            0,            0,            0,            0,        0,        0,  38,             2,           1179,              26,        1, Partner    ,           3,         1, Graduate       ,       2
 75702.0,       0,        1,      87,     1073,         0,             629,             145,               37,           37,                 1,              10,                   5,                13,                 6,            0,            0,            1,            0,            0,        0,        0,  40,           623,           1921,              29,        1, Partner    ,           3,         1, Graduate       ,       0
 59385.0,       1,        1,      85,      135,         0,              10,               0,                4,           36,                 2,               3,                   1,                 4,                 5,            0,            0,            0,            0,            0,        0,        0,  63,           427,            185,              10,        2, Partner    ,           4,         1, Postgraduate   ,       1
 37070.0,       1,        1,      30,      231,         7,             137,               4,               15,           39,                 9,               5,                   1,                 8,                 7,            0,            0,            0,            0,            0,        0,        1,  48,           466,            433,              23,        2, Alone      ,           3,         1, Graduate       ,       0
 44689.0,       1,        1,      82,       18,         0,               5,               0,                0,           11,                 2,               1,                   1,                 2,                 7,            1,            0,            0,            0,            0,        0,        0,  63,           170,             34,               6,        2, Partner    ,           4,         1, Graduate       ,       1
 53977.0,       0,        1,      21,      620,        16,             165,               0,               24,           82,                 5,               5,                   5,                12,                 5,            0,            0,            0,            0,            0,        0,        0,  56,           386,            907,              27,        1, Partner    ,           3,         1, Graduate       ,       0
  7144.0,       0,        2,      92,       81,         4,              33,               5,                2,          291,                 0,              23,                   1,                 1,                 0,            0,            0,            0,            0,            0,        0,        0,  48,           204,            416,              25,        2, Alone      ,           3,         1, Postgraduate   ,       1
 18701.0,       1,        1,      95,       12,         4,               2,              10,                6,           10,                 4,               2,                   0,                 4,                 5,            0,            0,            0,            0,            0,        0,        0,  50,           390,             44,              10,        2, Alone      ,           3,         1, Graduate       ,       1
 90369.0,       0,        0,       2,      292,        51,             981,             224,               23,           17,                 1,               4,                   6,                 6,                 1,            0,            0,            0,            0,            0,        0,        1,  58,            62,           1588,              17,        0, Partner    ,           2,         0, Graduate       ,       2
 63159.0,       0,        0,      74,      965,        34,             586,              89,               86,           37,                 1,               3,                   5,                 8,                 3,            1,            0,            0,            0,            0,        0,        0,  40,           601,           1797,              17,        0, Alone      ,           1,         0, Postgraduate   ,       2
 37758.0,       1,        1,      49,       27,         2,              10,               0,                0,            1,                 2,               1,                   0,                 3,                 8,            0,            0,            0,            0,            0,        0,        0,  48,           633,             40,               6,        2, Partner    ,           4,         1, Graduate       ,       1
 46757.0,       0,        1,      71,      777,        30,             163,               0,               51,          122,                 6,               4,                   4,                 7,                 9,            0,            0,            0,            0,            0,        0,        0,  51,           590,           1143,              21,        1, Alone      ,           2,         1, Postgraduate   ,       0
 79734.0,       0,        0,      72,      572,         8,             232,              23,               62,           17,                 1,               4,                   3,                 6,                 1,            0,            0,            0,            1,            0,        0,        0,  45,             1,            914,              14,        0, Partner    ,           2,         0, Postgraduate   ,       2
 63207.0,       0,        0,      68,      438,       169,             565,              91,              169,           70,                 1,               2,                   3,                 6,                 7,            0,            0,            0,            1,            0,        0,        0,  22,           525,           1502,              12,        0, Partner    ,           2,         0, Graduate       ,       2
 72071.0,       0,        1,       4,      531,        69,             300,             150,              138,          150,                 3,               5,                   4,                 8,                 2,            0,            0,            0,            0,            0,        0,        0,  60,           500,           1338,              20,        1, Alone      ,           2,         1, Graduate       ,       2
 21840.0,       1,        0,      80,       17,         0,               9,               0,                0,            1,                 1,               1,                   0,                 3,                 9,            0,            0,            0,            0,            0,        0,        0,  31,           343,             27,               5,        1, Partner    ,           3,         1, Postgraduate   ,       3
 58582.0,       0,        1,      15,      402,        35,             106,             101,               77,           42,                 2,               9,                   2,                 9,                 5,            0,            1,            0,            0,            0,        0,        0,  32,           274,            763,              22,        1, Partner    ,           3,         1, Undergraduate  ,       0
 72282.0,       0,        0,      70,      503,        27,             419,              90,              139,          153,                 1,               5,                   7,                 9,                 7,            0,            0,            0,            0,            0,        0,        1,  63,           345,           1331,              22,        0, Alone      ,           1,         0, Graduate       ,       2
 50387.0,       0,        2,      91,      369,         9,              87,              12,               14,           34,                 3,               6,                   2,                 8,                 5,            0,            0,            0,            0,            0,        0,        0,  58,           302,            525,              19,        2, Partner    ,           4,         1, Graduate       ,       0
 32583.0,       1,        1,      10,        5,         0,               3,               0,                0,            1,                 1,               1,                   0,                 2,                 7,            0,            0,            0,            0,            0,        0,        0,  53,            14,              9,               4,        2, Partner    ,           4,         1, Postgraduate   ,       1
 62568.0,       0,        1,      99,      362,        17,             398,              80,               35,           61,                 3,               5,                   3,                 5,                 4,            0,            0,            0,            1,            0,        0,        0,  52,            83,            953,              16,        1, Partner    ,           3,         1, Graduate       ,       0
 44635.0,       1,        1,      25,       56,         0,               9,               0,                0,            3,                 2,               2,                   0,                 3,                 7,            0,            0,            0,            0,            0,        0,        0,  43,           261,             68,               7,        2, Alone      ,           3,         1, Postgraduate   ,       3
 33316.0,       1,        1,      34,       79,         1,              31,               4,                4,           12,                 3,               2,                   1,                 4,                 6,            0,            0,            0,            0,            0,        0,        0,  43,           268,            131,              10,        2, Alone      ,           3,         1, Postgraduate   ,       3
 63967.0,       0,        1,      57,      387,        84,             141,              73,               35,          162,                 3,               4,                   4,                12,                 2,            0,            0,            0,            0,            0,        0,        0,  46,           324,            882,              23,        1, Partner    ,           3,         1, Graduate       ,       0
 52513.0,       0,        0,      84,      367,        17,             241,             104,              188,          232,                 2,               9,                   5,                 9,                 7,            0,            0,            0,            0,            0,        0,        0,  36,           663,           1149,              25,        0, Partner    ,           2,         0, Undergraduate  ,       0
 25293.0,       1,        0,      51,       15,         0,              11,               0,                2,            9,                 1,               1,                   1,                 2,                 8,            0,            0,            0,            0,            0,        0,        0,  45,           287,             37,               5,        1, Partner    ,           3,         1, Graduate       ,       1
 54111.0,       0,        1,      97,      267,         6,              54,               8,                3,           50,                 2,               5,                   2,                 6,                 5,            0,            0,            0,            0,            0,        0,        0,  49,           308,            388,              15,        1, Alone      ,           2,         1, Postgraduate   ,       3
 78394.0,       0,        0,      13,      298,        27,             697,             216,               24,          166,                 1,               4,                   6,                 5,                 2,            0,            0,            0,            0,            0,        0,        1,  28,           499,           1428,              16,        0, Partner    ,           2,         0, Graduate       ,       2
 80739.0,       0,        0,      92,      674,        92,             736,              39,                0,           92,                 1,               3,                  11,                 9,                 1,            0,            0,            0,            0,            0,        0,        0,  56,           402,           1633,              24,        0, Partner    ,           2,         0, Postgraduate   ,       2
 22669.0,       1,        0,      30,       16,        14,              36,              37,               22,           48,                 3,               4,                   1,                 2,                 9,            0,            0,            0,            0,            0,        0,        1,  39,           403,            173,              10,        1, Partner    ,           3,         1, Postgraduate   ,       3
 29236.0,       1,        0,      30,       37,         4,              24,              16,                9,            9,                 2,               4,                   0,                 3,                 9,            0,            0,            0,            0,            0,        0,        0,  27,           264,             99,               9,        1, Alone      ,           2,         1, Graduate       ,       3
 44911.0,       0,        1,      11,      159,         0,              22,               2,                1,           31,                 3,               4,                   1,                 4,                 7,            0,            0,            0,            0,            0,        0,        0,  55,           471,            215,              12,        1, Partner    ,           3,         1, Graduate       ,       1
 54693.0,       0,        1,      72,      686,        17,             142,              23,               26,           35,                 8,               6,                   4,                13,                 6,            0,            0,            0,            0,            0,        0,        0,  52,           497,            929,              31,        1, Partner    ,           3,         1, Postgraduate   ,       0
 48186.0,       1,        0,      39,       97,         3,              66,              12,                7,           34,                 3,               4,                   1,                 4,                 7,            0,            0,            0,            0,            0,        0,        0,  40,           101,            219,              12,        1, Partner    ,           3,         1, Graduate       ,       1
 54809.0,       1,        1,       0,       63,         6,              57,              13,               13,           22,                 4,               2,                   1,                 5,                 4,            0,            0,            0,            0,            0,        0,        1,  37,           291,            174,              12,        2, Partner    ,           4,         1, Graduate       ,       1
 41580.0,       1,        1,      15,       56,         5,              24,               4,                0,            3,                 3,               2,                   1,                 3,                 5,            0,            0,            0,            0,            0,        0,        0,  36,           566,             92,               9,        2, Partner    ,           4,         1, Graduate       ,       1
 80336.0,       0,        0,      12,      209,        19,             456,             160,              142,           66,                 1,               2,                   9,                13,                 1,            0,            0,            0,            0,            0,        0,        0,  44,           293,           1052,              25,        0, Partner    ,           2,         0, Postgraduate   ,       2
 47743.0,       0,        1,      56,      198,         2,              43,               0,               12,           20,                 3,               4,                   1,                 6,                 6,            0,            1,            0,            0,            0,        0,        0,  57,           464,            275,              14,        1, Partner    ,           3,         1, Graduate       ,       0
 62972.0,       0,        1,      39,      313,        15,              47,              20,                0,          192,                 2,               7,                   4,                 3,                 6,            0,            0,            0,            0,            0,        0,        0,  59,           695,            587,              16,        1, Partner    ,           3,         1, Undergraduate  ,       0
 57333.0,       0,        1,      55,      941,        14,             397,              76,               58,          176,                11,               8,                   5,                 9,                 6,            0,            0,            0,            0,            0,        0,        1,  60,           645,           1662,              33,        1, Alone      ,           2,         1, Postgraduate   ,       0
 32313.0,       1,        0,      60,       86,         4,              56,               2,                4,            7,                 3,               4,                   0,                 4,                 9,            0,            0,            0,            0,            0,        0,        0,  32,           503,            159,              11,        1, Partner    ,           3,         1, Postgraduate   ,       3
 84953.0,       0,        0,      73,      167,        48,             602,              63,               72,           72,                 1,               3,                  10,                 4,                 2,            0,            1,            1,            1,            0,        0,        1,  61,           391,           1024,              18,        0, Alone      ,           1,         0, Postgraduate   ,       2
 27071.0,       1,        0,      90,        8,         3,              19,               0,                2,            3,                 2,               2,                   0,                 3,                 6,            0,            0,            0,            0,            0,        0,        0,  46,            67,             35,               7,        1, Alone      ,           2,         1, Postgraduate   ,       3
 68148.0,       0,        0,      86,      389,        66,             408,              37,               57,           85,                 1,               4,                   4,                 6,                 2,            0,            0,            0,            0,            0,        0,        0,  57,           302,           1042,              15,        0, Partner    ,           2,         0, Postgraduate   ,       2
 65735.0,       1,        1,      37,      239,         7,             119,               4,               15,           11,                 5,               6,                   2,                 6,                 7,            0,            0,            0,            0,            0,        0,        0,  49,           204,            395,              19,        2, Partner    ,           4,         1, Postgraduate   ,       0
 86836.0,       0,        0,       7,      179,        21,             273,               0,               21,           63,                 1,               6,                  10,                 6,                 5,            1,            0,            1,            1,            0,        0,        1,  39,           655,            557,              23,        0, Partner    ,           2,         0, Postgraduate   ,       2
  4023.0,       1,        1,      29,        5,         0,               1,               1,                1,            1,                15,               0,                   0,                 0,                19,            0,            0,            0,            0,            0,        0,        0,  51,             6,              9,              15,        2, Partner    ,           4,         1, Postgraduate   ,       0
 30093.0,       0,        0,      19,        2,         6,              28,              13,                4,           16,                 1,               2,                   0,                 3,                 7,            0,            0,            0,            0,            0,        0,        0,  24,           356,             69,               6,        0, Partner    ,           2,         0, Graduate       ,       3
 57705.0,       0,        1,      14,      383,         0,              53,               6,                4,           40,                 3,               8,                   1,                 6,                 6,            0,            0,            0,            0,            0,        0,        0,  48,           169,            486,              18,        1, Partner    ,           3,         1, Postgraduate   ,       1
 25008.0,       1,        0,      72,        2,         8,               8,               6,                1,            9,                 2,               1,                   0,                 3,                 8,            0,            0,            0,            0,            0,        0,        0,  26,           147,             34,               6,        1, Alone      ,           2,         1, Graduate       ,       3
 83257.0,       0,        0,      56,      536,        27,             590,              38,              107,           67,                 1,               5,                  10,                12,                 6,            1,            0,            1,            0,            0,        1,        1,  19,           649,           1365,              28,        0, Alone      ,           1,         0, Undergraduate  ,       2
 22280.0,       1,        0,      85,        2,         1,               4,               3,                1,            2,                 1,               1,                   0,                 2,                 8,            0,            0,            0,            0,            0,        0,        0,  39,           406,             13,               4,        1, Partner    ,           3,         1, Graduate       ,       1
 72159.0,       0,        0,      62,      322,        53,             899,              34,               40,           53,                 1,               4,                   6,                10,                 2,            0,            0,            0,            0,            0,        0,        0,  36,           608,           1401,              21,        0, Partner    ,           2,         0, Postgraduate   ,       2
 64260.0,       0,        0,       1,      539,       169,             816,              20,                0,           30,                 1,               4,                   5,                 4,                 3,            0,            0,            0,            0,            0,        0,        1,  53,           534,           1574,              14,        0, Partner    ,           2,         0, Graduate       ,       2
 82733.0,       0,        0,      28,      712,        50,             420,              65,               38,           38,                 1,               8,                   4,                 7,                 4,            0,            0,            0,            0,            0,        0,        1,  30,           292,           1323,              20,        0, Alone      ,           1,         0, Postgraduate   ,       2
 74290.0,       0,        1,      70,     1121,         0,              72,               0,               12,           12,                 4,              10,                   8,                10,                 6,            0,            1,            0,            1,            0,        0,        0,  43,           321,           1217,              32,        1, Alone      ,           2,         1, Postgraduate   ,       0
 58217.0,       2,        1,      84,       68,         1,              13,               3,                5,           13,                 1,               2,                   0,                 4,                 6,            0,            0,            0,            0,            0,        0,        0,  63,           589,            103,               7,        3, Alone      ,           4,         1, Postgraduate   ,       1
 21024.0,       0,        0,      89,       36,         4,              18,               6,                2,           18,                 1,               2,                   0,                 4,                 7,            0,            0,            0,            0,            0,        0,        0,  38,           360,             84,               7,        0, Partner    ,           2,         0, Postgraduate   ,       3
 70116.0,       0,        0,      73,      707,        44,             603,              95,               58,           29,                 1,               2,                   8,                12,                 1,            0,            0,            0,            0,            0,        0,        0,  42,           519,           1536,              23,        0, Partner    ,           2,         0, Postgraduate   ,       2
 54006.0,       1,        0,      42,      174,        77,             203,               6,               24,           97,                 2,               8,                   1,                 7,                 7,            0,            0,            0,            0,            0,        0,        0,  29,           649,            581,              18,        1, Partner    ,           3,         1, Graduate       ,       0
 69063.0,       0,        1,      16,      666,        35,             124,              69,                8,           26,                 1,               5,                   3,                 5,                 3,            0,            0,            0,            0,            0,        0,        0,  48,           599,            928,              14,        1, Partner    ,           3,         1, Postgraduate   ,       0
 11448.0,       0,        0,      16,        0,         0,               0,               6,                2,            6,                 1,               1,                   0,                 2,                 6,            0,            0,            0,            0,            0,        0,        0,  39,           196,             14,               4,        0, Alone      ,           1,         0, Undergraduate  ,       3
 61825.0,       0,        1,      56,      162,        50,             100,              55,               30,           27,                 1,               4,                   2,                 8,                 4,            0,            0,            0,            0,            0,        0,        0,  35,           326,            424,              15,        1, Alone      ,           2,         1, Graduate       ,       3
 70886.0,       1,        0,      65,      407,        70,             239,             103,               88,           53,                 1,               5,                   4,                 4,                 2,            0,            0,            0,            0,            0,        0,        0,  43,           258,            960,              14,        1, Partner    ,           3,         1, Graduate       ,       2
 69109.0,       0,        0,      10,      823,        25,             459,             124,               29,           95,                 1,               6,                   6,                 7,                 4,            0,            0,            1,            0,            0,        0,        1,  32,           597,           1555,              20,        0, Partner    ,           2,         0, Graduate       ,       2
 60208.0,       1,        1,      13,      488,        23,              71,              15,                0,           59,                11,               8,                   3,                 7,                 7,            0,            1,            0,            0,            0,        0,        1,  41,           630,            656,              29,        2, Alone      ,           3,         1, Graduate       ,       0
 32889.0,       1,        1,      78,       28,         0,              13,               4,                2,            8,                 3,               2,                   1,                 3,                 5,            0,            0,            0,            0,            0,        0,        0,  46,           296,             55,               9,        2, Partner    ,           4,         1, Postgraduate   ,       1
 34738.0,       1,        0,      51,        3,         2,              10,               3,                0,            2,                 1,               1,                   0,                 3,                 6,            0,            0,            0,            0,            0,        0,        0,  30,            49,             20,               5,        1, Alone      ,           2,         1, Graduate       ,       3
 30538.0,       1,        0,      27,      284,         0,              52,               8,                3,           20,                 4,               9,                   0,                 4,                10,            0,            0,            0,            0,            0,        0,        0,  43,           636,            367,              17,        1, Partner    ,           3,         1, Postgraduate   ,       0
 82326.0,       0,        0,      30,      938,       142,             754,             159,               81,          183,                 1,               5,                  10,                 6,                 2,            0,            1,            1,            1,            0,        0,        1,  37,           111,           2257,              22,        0, Partner    ,           2,         0, Undergraduate  ,       2
 26642.0,       1,        0,      71,       13,         2,              15,               2,                2,            8,                 2,               2,                   0,                 3,                 6,            0,            0,            0,            0,            0,        0,        0,  47,           120,             42,               7,        1, Alone      ,           2,         1, Postgraduate   ,       3
 69932.0,       0,        1,      97,      412,       172,             153,             150,              105,           57,                 2,               7,                   6,                11,                 4,            0,            0,            0,            0,            0,        0,        0,  50,           382,           1049,              26,        1, Alone      ,           2,         1, Graduate       ,       2
 44503.0,       1,        1,      83,       31,         1,               8,               0,                0,            8,                 2,               2,                   0,                 3,                 6,            0,            0,            0,            0,            0,        0,        0,  42,            74,             48,               7,        2, Alone      ,           3,         1, Graduate       ,       1
 60200.0,       0,        1,       3,      502,        19,             132,               0,                6,           26,                 6,               6,                   2,                11,                 6,            0,            0,            0,            0,            0,        0,        0,  66,           543,            685,              25,        1, Alone      ,           2,         1, Postgraduate   ,       0
 49638.0,       0,        1,      71,       18,        10,               3,               3,                5,            0,                 1,               1,                   0,                 3,                 2,            0,            0,            0,            0,            0,        0,        0,  62,            71,             39,               5,        1, Alone      ,           2,         1, Graduate       ,       1
 23830.0,       0,        0,       3,        1,         8,               6,               4,                8,           16,                 1,               1,                   0,                 3,                 7,            0,            0,            0,            0,            0,        0,        0,  27,           142,             43,               5,        0, Alone      ,           1,         0, Undergraduate  ,       3
 33051.0,       0,        0,      15,      100,        71,             243,             108,               94,          219,                 3,               9,                   1,                 8,                 9,            0,            0,            0,            0,            0,        0,        1,  55,           682,            835,              21,        0, Alone      ,           1,         0, Postgraduate   ,       3
 72905.0,       0,        0,      52,      407,       114,             445,             181,              165,          203,                 1,               3,                   7,                 9,                 1,            0,            0,            0,            1,            0,        0,        0,  56,           159,           1515,              20,        0, Partner    ,           2,         0, Graduate       ,       2
 69702.0,       0,        1,       8,      664,         9,             240,              50,               19,           57,                 2,               7,                   7,                10,                 4,            0,            0,            0,            0,            0,        0,        0,  63,           495,           1039,              26,        1, Partner    ,           3,         1, Postgraduate   ,       0
 70300.0,       1,        0,      89,     1045,        61,             338,              60,               46,           46,                 3,               5,                   5,                13,                 8,            0,            0,            0,            0,            0,        0,        0,  39,           349,           1596,              26,        1, Alone      ,           2,         1, Graduate       ,       0
 70643.0,       0,        0,      66,     1218,       107,             304,              23,              143,           33,                 1,               5,                   8,                 4,                 6,            0,            0,            0,            0,            0,        0,        1,  30,           622,           1828,              18,        0, Partner    ,           2,         0, Postgraduate   ,       2
 30396.0,       1,        0,      22,       15,         0,               6,               0,                1,           12,                 2,               1,                   1,                 2,                 7,            1,            0,            0,            0,            0,        0,        1,  45,            60,             34,               6,        1, Partner    ,           3,         1, Postgraduate   ,       1
 50616.0,       0,        1,      56,      128,         0,              16,               0,                1,            4,                 2,               4,                   0,                 4,                 7,            0,            0,            0,            0,            0,        0,        0,  46,            72,            149,              10,        1, Alone      ,           2,         1, Postgraduate   ,       3
 62772.0,       0,        1,      74,      581,        49,             157,              43,                8,          108,                 1,               5,                   6,                11,                 2,            0,            1,            0,            0,            0,        0,        0,  45,           406,            946,              23,        1, Alone      ,           2,         1, Postgraduate   ,       2
 30298.0,       0,        0,      48,        6,         3,              12,               6,                1,            0,                 1,               1,                   1,                 3,                 3,            0,            0,            0,            0,            0,        0,        0,  29,            41,             28,               6,        0, Alone      ,           1,         0, Postgraduate   ,       3
 52413.0,       1,        0,      67,      185,         8,             133,              56,               56,           12,                 2,               7,                   1,                 7,                 7,            0,            0,            0,            0,            0,        0,        0,  30,           603,            450,              17,        1, Alone      ,           2,         1, Graduate       ,       3
 44155.0,       1,        1,      24,       22,         1,               9,               0,                0,           14,                 1,               1,                   1,                 2,                 4,            0,            0,            0,            0,            0,        0,        0,  57,           161,             46,               5,        2, Partner    ,           4,         1, Postgraduate   ,       1
 86979.0,       0,        0,      67,      584,       100,             835,              65,               83,           35,                 1,               5,                   5,                 5,                 2,            1,            0,            0,            0,            0,        0,        1,  43,           234,           1702,              16,        0, Alone      ,           1,         0, Postgraduate   ,       2
 76532.0,       1,        1,      38,      355,        30,             177,              90,              138,           30,                 4,               9,                   5,                 7,                 5,            0,            0,            0,            0,            0,        0,        0,  39,           293,            820,              25,        2, Partner    ,           4,         1, Graduate       ,       0
 42081.0,       1,        0,      86,      175,        10,             110,              54,                6,           27,                 2,               6,                   3,                 4,                 6,            1,            0,            0,            0,            0,        0,        0,  32,           488,            382,              15,        1, Partner    ,           3,         1, Graduate       ,       1
 67546.0,       0,        0,      90,      864,       134,             768,             150,               38,          172,                 1,               4,                  10,                 5,                 3,            0,            0,            0,            0,            0,        0,        0,  26,           667,           2126,              20,        0, Partner    ,           2,         0, Postgraduate   ,       2
 88420.0,       0,        0,      87,      957,       153,             612,              99,               95,          153,                 1,               4,                   7,                 8,                 1,            1,            0,            1,            1,            0,        0,        0,  25,            58,           2069,              20,        0, Partner    ,           2,         0, Postgraduate   ,       2
 31158.0,       1,        0,      62,       25,         6,              16,              20,                0,            5,                 2,               2,                   0,                 3,                 8,            0,            0,            0,            0,            0,        0,        0,  29,           518,             72,               7,        1, Partner    ,           3,         1, Graduate       ,       3
 61671.0,       0,        1,      23,      641,         7,              56,               0,                0,           28,                 8,              10,                   4,                 6,                 8,            0,            1,            0,            1,            0,        0,        0,  46,            26,            732,              28,        1, Alone      ,           2,         1, Graduate       ,       0
 69719.0,       0,        0,      99,      273,        86,             208,             177,               14,           43,                 1,               2,                   3,                 5,                 1,            0,            0,            0,            0,            0,        0,        0,  40,            34,            801,              11,        0, Alone      ,           1,         0, Graduate       ,       2
 49160.0,       0,        1,      29,      122,        21,              43,              25,               10,           15,                 2,               3,                   1,                 6,                 6,            0,            0,            0,            0,            0,        0,        0,  65,           252,            236,              12,        1, Alone      ,           2,         1, Graduate       ,       3
 24882.0,       1,        0,      52,        1,         4,              10,              29,                0,           36,                 1,               1,                   1,                 2,                 6,            1,            0,            0,            0,            0,        0,        0,  36,           658,             80,               5,        1, Partner    ,           3,         1, Undergraduate  ,       3
 90933.0,       0,        0,      90,     1020,        31,             430,              62,               63,           79,                 1,               4,                   6,                 4,                 1,            0,            0,            1,            0,            0,        0,        0,  60,            90,           1685,              15,        0, Alone      ,           1,         0, Postgraduate   ,       2
113734.0,       0,        0,       9,        6,         2,               3,               1,              262,            3,                 0,              27,                   0,                 0,                 1,            0,            0,            0,            0,            0,        0,        0,  69,            32,            277,              27,        0, Alone      ,           1,         0, Postgraduate   ,       2
 59292.0,       0,        1,      71,      378,        14,              68,              19,               14,           14,                 2,               3,                   5,                 8,                 3,            0,            0,            0,            0,            0,        0,        0,  64,           381,            507,              18,        1, Partner    ,           3,         1, Postgraduate   ,       0
 45759.0,       1,        1,      13,       42,         1,              18,               3,                0,            4,                 2,               2,                   0,                 3,                 7,            0,            0,            0,            0,            0,        0,        0,  50,           491,             68,               7,        2, Partner    ,           4,         1, Postgraduate   ,       1
 22148.0,       0,        0,      16,       15,         5,              14,               0,                4,           11,                 1,               1,                   0,                 3,                 7,            0,            0,            0,            0,            0,        0,        0,  31,            77,             49,               5,        0, Alone      ,           1,         0, Graduate       ,       3
 73395.0,       0,        0,      94,      272,         7,              80,              20,                7,           11,                 1,               4,                   4,                 6,                 2,            0,            0,            0,            0,            0,        0,        0,  27,           103,            397,              15,        0, Partner    ,           2,         0, Postgraduate   ,       2
 29819.0,       1,        0,      77,        9,         1,              24,               2,                1,            2,                 3,               3,                   0,                 3,                 6,            0,            0,            0,            0,            0,        0,        0,  43,           248,             39,               9,        1, Alone      ,           2,         1, Graduate       ,       3
 45688.0,       0,        1,      20,      279,         0,              18,               0,                0,            9,                 2,               3,                   1,                 8,                 4,            0,            1,            0,            0,            0,        0,        0,  46,           155,            306,              14,        1, Partner    ,           3,         1, Graduate       ,       1
 62820.0,       0,        0,      51,      398,        61,             265,             138,               61,           53,                 1,               3,                   4,                 6,                 1,            0,            0,            0,            0,            0,        0,        0,  60,           414,            976,              14,        0, Partner    ,           2,         0, Graduate       ,       2
 60491.0,       0,        1,      81,      637,        47,             237,              12,               19,           76,                 4,               6,                  11,                 7,                 5,            0,            0,            0,            0,            0,        0,        0,  43,           296,           1028,              28,        1, Partner    ,           3,         1, Postgraduate   ,       0
 33235.0,       1,        0,      71,       45,         0,              16,               2,                1,            6,                 1,               3,                   0,                 3,                 7,            0,            0,            0,            0,            0,        0,        0,  28,           144,             70,               7,        1, Partner    ,           3,         1, Graduate       ,       1
 35701.0,       0,        0,      36,       21,         1,               9,               7,                3,            5,                 1,               1,                   0,                 3,                 6,            0,            0,            0,            0,            0,        0,        0,  55,           467,             46,               5,        0, Partner    ,           2,         0, Graduate       ,       3
 31535.0,       1,        0,      95,       15,         4,              13,               0,                0,           19,                 1,               1,                   1,                 2,                 7,            1,            0,            0,            0,            0,        0,        0,  34,           276,             51,               5,        1, Partner    ,           3,         1, Postgraduate   ,       1
 92556.0,       0,        0,      32,      493,       183,             352,             184,               23,           28,                 0,               3,                   5,                13,                 0,            0,            0,            0,            0,            0,        0,        0,  54,            70,           1263,              21,        0, Partner    ,           2,         0, Undergraduate  ,       2
 67384.0,       0,        1,      32,      957,        40,             175,             158,               53,          107,                 2,               7,                   8,                 5,                 5,            0,            1,            0,            0,            0,        0,        0,  44,           596,           1490,              22,        1, Alone      ,           2,         1, Graduate       ,       2
 80573.0,       0,        0,      85,      829,       138,             430,              60,               92,           15,                 1,               4,                   6,                13,                 2,            0,            0,            0,            0,            0,        0,        0,  43,           623,           1564,              24,        0, Partner    ,           2,         0, Postgraduate   ,       2
 77870.0,       0,        1,      93,     1017,        50,             500,              65,               50,          133,                 3,               5,                   5,                 5,                 8,            0,            1,            0,            1,            0,        0,        1,  47,           676,           1815,              18,        1, Partner    ,           3,         1, Graduate       ,       0
 52278.0,       0,        1,      24,      953,         0,              71,               0,                0,          174,                 6,              10,                   5,                10,                 8,            0,            0,            0,            0,            0,        0,        0,  51,           520,           1198,              31,        1, Alone      ,           2,         1, Postgraduate   ,       0
 57107.0,       0,        1,      44,      159,         0,             120,               0,                0,          137,                 7,               4,                   4,                 8,                 8,            0,            1,            0,            0,            1,        0,        1,  46,           674,            416,              23,        1, Alone      ,           2,         1, Graduate       ,       0
 18929.0,       0,        0,      15,       32,         0,               8,              23,                4,           18,                 1,               1,                   0,                 4,                 6,            0,            0,            0,            0,            0,        0,        0,  24,           498,             85,               6,        0, Partner    ,           2,         0, Graduate       ,       3
 36038.0,       1,        0,      82,       23,         0,              15,               0,                2,            7,                 2,               3,                   0,                 3,                 6,            0,            0,            0,            0,            0,        0,        0,  33,           394,             47,               8,        1, Alone      ,           2,         1, Postgraduate   ,       3
 20180.0,       0,        0,      27,       18,        42,              24,              15,               20,           18,                 1,               2,                   1,                 4,                 7,            0,            0,            0,            0,            0,        0,        0,  38,           494,            137,               8,        0, Alone      ,           1,         0, Graduate       ,       3
 34230.0,       1,        1,      72,       15,         0,               4,               0,                0,            2,                 1,               1,                   0,                 2,                 7,            0,            0,            0,            0,            0,        0,        0,  49,           550,             21,               4,        2, Partner    ,           4,         1, Postgraduate   ,       1
 31878.0,       0,        1,       7,       23,         4,               5,              10,                5,           23,                 1,               1,                   0,                 4,                 3,            0,            0,            0,            0,            0,        0,        0,  37,             7,             70,               6,        1, Alone      ,           2,         1, Undergraduate  ,       3
 70932.0,       0,        1,      57,      200,       193,             100,              46,              185,          185,                 2,               6,                   2,                12,                 3,            0,            0,            0,            0,            0,        0,        0,  42,           161,            909,              22,        1, Partner    ,           3,         1, Undergraduate  ,       2
 91249.0,       0,        0,      84,     1324,        27,             119,              71,              108,           27,                 0,               7,                   9,                 6,                 4,            0,            1,            1,            1,            1,        0,        1,  58,           617,           1676,              22,        0, Alone      ,           1,         0, Graduate       ,       2
 77598.0,       0,        0,      53,     1193,        33,             281,             129,               66,           33,                 1,               7,                   5,                13,                 3,            0,            0,            1,            0,            0,        0,        0,  71,           271,           1735,              26,        0, Alone      ,           1,         0, Postgraduate   ,       2
 80982.0,       1,        1,      48,      505,       137,             401,             104,               22,           22,                 3,              11,                   5,                11,                 5,            0,            0,            0,            0,            0,        1,        0,  55,           537,           1191,              30,        2, Alone      ,           3,         1, Graduate       ,       0
 22701.0,       1,        0,       2,        2,         4,               9,               0,                4,            5,                 1,               1,                   0,                 3,                 5,            0,            0,            0,            0,            0,        0,        0,  37,           297,             24,               5,        1, Partner    ,           3,         1, Postgraduate   ,       1
 55212.0,       0,        1,      65,     1103,         0,              45,               0,                0,           34,                 3,               4,                   2,                11,                 8,            0,            1,            0,            0,            1,        0,        0,  45,           583,           1182,              20,        1, Partner    ,           3,         1, Postgraduate   ,       0
 70617.0,       0,        0,      45,      353,        61,             753,              40,               46,           27,                 1,               3,                   3,                 7,                 2,            0,            0,            0,            0,            0,        0,        0,  44,           371,           1280,              14,        0, Partner    ,           2,         0, Graduate       ,       2
 64849.0,       0,        0,      42,      652,        48,             350,              94,               84,          108,                 1,               9,                   3,                 6,                 5,            0,            0,            0,            0,            0,        0,        1,  57,           593,           1336,              19,        0, Alone      ,           1,         0, Graduate       ,       2
 62694.0,       1,        1,      29,      379,         6,             157,              25,               91,           91,                 5,               9,                   3,                 7,                 7,            0,            0,            0,            0,            0,        0,        0,  49,           377,            749,              24,        2, Partner    ,           4,         1, Postgraduate   ,       0
 61917.0,       1,        1,      83,       46,         4,              36,               2,                2,            1,                 1,               2,                   0,                 4,                 5,            0,            0,            0,            0,            0,        0,        0,  40,           221,             91,               7,        2, Partner    ,           4,         1, Postgraduate   ,       1
 67472.0,       0,        1,      93,      162,        31,             127,               8,               17,           69,                 2,               4,                   2,                 7,                 3,            0,            0,            0,            0,            0,        0,        0,  67,           274,            414,              15,        1, Partner    ,           3,         1, Postgraduate   ,       1
 21059.0,       1,        0,      40,        8,         3,              19,               3,                3,            8,                 3,               3,                   0,                 3,                 6,            0,            0,            0,            0,            0,        0,        0,  32,           173,             44,               9,        1, Partner    ,           3,         1, Postgraduate   ,       1
 29543.0,       2,        0,      47,       17,         3,              18,               3,                4,           18,                 2,               3,                   1,                 2,                 7,            0,            0,            0,            0,            0,        0,        0,  46,            89,             63,               8,        2, Partner    ,           4,         1, Postgraduate   ,       1
 75903.0,       0,        1,      50,      340,       108,             185,             130,               38,          100,                 2,               6,                   6,                 9,                 3,            0,            0,            0,            0,            0,        0,        0,  63,           447,            901,              23,        1, Partner    ,           3,         1, Graduate       ,       0
 34984.0,       1,        1,      40,        8,         4,              15,               3,                5,            3,                 2,               1,                   0,                 3,                 7,            0,            0,            0,            0,            0,        0,        0,  39,           661,             38,               6,        2, Partner    ,           4,         1, Undergraduate  ,       1
 54998.0,       0,        1,       3,      154,        22,             202,              39,               30,            8,                 5,               4,                   2,                 9,                 4,            0,            0,            0,            0,            0,        0,        1,  58,           476,            455,              20,        1, Alone      ,           2,         1, Postgraduate   ,       0
 54356.0,       0,        1,      62,      710,        15,              30,              20,                0,            0,                 3,              11,                   2,                 8,                 8,            0,            0,            0,            0,            0,        0,        1,  65,           587,            775,              24,        1, Alone      ,           2,         1, Postgraduate   ,       0
 34242.0,       0,        1,      25,        8,         2,               4,               0,                0,            1,                 1,               0,                   0,                 3,                 5,            0,            0,            0,            0,            0,        0,        0,  55,            98,             15,               4,        1, Partner    ,           3,         1, Postgraduate   ,       1
 25410.0,       1,        0,      48,        2,         2,               4,              13,               13,            4,                 1,               1,                   0,                 4,                 4,            0,            0,            0,            0,            0,        0,        0,  41,           302,             38,               6,        1, Partner    ,           3,         1, Graduate       ,       1
 73356.0,       0,        0,      56,     1050,        14,             322,               0,               14,          112,                 1,               5,                  11,                 5,                 2,            1,            0,            1,            1,            0,        0,        1,  30,           143,           1512,              22,        0, Partner    ,           2,         0, Postgraduate   ,       2
 28320.0,       0,        1,      68,       19,         1,              14,               3,                2,            4,                 1,               1,                   0,                 3,                 8,            0,            0,            0,            0,            0,        0,        0,  64,           531,             43,               5,        1, Partner    ,           3,         1, Graduate       ,       1
 23763.0,       1,        0,      64,       22,         0,               6,               6,                2,            6,                 1,               1,                   0,                 3,                 7,            0,            0,            0,            0,            0,        0,        0,  37,           691,             42,               5,        1, Alone      ,           2,         1, Graduate       ,       3
 72570.0,       0,        0,      67,      274,        83,             216,             151,              141,          224,                 1,               4,                   6,                12,                 1,            0,            0,            0,            0,            0,        0,        0,  30,            65,           1089,              23,        0, Partner    ,           2,         0, Graduate       ,       2
 34529.0,       1,        0,      94,       68,         6,              38,               3,                6,           41,                 2,               2,                   2,                 3,                 7,            0,            0,            0,            0,            0,        0,        0,  38,           653,            162,               9,        1, Partner    ,           3,         1, Postgraduate   ,       3
 70792.0,       0,        0,      82,      344,        45,             654,             104,               11,          114,                 2,               3,                   4,                10,                 3,            0,            0,            0,            0,            0,        0,        0,  63,           508,           1272,              19,        0, Alone      ,           1,         0, Graduate       ,       2
 63211.0,       0,        0,       3,      145,       193,             459,             205,               26,          145,                 2,               3,                   8,                 7,                 2,            0,            0,            0,            0,            0,        0,        1,  32,           604,           1173,              20,        0, Partner    ,           2,         0, Graduate       ,       2
 83891.0,       0,        1,      24,      217,        38,             350,             111,               85,           15,                 1,               4,                   7,                10,                 1,            0,            0,            0,            0,            0,        0,        0,  40,             9,            816,              22,        1, Partner    ,           3,         1, Postgraduate   ,       2
 36065.0,       1,        1,      54,       18,         7,              34,              10,                2,            3,                 3,               3,                   0,                 3,                 8,            0,            0,            0,            0,            0,        0,        0,  46,           455,             74,               9,        2, Alone      ,           3,         1, Graduate       ,       3
 39898.0,       0,        1,      20,       69,         8,              26,              12,                7,           12,                 2,               3,                   0,                 4,                 7,            0,            0,            0,            0,            0,        0,        0,  60,           502,            134,               9,        1, Partner    ,           3,         1, Graduate       ,       1
 51141.0,       0,        0,      96,      144,         0,               7,               0,                0,            6,                 1,               3,                   1,                 4,                 5,            0,            0,            0,            0,            0,        0,        0,  74,           356,            157,               9,        0, Alone      ,           1,         0, Postgraduate   ,       3
 56939.0,       0,        1,      19,      256,        34,             103,              90,               29,           49,                 2,               3,                   3,                10,                 3,            0,            0,            0,            0,            0,        0,        0,  38,           284,            561,              18,        1, Partner    ,           3,         1, Graduate       ,       1
 80872.0,       0,        0,      60,      483,        72,             567,              94,               12,          108,                 1,               4,                   4,                10,                 1,            0,            0,            0,            0,            0,        0,        0,  63,            48,           1336,              19,        0, Alone      ,           1,         0, Graduate       ,       2
 72335.0,       0,        0,       2,     1285,       105,             653,              28,               21,            0,                 1,              10,                   4,                 8,                 8,            0,            0,            0,            0,            0,        0,        1,  38,           685,           2092,              23,        0, Partner    ,           2,         0, Postgraduate   ,       2
 61798.0,       0,        0,      13,      338,         4,              89,              11,                8,           13,                 1,               4,                   2,                 9,                 4,            0,            0,            0,            0,            0,        0,        0,  50,           218,            463,              16,        0, Alone      ,           1,         0, Postgraduate   ,       2
 76842.0,       0,        0,      37,      605,        10,             345,              84,               54,           32,                 1,               1,                   8,                 7,                 0,            0,            0,            0,            0,            0,        0,        0,  64,            57,           1130,              17,        0, Alone      ,           1,         0, Postgraduate   ,       2
 29478.0,       1,        0,      59,        8,         0,               7,               3,                1,            1,                 1,               1,                   0,                 3,                 6,            0,            0,            0,            0,            0,        0,        0,  38,           163,             20,               5,        1, Partner    ,           3,         1, Graduate       ,       1
 46998.0,       0,        1,      55,      172,        41,              86,              45,                6,           27,                 5,               5,                   3,                 5,                 7,            1,            0,            0,            0,            0,        0,        0,  58,           615,            377,              18,        1, Alone      ,           2,         1, Graduate       ,       0
 96843.0,       0,        0,      60,      448,        71,             951,              40,               17,           17,                 1,               6,                  11,                10,                 2,            0,            0,            1,            0,            0,        0,        1,  24,           432,           1544,              28,        0, Alone      ,           1,         0, Graduate       ,       2
 56551.0,       1,        1,      48,       67,         4,              32,              17,                2,           16,                 3,               2,                   1,                 4,                 4,            0,            0,            0,            0,            0,        0,        0,  64,            53,            138,              10,        2, Alone      ,           3,         1, Postgraduate   ,       1
 70053.0,       0,        1,      38,      512,        53,              98,              81,              179,           89,                 3,               8,                   5,                10,                 5,            0,            0,            0,            0,            0,        0,        0,  49,           361,           1012,              26,        1, Partner    ,           3,         1, Postgraduate   ,       0
 71670.0,       0,        0,       8,     1462,        16,             128,               0,                0,          160,                 1,               5,                   3,                 6,                 6,            0,            1,            1,            0,            1,        0,        1,  52,           355,           1766,              15,        0, Alone      ,           1,         0, Postgraduate   ,       2
 44359.0,       1,        1,      19,       20,         0,              14,               7,                3,            1,                 3,               2,                   0,                 4,                 3,            0,            0,            0,            0,            0,        0,        0,  36,            12,             45,               9,        2, Partner    ,           4,         1, Graduate       ,       1
 40887.0,       1,        1,      32,       50,         4,              44,              10,               10,           43,                 3,               3,                   1,                 3,                 9,            0,            0,            0,            0,            0,        0,        1,  62,           419,            161,              10,        2, Alone      ,           3,         1, Graduate       ,       1
 48877.0,       0,        1,      27,      102,         1,              15,               2,                0,           24,                 1,               3,                   0,                 4,                 7,            0,            0,            0,            0,            0,        0,        0,  48,           175,            144,               8,        1, Alone      ,           2,         1, Graduate       ,       3
 74485.0,       0,        0,      58,      499,       149,             815,             173,               49,           49,                 1,               6,                   7,                12,                 3,            0,            0,            0,            0,            0,        0,        0,  67,           309,           1734,              26,        0, Partner    ,           2,         0, Graduate       ,       2
 64474.0,       0,        1,      59,      381,        35,             172,              56,               86,           93,                 2,               8,                   2,                10,                 5,            0,            0,            0,            0,            0,        0,        0,  42,           250,            823,              22,        1, Partner    ,           3,         1, Graduate       ,       0
 77226.0,       0,        1,      29,      631,        43,             239,             128,               76,           21,                 2,               6,                   8,                12,                 3,            0,            0,            0,            0,            0,        0,        0,  51,           121,           1138,              28,        1, Partner    ,           3,         1, Graduate       ,       2
 72643.0,       0,        0,      60,      526,        80,             553,             123,               94,           53,                 1,               3,                  10,                 7,                 2,            0,            0,            0,            1,            0,        0,        1,  65,           487,           1429,              21,        0, Alone      ,           1,         0, Graduate       ,       2
 85738.0,       0,        0,      41,      913,        26,             376,              17,               26,           13,                 1,               3,                   6,                11,                 1,            0,            1,            1,            0,            0,        0,        0,  36,           157,           1371,              21,        0, Partner    ,           2,         0, Postgraduate   ,       2
 55686.0,       0,        1,      27,      673,         0,             199,              37,               47,           26,                 2,               6,                   3,                 5,                 4,            1,            0,            0,            0,            0,        0,        0,  48,           500,            982,              16,        1, Alone      ,           2,         1, Graduate       ,       2
 39062.0,       1,        0,      28,       23,         0,               9,               0,                0,           12,                 1,               1,                   0,                 3,                 4,            1,            0,            0,            0,            0,        0,        0,  31,            96,             44,               5,        1, Alone      ,           2,         1, Graduate       ,       3
 34600.0,       1,        1,       8,      199,        33,              60,               8,                3,           15,                 5,               5,                   2,                 5,                 8,            0,            0,            0,            0,            0,        0,        1,  43,           544,            318,              17,        2, Partner    ,           4,         1, Graduate       ,       0
 40794.0,       0,        1,      18,      261,        23,              73,               4,               23,           50,                 2,               6,                   3,                 5,                 7,            0,            0,            0,            0,            0,        0,        0,  39,           448,            434,              16,        1, Partner    ,           3,         1, Graduate       ,       1
 54690.0,       1,        1,      76,      111,        16,              37,               7,                9,           18,                 3,               3,                   1,                 5,                 3,            0,            0,            0,            0,            0,        0,        0,  43,           234,            198,              12,        2, Partner    ,           4,         1, Undergraduate  ,       1
  4428.0,       0,        1,       0,       16,         4,              12,               2,                4,          321,                 0,              25,                   0,                 0,                 1,            0,            0,            0,            0,            0,        0,        0,  45,           267,            359,              25,        1, Partner    ,           3,         1, Graduate       ,       1
 32632.0,       0,        0,      32,       63,       151,             137,             153,               19,           53,                 2,               4,                   4,                 8,                 5,            0,            0,            0,            0,            0,        0,        0,  51,           696,            576,              18,        0, Partner    ,           2,         0, Undergraduate  ,       3
 38236.0,       1,        1,       2,       58,         0,              18,               2,                0,           10,                 4,               3,                   0,                 4,                 7,            0,            0,            0,            0,            0,        0,        0,  46,           282,             88,              11,        2, Alone      ,           3,         1, Postgraduate   ,       3
 36781.0,       1,        0,      16,       29,         1,              17,               0,                3,           13,                 1,               2,                   1,                 2,                 8,            0,            0,            0,            0,            0,        0,        1,  35,            80,             63,               6,        1, Partner    ,           3,         1, Graduate       ,       1
 31385.0,       1,        0,      56,        3,         2,              12,               0,                1,            9,                 1,               1,                   0,                 2,                 8,            1,            0,            0,            0,            0,        0,        1,  30,           571,             27,               4,        1, Alone      ,           2,         1, Postgraduate   ,       3
 24570.0,       1,        0,      97,       28,        34,              62,              11,               14,           44,                 3,               4,                   0,                 4,                 9,            0,            0,            0,            0,            0,        0,        0,  30,           487,            193,              11,        1, Partner    ,           3,         1, Graduate       ,       3
 25509.0,       1,        0,      15,       40,         3,              30,              10,                7,           11,                 3,               3,                   0,                 3,                 9,            0,            0,            0,            0,            0,        0,        1,  40,           649,            101,               9,        1, Alone      ,           2,         1, Postgraduate   ,       3
 94642.0,       0,        0,      35,      879,       143,             797,             106,              143,          143,                 0,               5,                   7,                 9,                 1,            0,            0,            1,            1,            0,        0,        0,  63,           137,           2211,              21,        0, Partner    ,           2,         0, Graduate       ,       2
 58646.0,       0,        1,       3,       62,         1,              44,               6,                5,           22,                 1,               2,                   1,                 4,                 4,            0,            0,            0,            0,            0,        0,        0,  52,           384,            140,               8,        1, Partner    ,           3,         1, Postgraduate   ,       1
 53201.0,       1,        1,      49,      280,         7,              81,              20,                0,           27,                 8,               6,                   3,                 5,                 7,            0,            0,            0,            0,            0,        0,        0,  39,           502,            415,              22,        2, Alone      ,           3,         1, Graduate       ,       0
 21994.0,       0,        1,       4,        9,         0,               6,               3,                1,            3,                 1,               0,                   0,                 3,                 5,            0,            0,            0,            0,            0,        0,        0,  57,           552,             22,               4,        1, Partner    ,           3,         1, Graduate       ,       1
 57113.0,       1,        1,      45,      182,         4,              33,               0,                2,           42,                 6,               4,                   1,                 5,                 7,            0,            0,            0,            0,            0,        0,        0,  36,           508,            263,              16,        2, Partner    ,           4,         1, Graduate       ,       0
 51373.0,       0,        0,      37,       83,         2,             101,              64,               26,          117,                 1,               3,                   5,                 3,                 4,            0,            0,            0,            0,            0,        0,        0,  23,           372,            393,              12,        0, Partner    ,           2,         0, Graduate       ,       3
 23477.0,       1,        0,      39,       38,        15,              54,               3,                8,           29,                 3,               3,                   0,                 4,                 8,            0,            0,            0,            0,            0,        0,        0,  28,           251,            147,              10,        1, Partner    ,           3,         1, Graduate       ,       1
 58116.0,       0,        1,      38,      228,        19,             130,               4,               11,           51,                 2,               3,                   3,                 8,                 2,            0,            0,            0,            0,            0,        0,        0,  58,            77,            443,              16,        1, Partner    ,           3,         1, Graduate       ,       1
 72968.0,       0,        0,       8,     1092,        37,             592,             145,               37,           55,                 1,               5,                   5,                 8,                 3,            0,            0,            0,            1,            0,        0,        1,  51,           195,           1958,              19,        0, Alone      ,           1,         0, Postgraduate   ,       2
 39791.0,       0,        1,      89,       85,        15,              27,              13,               13,           21,                 2,               3,                   1,                 4,                 7,            0,            0,            0,            0,            0,        0,        0,  43,           458,            174,              10,        1, Partner    ,           3,         1, Postgraduate   ,       1
 91712.0,       0,        0,      47,     1276,        24,             746,              94,               29,           48,                 0,               9,                   7,                11,                 3,            0,            0,            1,            0,            0,        0,        1,  67,           255,           2217,              27,        0, Alone      ,           1,         0, Postgraduate   ,       2
 94472.0,       0,        1,      75,     1017,        33,             417,             108,              100,           16,                 1,               5,                   5,                 5,                 5,            0,            1,            1,            0,            0,        0,        0,  56,            87,           1691,              16,        1, Alone      ,           2,         1, Graduate       ,       2
 13672.0,       1,        1,      86,        6,         2,               9,               2,                1,            5,                 2,               1,                   0,                 3,                 8,            0,            0,            0,            0,            0,        0,        0,  54,           438,             25,               6,        2, Partner    ,           4,         1, Graduate       ,       1
 96547.0,       0,        0,       4,      448,        21,             125,              52,              101,           62,                 0,               7,                   6,                 8,                 2,            1,            0,            1,            1,            0,        0,        1,  34,            37,            809,              21,        0, Partner    ,           2,         0, Undergraduate  ,       2
 79205.0,       0,        0,      73,      504,        23,             117,             179,               28,           44,                 1,               6,                   5,                 4,                 4,            0,            0,            0,            1,            0,        0,        1,  39,           669,            895,              16,        0, Partner    ,           2,         0, Graduate       ,       2
 56559.0,       0,        1,      46,      226,        22,             133,              41,               31,           31,                 3,               4,                   3,                 8,                 4,            0,            0,            0,            0,            0,        0,        0,  39,           551,            484,              18,        1, Partner    ,           3,         1, Postgraduate   ,       0
 32644.0,       1,        0,      38,      239,         3,             141,               0,                7,           23,                 4,               7,                   1,                 6,                 8,            1,            0,            0,            0,            0,        0,        0,  41,           529,            413,              18,        1, Partner    ,           3,         1, Postgraduate   ,       0
 67506.0,       0,        1,      73,       90,        38,              67,              33,               36,           67,                 1,               4,                   1,                 6,                 3,            0,            0,            0,            0,            0,        0,        0,  34,           178,            331,              12,        1, Alone      ,           2,         1, Undergraduate  ,       3
 24206.0,       1,        0,      66,        7,         2,               8,               3,                2,            3,                 1,               1,                   0,                 3,                 6,            0,            0,            0,            0,            0,        0,        0,  44,           478,             25,               5,        1, Alone      ,           2,         1, Graduate       ,       3
 28420.0,       1,        0,      36,        4,         2,               5,               2,                0,            0,                 1,               1,                   0,                 2,                 6,            0,            0,            0,            0,            0,        0,        0,  47,           187,             13,               4,        1, Alone      ,           2,         1, Postgraduate   ,       3
 22979.0,       1,        0,      29,       16,        17,              19,              20,               21,           22,                 3,               3,                   2,                 2,                 8,            0,            0,            0,            0,            0,        0,        1,  44,           661,            115,              10,        1, Partner    ,           3,         1, Graduate       ,       3
 33279.0,       0,        0,      29,       10,         3,               3,               0,                0,            0,                 1,               0,                   0,                 3,                 3,            0,            0,            0,            0,            0,        0,        0,  48,            17,             16,               4,        0, Alone      ,           1,         0, Graduate       ,       3
 46423.0,       1,        1,       6,       68,         0,              16,               0,                0,            8,                 3,               2,                   0,                 4,                 7,            0,            0,            0,            0,            0,        0,        0,  42,           284,             92,               9,        2, Alone      ,           3,         1, Postgraduate   ,       3
 30368.0,       0,        1,      97,       35,         0,              13,               2,                0,            2,                 2,               2,                   0,                 3,                 8,            0,            0,            0,            0,            0,        0,        0,  37,           234,             52,               7,        1, Partner    ,           3,         1, Graduate       ,       1
 63684.0,       0,        1,      61,      575,        80,             428,             208,               93,           80,                 3,               8,                   4,                 8,                 5,            0,            0,            0,            0,            0,        0,        0,  44,           580,           1464,              23,        1, Partner    ,           3,         1, Graduate       ,       0
 41638.0,       0,        1,      68,      315,         0,              31,               4,                0,           91,                 4,               5,                   5,                 3,                 8,            1,            0,            0,            0,            0,        0,        0,  50,           501,            441,              17,        1, Alone      ,           2,         1, Graduate       ,       3
 68805.0,       0,        1,      73,      182,         2,              49,              17,               13,           20,                 1,               3,                   1,                 7,                 2,            0,            0,            0,            0,            0,        0,        0,  55,           285,            283,              12,        1, Alone      ,           2,         1, Postgraduate   ,       2
 65814.0,       0,        1,      90,      561,        14,             113,              10,               14,           35,                 3,               8,                   2,                10,                 5,            0,            0,            0,            0,            0,        0,        0,  48,           119,            747,              23,        1, Partner    ,           3,         1, Postgraduate   ,       0
 71964.0,       0,        0,      81,      587,        51,             932,             180,               34,           86,                 1,               5,                   6,                 5,                 3,            0,            0,            0,            0,            0,        0,        0,  56,           405,           1870,              17,        0, Alone      ,           1,         0, Graduate       ,       2
 39146.0,       1,        0,       1,       94,         1,              33,              13,               12,           12,                 3,               4,                   0,                 4,                 8,            0,            0,            0,            0,            0,        0,        0,  28,           500,            165,              11,        1, Alone      ,           2,         1, Graduate       ,       3
 96876.0,       0,        0,      79,      908,        43,             735,              40,              194,           21,                 1,               7,                   7,                 9,                 2,            0,            1,            1,            1,            0,        0,        1,  37,           327,           1941,              24,        0, Partner    ,           2,         0, Graduate       ,       2
 34445.0,       0,        0,      92,      228,       122,             122,             208,              129,           30,                 6,              11,                   2,                 8,                 9,            0,            0,            0,            0,            0,        0,        0,  33,           518,            839,              27,        0, Partner    ,           2,         0, Undergraduate  ,       0
 68281.0,       0,        0,      31,      995,       112,             417,              42,               48,           41,                 1,               2,                   9,                13,                 5,            0,            0,            0,            0,            0,        0,        1,  56,           691,           1655,              25,        0, Alone      ,           1,         0, Graduate       ,       2
 37284.0,       1,        1,      46,       11,         1,               2,               2,                1,            6,                 1,               0,                   0,                 3,                 6,            0,            0,            0,            0,            0,        0,        0,  39,           457,             23,               4,        2, Partner    ,           4,         1, Undergraduate  ,       1
 36790.0,       0,        0,      14,        3,         3,              14,              15,               21,           10,                 1,               2,                   1,                 2,                 9,            0,            0,            0,            0,            0,        0,        1,  31,           485,             66,               6,        0, Partner    ,           2,         0, Graduate       ,       3
 27943.0,       1,        1,      89,       12,         1,              16,               4,                1,            3,                 3,               2,                   0,                 3,                 8,            0,            0,            0,            0,            0,        0,        0,  47,           440,             37,               8,        2, Partner    ,           4,         1, Graduate       ,       1
 22263.0,       1,        1,      31,       17,         0,               2,               0,                0,            2,                 2,               1,                   0,                 3,                 6,            0,            0,            0,            0,            0,        1,        0,  63,            91,             21,               6,        2, Alone      ,           3,         1, Graduate       ,       1
 30261.0,       1,        2,      75,        8,         0,               5,               0,                3,            6,                 1,               0,                   0,                 3,                 8,            0,            0,            0,            0,            0,        0,        0,  42,           642,             22,               4,        3, Partner    ,           5,         1, Graduate       ,       1
 28587.0,       1,        0,      42,       22,         4,              17,              12,               10,           13,                 3,               2,                   0,                 4,                 6,            0,            0,            0,            0,            0,        0,        0,  36,           137,             78,               9,        1, Partner    ,           3,         1, Graduate       ,       1
 43815.0,       1,        0,      53,       14,        10,              29,               4,                7,           15,                 1,               2,                   0,                 3,                 6,            0,            0,            0,            0,            0,        0,        0,  32,           450,             79,               6,        1, Partner    ,           3,         1, Postgraduate   ,       1
 48195.0,       1,        1,      53,      106,        27,              68,              52,                7,            5,                 6,               4,                   2,                 5,                 6,            0,            0,            0,            0,            0,        0,        0,  58,           159,            265,              17,        2, Partner    ,           4,         1, Graduate       ,       0
 77027.0,       0,        1,      23,      820,        57,             242,              45,                0,           11,                 2,               8,                   3,                 6,                 4,            0,            0,            0,            0,            0,        0,        0,  62,           144,           1175,              19,        1, Partner    ,           3,         1, Postgraduate   ,       2
 71322.0,       0,        1,      57,      753,        43,             226,              69,               10,          204,                 2,               8,                   5,                13,                 4,            0,            0,            0,            0,            0,        0,        0,  49,           498,           1305,              28,        1, Partner    ,           3,         1, Postgraduate   ,       0
 32765.0,       1,        0,      49,       13,         3,              17,               7,                3,            3,                 2,               2,                   0,                 4,                 5,            0,            0,            0,            0,            0,        0,        0,  35,           126,             46,               8,        1, Partner    ,           3,         1, Postgraduate   ,       1
 29672.0,       1,        1,       6,        9,         1,               3,               0,                4,            8,                 1,               0,                   0,                 3,                 6,            0,            0,            0,            0,            0,        0,        0,  49,           474,             25,               4,        2, Partner    ,           4,         1, Graduate       ,       1
 23272.0,       0,        0,      29,       19,         3,               6,               4,                2,           12,                 1,               1,                   0,                 3,                 4,            0,            0,            0,            0,            0,        0,        0,  61,           255,             46,               5,        0, Alone      ,           1,         0, Graduate       ,       3
 49912.0,       0,        1,       5,      520,         8,             223,              32,               49,           42,                 4,              10,                   5,                 7,                 8,            1,            0,            0,            0,            0,        0,        1,  65,           660,            874,              26,        1, Partner    ,           3,         1, Postgraduate   ,       0
  7500.0,       1,        0,      98,        5,        17,              17,              13,               14,           34,                 4,               2,                   1,                 3,                 9,            0,            0,            0,            0,            0,        0,        0,  29,           697,            100,              10,        1, Partner    ,           3,         1, Undergraduate  ,       3
 68117.0,       0,        1,      80,      618,        44,             215,               0,               17,           36,                 2,              11,                   8,                 4,                 6,            1,            0,            0,            0,            0,        0,        1,  67,           476,            930,              25,        1, Alone      ,           2,         1, Postgraduate   ,       0
 67225.0,       0,        1,       4,      315,        35,             322,              46,                7,          143,                 3,               7,                   2,                11,                 5,            0,            0,            0,            0,            0,        0,        0,  59,           215,            868,              23,        1, Partner    ,           3,         1, Graduate       ,       0
 17649.0,       1,        0,      70,       15,         1,              23,               0,                5,            1,                 3,               3,                   0,                 3,                 8,            0,            0,            0,            0,            0,        0,        0,  38,           229,             45,               9,        1, Partner    ,           3,         1, Graduate       ,       1
 55914.0,       0,        1,      32,      384,        60,             364,             119,              101,          232,                 4,              11,                   6,                 8,                 7,            0,            0,            0,            0,            0,        0,        0,  39,           426,           1260,              29,        1, Partner    ,           3,         1, Graduate       ,       0
 40059.0,       1,        0,      82,      110,        29,              92,              28,               10,          145,                 1,               6,                   2,                 3,                 8,            1,            0,            0,            0,            0,        0,        0,  30,           274,            414,              12,        1, Partner    ,           3,         1, Graduate       ,       1
 60905.0,       0,        1,      27,      208,        17,              76,              36,               17,           38,                 2,               3,                   3,                 7,                 2,            0,            0,            0,            0,            0,        0,        0,  64,           206,            392,              15,        1, Partner    ,           3,         1, Graduate       ,       1
 75330.0,       1,        1,      94,      555,        82,             257,              93,               61,           61,                 4,              10,                   3,                12,                 6,            0,            0,            0,            0,            0,        0,        0,  37,           633,           1109,              29,        2, Partner    ,           4,         1, Graduate       ,       0
 60689.0,       0,        1,      23,      240,        90,             216,              63,                6,           24,                 4,               4,                   4,                10,                 3,            0,            0,            0,            0,            0,        0,        0,  63,           393,            639,              22,        1, Alone      ,           2,         1, Graduate       ,       0
 38680.0,       1,        0,      97,       11,         0,              36,              15,                5,           12,                 1,               2,                   0,                 3,                 7,            0,            0,            0,            0,            0,        0,        0,  30,           458,             79,               6,        1, Partner    ,           3,         1, Graduate       ,       1
 61416.0,       0,        0,      25,      848,       154,             323,             201,               61,           78,                 1,              10,                   3,                10,                 6,            1,            0,            0,            0,            0,        0,        0,  32,           506,           1665,              24,        0, Partner    ,           2,         0, Graduate       ,       2
 49767.0,       0,        0,      92,      202,        47,             197,              55,               42,          149,                 1,               5,                   4,                 8,                 4,            0,            0,            0,            0,            0,        0,        0,  23,           423,            692,              18,        0, Alone      ,           1,         0, Graduate       ,       2
 83273.0,       1,        2,      98,      433,        89,             650,              16,              102,          102,                10,               4,                   6,                 9,                 7,            0,            0,            0,            0,            0,        0,        0,  44,           642,           1392,              29,        3, Alone      ,           4,         1, Graduate       ,       0
 29009.0,       1,        0,      19,        6,         6,              15,              10,                5,            2,                 2,               2,                   0,                 3,                 6,            0,            0,            0,            0,            0,        0,        0,  33,           212,             44,               7,        1, Partner    ,           3,         1, Graduate       ,       1
 45057.0,       1,        0,      80,       37,         0,               7,               3,                0,            3,                 1,               2,                   0,                 3,                 5,            0,            0,            0,            0,            0,        0,        0,  35,           210,             50,               6,        1, Partner    ,           3,         1, Postgraduate   ,       1
 37150.0,       1,        0,      80,      167,        37,              64,              49,               34,          116,                 8,               4,                   3,                 6,                 7,            0,            0,            0,            0,            0,        0,        0,  43,           656,            467,              21,        1, Partner    ,           3,         1, Graduate       ,       0
 43020.0,       1,        0,      79,       45,         7,              99,               4,               25,           43,                 3,               4,                   1,                 4,                 6,            0,            0,            0,            0,            0,        0,        0,  44,           211,            223,              12,        1, Alone      ,           2,         1, Graduate       ,       3
 53154.0,       0,        1,      50,      129,         0,              21,               0,                1,            7,                 1,               3,                   1,                 4,                 4,            0,            0,            0,            0,            0,        0,        0,  55,            20,            158,               9,        1, Partner    ,           3,         1, Graduate       ,       1
 65308.0,       0,        0,      60,      713,         0,             264,             120,               80,           34,                 1,               7,                   8,                12,                 4,            0,            0,            1,            1,            0,        0,        0,  41,           291,           1211,              28,        0, Partner    ,           2,         0, Graduate       ,       2
 76467.0,       1,        0,      44,      676,       161,             426,             210,               44,           58,                 2,               2,                   5,                 5,                 6,            0,            0,            0,            0,            0,        0,        1,  44,           681,           1575,              14,        1, Alone      ,           2,         1, Graduate       ,       2
 81044.0,       0,        0,       0,      450,        26,             535,              73,               98,           26,                 1,               5,                   6,                10,                 1,            0,            0,            0,            0,            0,        0,        0,  67,           184,           1208,              22,        0, Partner    ,           2,         0, Undergraduate  ,       2
 32871.0,       1,        1,      28,       22,         2,              12,               0,                2,            5,                 1,               1,                   0,                 3,                 4,            0,            0,            0,            0,            0,        0,        0,  63,           477,             43,               5,        2, Partner    ,           4,         1, Graduate       ,       1
 55801.0,       1,        1,      35,      367,         4,              51,               6,                4,           95,                 6,               7,                   2,                 6,                 7,            0,            0,            0,            1,            0,        0,        0,  39,           280,            527,              21,        2, Alone      ,           3,         1, Graduate       ,       0
 76320.0,       0,        1,      49,      526,        35,             214,              69,               53,           35,                 2,               6,                   3,                 4,                 2,            0,            0,            0,            0,            0,        0,        0,  55,             7,            932,              15,        1, Alone      ,           2,         1, Graduate       ,       2
 36927.0,       1,        1,      46,       51,         0,              16,               0,                0,            4,                 2,               3,                   0,                 3,                 8,            0,            0,            0,            0,            0,        0,        0,  59,            27,             71,               8,        2, Alone      ,           3,         1, Postgraduate   ,       1
 48794.0,       1,        1,      97,       25,         0,              11,               3,                0,           15,                 1,               1,                   0,                 3,                 4,            0,            0,            0,            0,            0,        0,        0,  61,             3,             54,               5,        2, Partner    ,           4,         1, Graduate       ,       1
 23478.0,       0,        0,      51,       28,         6,              27,              12,               17,           39,                 1,               3,                   0,                 3,                 8,            0,            0,            0,            0,            0,        0,        0,  49,           467,            129,               7,        0, Alone      ,           1,         0, Graduate       ,       3
 71128.0,       1,        0,      80,      958,       159,             447,              20,                0,           31,                 3,               2,                  10,                12,                 7,            0,            0,            0,            0,            0,        0,        0,  41,           631,           1615,              27,        1, Alone      ,           2,         1, Graduate       ,       0
 70179.0,       0,        1,      10,      532,        88,             168,              69,               44,          133,                 3,               7,                   3,                13,                 5,            0,            0,            0,            0,            0,        0,        0,  38,           343,           1034,              26,        1, Alone      ,           2,         1, Postgraduate   ,       2
 59462.0,       0,        1,      29,      724,        17,             143,               0,                8,          196,                 2,               9,                   2,                12,                 7,            0,            0,            0,            0,            0,        0,        0,  64,           540,           1088,              25,        1, Partner    ,           3,         1, Graduate       ,       0
 38361.0,       1,        0,      74,       39,         0,              56,              20,                8,           14,                 3,               3,                   1,                 3,                 7,            0,            0,            0,            0,            0,        0,        0,  45,           184,            137,              10,        1, Partner    ,           3,         1, Graduate       ,       1
 70038.0,       0,        0,      54,      587,        54,             348,              71,               54,          130,                 1,               4,                   4,                 8,                 2,            0,            0,            0,            0,            0,        0,        0,  32,           247,           1244,              17,        0, Partner    ,           2,         0, Postgraduate   ,       2
 42554.0,       1,        1,      93,       29,         1,              11,               0,                0,            0,                 2,               2,                   0,                 3,                 4,            0,            0,            0,            0,            0,        0,        0,  36,           533,             41,               7,        2, Partner    ,           4,         1, Graduate       ,       1
 67445.0,       0,        1,      63,      757,        80,             217,              29,               80,           11,                 5,               9,                   6,                12,                 6,            0,            0,            0,            0,            0,        0,        0,  40,           686,           1174,              32,        1, Partner    ,           3,         1, Graduate       ,       0
 67046.0,       0,        1,      92,      544,        35,             133,              23,              151,          107,                 2,               4,                   5,                 4,                 2,            0,            0,            0,            0,            0,        0,        0,  63,           539,            993,              15,        1, Alone      ,           2,         1, Graduate       ,       2
 42192.0,       0,        0,      40,       40,        15,              15,              17,                6,            7,                 1,               2,                   1,                 3,                 4,            0,            0,            0,            0,            0,        0,        0,  66,           296,            100,               7,        0, Partner    ,           2,         0, Graduate       ,       1
 77610.0,       0,        1,      70,     1245,        33,             332,              21,               33,           16,                 2,               4,                   7,                 4,                 7,            0,            0,            0,            0,            0,        0,        0,  62,           608,           1680,              17,        1, Partner    ,           3,         1, Postgraduate   ,       0
 31761.0,       1,        0,      96,       19,         1,              20,              16,               14,           28,                 2,               3,                   0,                 4,                 5,            0,            0,            0,            0,            0,        0,        0,  30,            85,             98,               9,        1, Partner    ,           3,         1, Graduate       ,       1
 34350.0,       1,        0,      81,       16,         3,              15,               2,                1,           11,                 1,               1,                   0,                 3,                 7,            0,            0,            0,            0,            0,        0,        0,  35,           253,             48,               5,        1, Partner    ,           3,         1, Graduate       ,       1
 54591.0,       0,        1,      63,      376,         4,              94,              12,                9,           24,                 3,               6,                   2,                 8,                 5,            0,            0,            0,            0,            0,        0,        0,  65,           328,            519,              19,        1, Partner    ,           3,         1, Graduate       ,       0
 71866.0,       0,        1,      85,      184,       178,             178,             103,               39,           33,                 1,               6,                   3,                10,                 3,            0,            0,            0,            0,            0,        0,        0,  58,           186,            715,              20,        1, Partner    ,           3,         1, Graduate       ,       2
 25293.0,       1,        0,      51,       15,         0,              11,               0,                2,            9,                 1,               1,                   1,                 2,                 8,            0,            0,            0,            0,            0,        0,        0,  45,           287,             37,               5,        1, Partner    ,           3,         1, Graduate       ,       1
 42000.0,       0,        0,      23,      124,        83,             267,              85,               59,           35,                 2,               5,                   2,                11,                 5,            0,            0,            0,            0,            0,        0,        1,  27,           535,            653,              20,        0, Alone      ,           1,         0, Postgraduate   ,       3
 69520.0,       0,        0,      95,      627,       120,             414,             121,               80,           93,                 1,               9,                   6,                 5,                 5,            0,            0,            0,            0,            0,        0,        0,  31,           357,           1455,              21,        0, Partner    ,           2,         0, Graduate       ,       2
 64713.0,       1,        0,      11,      180,        60,             241,              13,               54,           54,                 2,               5,                   5,                 7,                 4,            0,            0,            0,            0,            0,        0,        1,  44,           142,            602,              19,        1, Alone      ,           2,         1, Graduate       ,       2
 27889.0,       1,        0,      42,       14,         0,               4,               0,                0,            8,                 1,               1,                   1,                 2,                 6,            0,            0,            0,            0,            0,        0,        0,  37,           359,             26,               5,        1, Partner    ,           3,         1, Postgraduate   ,       1
 22123.0,       0,        0,      77,        3,         3,              24,              34,                7,           31,                 1,               2,                   1,                 3,                 5,            0,            0,            0,            0,            0,        0,        0,  54,            94,            102,               7,        0, Alone      ,           1,         0, Undergraduate  ,       3
 27803.0,       1,        0,      40,        8,        26,              46,              38,                9,           49,                 2,               3,                   0,                 4,                 8,            0,            0,            0,            0,            0,        0,        0,  41,           672,            176,               9,        1, Partner    ,           3,         1, Graduate       ,       3
 51651.0,       0,        1,      32,      293,         6,              23,              13,                6,           92,                 4,               6,                   2,                 5,                 8,            0,            0,            0,            0,            0,        0,        0,  54,           599,            433,              17,        1, Partner    ,           3,         1, Graduate       ,       0
 68487.0,       0,        0,      48,      758,        12,             385,              33,               89,           89,                 1,               9,                   7,                13,                 4,            0,            0,            0,            0,            0,        0,        0,  26,           532,           1366,              30,        0, Partner    ,           2,         0, Graduate       ,       2
 56796.0,       0,        1,      24,      656,        38,             161,              62,               47,           37,                 3,               8,                   9,                 7,                 7,            0,            0,            0,            0,            0,        0,        0,  45,           498,           1001,              27,        1, Partner    ,           3,         1, Graduate       ,       0
 87000.0,       0,        0,      61,      196,        25,             607,              67,               17,           49,                 1,               4,                   6,                 7,                 2,            0,            0,            0,            0,            0,        0,        0,  22,           561,            961,              18,        0, Partner    ,           2,         0, Undergraduate  ,       2
 79823.0,       0,        1,       6,      835,        73,             380,             114,               73,           43,                 1,               6,                   9,                 7,                 2,            0,            1,            0,            0,            0,        0,        0,  55,            90,           1518,              23,        1, Partner    ,           3,         1, Graduate       ,       2
 30828.0,       1,        0,      16,       16,        11,              15,               2,                0,           12,                 2,               1,                   1,                 4,                 3,            0,            0,            0,            0,            0,        0,        0,  34,           268,             56,               8,        1, Alone      ,           2,         1, Graduate       ,       3
 34109.0,       0,        1,      39,        9,         1,               5,               2,                1,            4,                 1,               0,                   0,                 3,                 4,            0,            0,            0,            0,            0,        0,        0,  43,           235,             22,               4,        1, Partner    ,           3,         1, Postgraduate   ,       1
 53367.0,       1,        1,       2,      229,         7,             140,              10,                3,           11,                 7,               5,                   1,                 8,                 7,            0,            0,            0,            0,            0,        0,        1,  40,           302,            400,              21,        2, Alone      ,           3,         1, Postgraduate   ,       0
 22390.0,       0,        0,      49,        0,         1,               4,              15,                1,            5,                 1,               1,                   0,                 2,                 7,            0,            0,            0,            0,            0,        0,        0,  45,           251,             26,               4,        0, Partner    ,           2,         0, Undergraduate  ,       3
 71322.0,       0,        1,      31,      121,        24,             124,              24,               15,           42,                 1,               4,                   1,                 7,                 2,            0,            0,            0,            0,            0,        0,        0,  38,            58,            350,              13,        1, Partner    ,           3,         1, Graduate       ,       1
 79244.0,       0,        0,      58,      471,       102,             125,             212,               61,          245,                 1,               4,                  10,                 7,                 1,            0,            0,            1,            1,            0,        0,        1,  21,           557,           1216,              22,        0, Alone      ,           1,         0, Graduate       ,       2
 49912.0,       0,        1,       5,      520,         8,             223,              32,               49,           42,                 4,              10,                   5,                 7,                 8,            1,            0,            0,            0,            0,        0,        1,  65,           660,            874,              26,        1, Partner    ,           3,         1, Postgraduate   ,       0
 48699.0,       1,        1,      90,       26,         1,              10,               2,                0,            1,                 1,               1,                   0,                 3,                 5,            0,            0,            0,            0,            0,        0,        0,  64,           404,             40,               5,        2, Partner    ,           4,         1, Postgraduate   ,       1
 80144.0,       0,        0,      47,      240,       132,             445,             250,              192,          108,                 1,               3,                   7,                 8,                 1,            0,            0,            0,            0,            0,        0,        0,  39,           272,           1367,              19,        0, Partner    ,           2,         0, Graduate       ,       2
 54252.0,       1,        1,      25,      178,         4,              26,               8,                4,           44,                 5,               4,                   1,                 5,                 6,            0,            0,            0,            0,            0,        0,        0,  58,           397,            264,              15,        2, Alone      ,           3,         1, Graduate       ,       0
 81929.0,       1,        0,      60,     1486,        55,             278,              49,                0,          185,                 2,               4,                   4,                10,                 6,            1,            0,            1,            0,            0,        0,        1,  38,           638,           2053,              20,        1, Partner    ,           3,         1, Postgraduate   ,       0
 76068.0,       0,        1,      67,     1115,        12,             128,              33,               12,           76,                 1,               2,                   3,                 4,                 6,            0,            1,            0,            0,            1,        0,        0,  39,           577,           1376,              10,        1, Partner    ,           3,         1, Graduate       ,       0
 53204.0,       1,        1,      40,       29,         0,               8,               2,                0,            6,                 1,               1,                   0,                 3,                 4,            0,            0,            0,            0,            0,        0,        0,  38,           101,             45,               5,        2, Partner    ,           4,         1, Postgraduate   ,       1
 67911.0,       0,        1,      63,      529,         0,             356,              63,               28,            0,                 3,               6,                   7,                11,                 3,            0,            0,            0,            0,            0,        0,        0,  65,            38,            976,              27,        1, Partner    ,           3,         1, Postgraduate   ,       0
 14796.0,       1,        0,       1,       13,         3,               8,               7,                4,           16,                 2,               1,                   0,                 3,                 9,            0,            0,            0,            0,            0,        0,        1,  30,           650,             51,               6,        1, Partner    ,           3,         1, Undergraduate  ,       3
 78128.0,       0,        1,      89,      934,        24,             230,              16,               24,           36,                 2,               8,                   4,                 6,                 3,            0,            1,            1,            0,            0,        0,        0,  40,           130,           1264,              20,        1, Partner    ,           3,         1, Postgraduate   ,       2
 14188.0,       0,        0,      40,        2,         7,              11,              16,               12,           27,                 1,               2,                   0,                 4,                 6,            0,            0,            0,            0,            0,        0,        0,  42,           486,             75,               7,        0, Partner    ,           2,         0, Undergraduate  ,       3
 20425.0,       1,        0,       5,        4,        12,               5,               3,               16,           17,                 2,               2,                   0,                 3,                 7,            0,            0,            0,            0,            0,        0,        0,  28,           608,             57,               7,        1, Partner    ,           3,         1, Undergraduate  ,       3
 58646.0,       0,        1,       3,       62,         1,              44,               6,                5,           22,                 1,               2,                   1,                 4,                 4,            0,            0,            0,            0,            0,        0,        0,  52,           384,            140,               8,        1, Partner    ,           3,         1, Postgraduate   ,       1
 72967.0,       0,        1,       1,      158,        35,             179,               0,                0,          125,                 2,               7,                   2,                 8,                 5,            1,            0,            0,            0,            0,        0,        1,  44,           561,            497,              19,        1, Alone      ,           2,         1, Graduate       ,       2
 48150.0,       0,        1,      24,      173,         2,              39,               3,                2,           47,                 3,               5,                   1,                 4,                 7,            0,            0,            0,            0,            0,        0,        0,  65,           386,            266,              13,        1, Partner    ,           3,         1, Postgraduate   ,       1
 82332.0,       0,        0,      89,      830,        59,             968,              51,               79,           19,                 1,               5,                   3,                12,                 2,            0,            0,            1,            0,            0,        0,        1,  53,           650,           2006,              21,        0, Alone      ,           1,         0, Graduate       ,       2
 58275.0,       1,        1,      48,      189,        10,             253,              56,               43,           64,                 6,               8,                   2,                 7,                 7,            0,            0,            0,            0,            0,        0,        0,  59,           392,            615,              23,        2, Alone      ,           3,         1, Graduate       ,       0
 44953.0,       0,        0,      31,      728,        17,             133,              11,                8,          124,                 1,               7,                   3,                13,                 6,            1,            0,            0,            0,            0,        0,        0,  33,           555,           1021,              24,        0, Partner    ,           2,         0, Postgraduate   ,       2
 34587.0,       1,        1,      68,        7,         2,               9,               2,                0,            2,                 2,               1,                   0,                 3,                 4,            0,            0,            0,            0,            0,        0,        0,  61,            44,             22,               6,        2, Partner    ,           4,         1, Graduate       ,       1
 43018.0,       0,        1,      46,       35,         4,              17,               7,                6,           64,                 1,               2,                   2,                 2,                 5,            0,            0,            0,            0,            0,        0,        0,  40,           240,            133,               7,        1, Partner    ,           3,         1, Postgraduate   ,       1
 45736.0,       0,        1,      92,      188,         3,             180,              20,                3,           43,                 5,               7,                   1,                 6,                 7,            0,            0,            0,            0,            0,        0,        0,  60,           340,            437,              19,        1, Partner    ,           3,         1, Postgraduate   ,       0
 66476.0,       0,        1,      80,      742,        28,             152,              25,                9,           57,                 2,               6,                   8,                10,                 4,            0,            0,            0,            0,            0,        0,        0,  45,           207,           1013,              26,        1, Partner    ,           3,         1, Postgraduate   ,       0
 27733.0,       1,        0,      16,        0,         7,               5,              26,                2,           17,                 2,               2,                   0,                 3,                 7,            0,            0,            0,            0,            0,        0,        0,  33,           307,             57,               7,        1, Partner    ,           3,         1, Undergraduate  ,       1
 69805.0,       0,        1,      50,      750,        71,             174,              13,               10,           20,                 2,               6,                   8,                11,                 2,            0,            0,            0,            0,            0,        0,        0,  62,           159,           1038,              27,        1, Partner    ,           3,         1, Postgraduate   ,       2
 72217.0,       0,        0,      93,      816,        42,             450,              55,               56,          154,                 1,               3,                  10,                 8,                 2,            0,            0,            0,            0,            0,        0,        0,  52,           445,           1573,              22,        0, Alone      ,           1,         0, Postgraduate   ,       2
 25818.0,       1,        0,      51,        5,         2,               8,               2,                2,            9,                 1,               0,                   1,                 2,                 7,            0,            0,            0,            0,            0,        0,        0,  43,           619,             28,               4,        1, Alone      ,           2,         1, Graduate       ,       3
 37509.0,       1,        0,      24,       37,         5,              56,              12,                8,            5,                 2,               3,                   0,                 4,                 7,            0,            0,            0,            0,            0,        0,        0,  38,           655,            123,               9,        1, Partner    ,           3,         1, Postgraduate   ,       3
 25176.0,       1,        1,      79,        4,         0,               4,               0,                0,            5,                 1,               1,                   0,                 2,                 7,            0,            0,            0,            0,            0,        0,        0,  38,           323,             13,               4,        2, Partner    ,           4,         1, Undergraduate  ,       1
 43586.0,       0,        1,      26,       99,         2,              11,               4,                0,           16,                 3,               3,                   0,                 4,                 8,            0,            0,            0,            0,            0,        0,        0,  34,           668,            132,              10,        1, Partner    ,           3,         1, Graduate       ,       3
 53230.0,       0,        1,      86,      176,        72,              98,             136,               21,          229,                 4,               5,                   2,                12,                 5,            0,            0,            0,            0,            0,        0,        0,  58,           695,            732,              23,        1, Partner    ,           3,         1, Undergraduate  ,       0
 50116.0,       1,        1,      68,       54,         0,              10,               0,                0,            2,                 2,               1,                   0,                 4,                 5,            0,            1,            0,            0,            0,        0,        0,  57,             9,             66,               7,        2, Partner    ,           4,         1, Graduate       ,       1
 84906.0,       0,        0,      98,      997,        15,             414,              99,               30,           76,                 1,               5,                   6,                12,                 2,            0,            1,            1,            0,            1,        0,        0,  42,           268,           1631,              24,        0, Partner    ,           2,         0, Graduate       ,       2
 61286.0,       0,        1,      34,      356,         0,             107,              19,                9,          117,                 2,               7,                   1,                 8,                 5,            0,            0,            0,            0,            0,        0,        0,  48,           331,            608,              18,        1, Partner    ,           3,         1, Graduate       ,       0
 82333.0,       0,        0,      60,     1311,         0,             359,              46,               89,           17,                 1,               4,                   3,                10,                 2,            0,            0,            1,            0,            0,        0,        1,  28,           456,           1822,              18,        0, Partner    ,           2,         0, Postgraduate   ,       2
 65220.0,       0,        0,       3,      890,        63,             292,               0,               25,           12,                 4,               8,                   4,                 7,                 6,            0,            0,            0,            0,            0,        0,        1,  49,           664,           1282,              23,        0, Partner    ,           2,         0, Postgraduate   ,       0
 33590.0,       2,        1,      65,        4,         0,               2,               0,                0,            2,                 1,               1,                   0,                 2,                 7,            0,            0,            0,            0,            0,        0,        0,  40,           238,              8,               4,        3, Partner    ,           5,         1, Graduate       ,       1
 30992.0,       1,        0,      83,       17,         0,              14,               7,                3,            2,                 1,               1,                   0,                 3,                 7,            0,            0,            0,            0,            0,        0,        0,  38,           433,             43,               5,        1, Alone      ,           2,         1, Graduate       ,       3
 72309.0,       0,        0,      64,      960,         0,             883,              50,               38,            0,                 1,               5,                   6,                 8,                 3,            0,            0,            0,            1,            0,        0,        1,  38,           475,           1931,              20,        0, Alone      ,           1,         0, Postgraduate   ,       2
156924.0,       0,        0,      85,        2,         1,               2,               1,                1,            1,                 0,               0,                   0,                 0,                 0,            0,            0,            0,            0,            0,        0,        0,  65,           304,              8,               0,        0, Partner    ,           2,         0, Postgraduate   ,       2
 16005.0,       1,        0,      69,        1,         3,               2,              20,               30,           47,                 3,               2,                   1,                 2,                 8,            0,            0,            0,            0,            0,        0,        0,  34,           684,            103,               8,        1, Partner    ,           3,         1, Undergraduate  ,       3
 65487.0,       0,        0,      48,      240,        67,             500,             199,                0,          163,                 3,               3,                   5,                 6,                 2,            0,            0,            0,            0,            0,        0,        0,  57,           170,           1169,              17,        0, Alone      ,           1,         0, Postgraduate   ,       2
 58692.0,       0,        1,      21,      301,        11,              61,               4,                7,           11,                 1,               8,                   2,                 4,                 7,            0,            0,            0,            0,            0,        0,        0,  49,            84,            395,              15,        1, Partner    ,           3,         1, Graduate       ,       1
 40590.0,       1,        1,      30,      154,         0,              50,               6,               11,           37,                 5,               3,                   4,                 3,                 6,            1,            0,            0,            0,            0,        0,        0,  45,           270,            258,              15,        2, Alone      ,           3,         1, Graduate       ,       0
 20587.0,       1,        0,      39,        2,         3,               6,               4,                1,            9,                 1,               1,                   1,                 2,                 7,            0,            0,            0,            0,            0,        0,        0,  44,            49,             25,               5,        1, Alone      ,           2,         1, Graduate       ,       3
 62637.0,       0,        1,      76,      104,        12,              48,               4,               12,            5,                 1,               2,                   2,                 5,                 2,            0,            0,            0,            0,            0,        0,        0,  60,           120,            185,              10,        1, Alone      ,           2,         1, Postgraduate   ,       2
 29435.0,       1,        1,      11,       70,         3,              37,               4,                2,           64,                 4,               3,                   2,                 2,                 9,            0,            0,            0,            0,            0,        0,        1,  48,           692,            180,              11,        2, Alone      ,           3,         1, Postgraduate   ,       3
 19346.0,       1,        0,      26,        2,         0,               9,               3,                6,            2,                 1,               1,                   0,                 3,                 8,            0,            0,            0,            0,            0,        0,        0,  40,           150,             22,               5,        1, Alone      ,           2,         1, Graduate       ,       3
 35788.0,       1,        1,      34,       23,         2,              11,               3,                1,            4,                 2,               2,                   0,                 3,                 6,            0,            0,            0,            0,            0,        0,        0,  43,           157,             44,               7,        2, Partner    ,           4,         1, Graduate       ,       1
 36997.0,       1,        1,      72,       43,         4,              12,               8,                0,           27,                 5,               2,                   1,                 4,                 5,            0,            0,            0,            0,            0,        0,        0,  46,           513,             94,              12,        2, Alone      ,           3,         1, Graduate       ,       0
 23539.0,       0,        0,      13,        4,        24,              11,              16,                1,           25,                 1,               2,                   0,                 4,                 6,            0,            0,            0,            0,            0,        0,        0,  57,           121,             81,               7,        0, Partner    ,           2,         0, Graduate       ,       1
 65333.0,       0,        1,      58,      654,         7,              92,               0,               15,           30,                 7,               9,                   4,                 8,                 6,            0,            1,            1,            0,            0,        0,        0,  41,           163,            798,              28,        1, Alone      ,           2,         1, Graduate       ,       0
 78499.0,       0,        0,      12,      912,        72,             170,              47,               36,           97,                 1,              11,                   3,                 4,                 4,            0,            0,            1,            0,            0,        0,        1,  57,           218,           1334,              19,        0, Alone      ,           1,         0, Graduate       ,       2
 29732.0,       1,        0,      23,       25,         0,               8,               0,                1,            4,                 1,               2,                   0,                 2,                 9,            0,            0,            0,            0,            0,        0,        0,  43,            96,             38,               5,        1, Partner    ,           3,         1, Postgraduate   ,       1
 41275.0,       1,        2,      33,       24,         4,              22,               0,                2,            9,                 4,               3,                   1,                 3,                 5,            0,            0,            0,            0,            0,        0,        0,  54,            97,             61,              11,        3, Partner    ,           5,         1, Postgraduate   ,       1
 63516.0,       1,        1,      30,      141,        11,             114,              15,               14,            5,                 4,               4,                   1,                 7,                 5,            0,            0,            0,            0,            0,        0,        0,  41,           358,            300,              16,        2, Partner    ,           4,         1, Postgraduate   ,       0
 42769.0,       0,        1,      15,       71,         0,              13,               3,                1,            0,                 2,               1,                   1,                 4,                 4,            0,            0,            0,            0,            0,        0,        0,  52,           260,             88,               8,        1, Partner    ,           3,         1, Postgraduate   ,       1
 49572.0,       1,        1,      25,       35,         1,              16,               0,                1,            1,                 2,               2,                   0,                 3,                 7,            0,            0,            0,            0,            0,        0,        0,  56,           196,             54,               7,        2, Partner    ,           4,         1, Postgraduate   ,       1
 69209.0,       0,        0,       4,      496,        32,             849,             229,               48,          128,                 2,               5,                   3,                 6,                 4,            0,            0,            0,            1,            0,        0,        0,  42,           650,           1782,              16,        0, Partner    ,           2,         0, Graduate       ,       2
 17148.0,       1,        0,      80,        9,         9,              11,              13,               10,           16,                 4,               3,                   1,                 3,                 8,            0,            0,            0,            0,            0,        0,        0,  38,           152,             68,              11,        1, Partner    ,           3,         1, Graduate       ,       1
 40590.0,       1,        1,      30,      154,         0,              50,               6,               11,           37,                 5,               3,                   4,                 3,                 6,            1,            0,            0,            0,            0,        0,        0,  45,           270,            258,              15,        2, Alone      ,           3,         1, Graduate       ,       0
 30560.0,       1,        0,       6,        9,         1,               5,               4,                5,            7,                 1,               1,                   0,                 3,                 7,            0,            0,            0,            0,            0,        0,        0,  38,           367,             31,               5,        1, Partner    ,           3,         1, Postgraduate   ,       1
 32146.0,       1,        0,      16,       26,         3,              23,               4,                7,            3,                 2,               2,                   0,                 4,                 6,            0,            0,            0,            0,            0,        0,        0,  31,            48,             66,               8,        1, Partner    ,           3,         1, Undergraduate  ,       1
 41713.0,       1,        1,      57,       77,         8,              44,              10,               10,           25,                 5,               3,                   1,                 4,                 6,            0,            0,            0,            0,            0,        0,        0,  50,            61,            174,              13,        2, Alone      ,           3,         1, Undergraduate  ,       1
 34176.0,       0,        1,       9,       11,         2,               7,               4,                2,            2,                 1,               1,                   0,                 3,                 3,            0,            0,            0,            0,            0,        0,        0,  39,           158,             28,               5,        1, Partner    ,           3,         1, Postgraduate   ,       1
 58482.0,       0,        1,      59,      576,         7,             115,              19,                7,            7,                 2,               7,                   4,                 9,                 6,            0,            1,            0,            0,            0,        0,        0,  59,           109,            731,              22,        1, Partner    ,           3,         1, Postgraduate   ,       0
 59686.0,       0,        1,      78,       89,        15,              89,              34,               42,            5,                 1,               4,                   1,                 6,                 4,            0,            0,            0,            0,            0,        0,        0,  49,           155,            274,              12,        1, Alone      ,           2,         1, Graduate       ,       3
 60896.0,       0,        1,      90,     1013,        30,             399,              60,               46,          153,                 3,               9,                  10,                 4,                 6,            0,            0,            0,            0,            0,        0,        1,  50,           626,           1701,              26,        1, Partner    ,           3,         1, Postgraduate   ,       0
 62994.0,       1,        0,      74,      224,        12,              48,               4,               12,           12,                 1,               6,                   2,                 4,                 6,            0,            0,            0,            0,            0,        0,        0,  34,           117,            312,              13,        1, Partner    ,           3,         1, Graduate       ,       1
 47320.0,       0,        1,      10,      200,        19,             111,              50,               15,           19,                 6,               5,                   1,                 8,                 6,            0,            0,            0,            0,            0,        0,        0,  57,           332,            414,              20,        1, Partner    ,           3,         1, Graduate       ,       0
 74859.0,       0,        0,      63,      570,        73,             614,             133,              102,           73,                 1,               6,                   5,                11,                 3,            0,            0,            0,            1,            0,        0,        0,  65,           391,           1565,              23,        0, Alone      ,           1,         0, Undergraduate  ,       2
 15253.0,       1,        0,      13,        1,         3,               3,               8,                1,           13,                 2,               1,                   0,                 3,                 7,            0,            0,            0,            0,            0,        0,        0,  22,           244,             29,               6,        1, Alone      ,           2,         1, Undergraduate  ,       3
 31560.0,       1,        0,      98,       62,         1,              20,               4,                0,            7,                 2,               2,                   1,                 3,                 8,            0,            0,            0,            0,            0,        0,        0,  40,           370,             94,               8,        1, Alone      ,           2,         1, Postgraduate   ,       3
 72071.0,       0,        1,       4,      531,        69,             300,             150,              138,          150,                 3,               5,                   4,                 8,                 2,            0,            0,            0,            0,            0,        0,        0,  60,           500,           1338,              20,        1, Alone      ,           2,         1, Graduate       ,       2
 91172.0,       0,        0,      94,      162,        28,             818,               0,               28,           56,                 0,               4,                   3,                 7,                 3,            1,            0,            1,            1,            1,        0,        1,  24,           459,           1092,              14,        0, Alone      ,           1,         0, Postgraduate   ,       2
 90000.0,       0,        0,      91,      675,       144,             133,              94,              192,          241,                 1,               4,                   8,                 5,                 1,            1,            0,            1,            1,            0,        0,        0,  30,           188,           1479,              18,        0, Partner    ,           2,         0, Graduate       ,       2
 41967.0,       1,        1,      66,       23,         4,              10,               0,                2,           15,                 1,               1,                   0,                 3,                 4,            0,            0,            0,            0,            0,        0,        0,  33,           218,             54,               5,        2, Alone      ,           3,         1, Graduate       ,       1
 69263.0,       0,        1,      14,      492,         5,              32,              13,                5,           21,                 1,               9,                   1,                 7,                 6,            0,            1,            0,            0,            0,        0,        0,  49,           116,            568,              18,        1, Alone      ,           2,         1, Graduate       ,       2
 65706.0,       0,        0,      77,      918,        10,             129,              13,                0,          129,                 1,              11,                   3,                12,                 7,            0,            1,            1,            0,            1,        0,        1,  44,           366,           1199,              27,        0, Alone      ,           1,         0, Undergraduate  ,       2
 60934.0,       0,        1,      41,      224,       155,             155,             192,               93,           54,                 2,               6,                   4,                11,                 4,            0,            0,            0,            0,            0,        0,        0,  39,           163,            873,              23,        1, Partner    ,           3,         1, Graduate       ,       0
 71965.0,       0,        1,      21,      572,        19,             286,              50,               38,          248,                 3,               6,                   3,                 5,                 3,            0,            0,            0,            0,            0,        0,        0,  63,           335,           1213,              17,        1, Partner    ,           3,         1, Graduate       ,       0
 65210.0,       0,        1,      25,      626,         0,              70,               0,                7,           28,                 2,               9,                   3,                 8,                 6,            0,            1,            0,            1,            0,        0,        0,  59,           111,            731,              22,        1, Partner    ,           3,         1, Graduate       ,       0
 79174.0,       0,        0,       2,     1074,        37,             518,             193,               92,          129,                 1,               5,                   6,                 7,                 2,            0,            0,            1,            1,            0,        0,        1,  39,           534,           2043,              19,        0, Partner    ,           2,         0, Postgraduate   ,       2
 81380.0,       0,        0,      51,      741,        68,             689,             224,               68,          103,                 1,               4,                   2,                10,                 2,            0,            0,            0,            0,            0,        0,        0,  47,           554,           1893,              17,        0, Alone      ,           1,         0, Postgraduate   ,       2
 48432.0,       0,        1,       3,      322,         3,              50,               4,                3,           42,                 5,               7,                   1,                 6,                 8,            0,            0,            0,            0,            0,        0,        0,  41,           619,            424,              19,        1, Alone      ,           2,         1, Postgraduate   ,       3
 52914.0,       0,        1,      32,      254,        10,              44,              30,               10,          227,                 2,               7,                   3,                 3,                 7,            1,            0,            0,            0,            0,        0,        0,  43,           538,            575,              15,        1, Partner    ,           3,         1, Graduate       ,       0
 38946.0,       0,        1,      84,      116,         6,              82,               6,                6,           41,                 2,               3,                   1,                 6,                 5,            0,            0,            0,            0,            0,        0,        0,  59,           248,            257,              12,        1, Partner    ,           3,         1, Graduate       ,       1
 26067.0,       1,        0,      49,       22,         2,              18,               0,                2,           12,                 3,               3,                   0,                 3,                 8,            0,            0,            0,            0,            0,        0,        0,  40,           237,             56,               9,        1, Partner    ,           3,         1, Graduate       ,       1
 44325.0,       0,        1,      69,      516,         0,              21,               0,                0,            5,                 4,               8,                   2,                 7,                 8,            0,            1,            0,            0,            0,        0,        0,  42,           479,            542,              21,        1, Partner    ,           3,         1, Postgraduate   ,       0
 42523.0,       0,        0,      96,       14,        36,              11,               3,               26,           35,                 1,               1,                   1,                 4,                 2,            0,            0,            0,            0,            0,        0,        0,  50,            67,            125,               7,        0, Partner    ,           2,         0, Graduate       ,       1
 26487.0,       1,        0,      23,        2,         8,              10,              12,               14,           23,                 3,               2,                   1,                 3,                 5,            0,            0,            0,            0,            0,        0,        0,  36,           405,             69,               9,        1, Alone      ,           2,         1, Undergraduate  ,       3
 53233.0,       0,        1,      18,       28,         0,               9,               3,                0,            0,                 1,               1,                   0,                 3,                 4,            0,            0,            0,            0,            0,        0,        0,  57,           103,             40,               5,        1, Partner    ,           3,         1, Undergraduate  ,       1
 67716.0,       0,        1,       8,      530,       142,             217,              62,                9,           56,                 4,               7,                   4,                13,                 5,            0,            1,            0,            0,            0,        0,        0,  54,           535,           1016,              28,        1, Partner    ,           3,         1, Graduate       ,       0
 76234.0,       0,        1,      21,      519,        50,             167,             130,                0,           41,                 1,               8,                   3,                11,                 3,            0,            1,            0,            0,            0,        0,        0,  42,           143,            907,              23,        1, Partner    ,           3,         1, Postgraduate   ,       2
 84117.0,       0,        0,      60,      611,        76,             749,              59,               45,           26,                 1,               7,                  10,                 6,                 2,            0,            0,            1,            0,            0,        0,        0,  58,            49,           1566,              24,        0, Partner    ,           2,         0, Postgraduate   ,       2
 65487.0,       0,        0,      48,      240,        67,             500,             199,                0,          163,                 3,               3,                   5,                 6,                 2,            0,            0,            0,            0,            0,        0,        0,  57,           170,           1169,              17,        0, Partner    ,           2,         0, Postgraduate   ,       2
 25224.0,       1,        0,      36,        4,         9,              12,              11,                2,            8,                 2,               1,                   1,                 3,                 3,            0,            0,            0,            0,            0,        0,        0,  42,           105,             46,               7,        1, Partner    ,           3,         1, Undergraduate  ,       1
 89616.0,       0,        0,      36,      671,        47,             655,             145,              111,           15,                 1,               7,                   5,                12,                 2,            0,            0,            0,            0,            0,        0,        1,  31,           489,           1644,              25,        0, Alone      ,           1,         0, Postgraduate   ,       2
 40851.0,       1,        1,      63,       23,         1,               7,               0,                4,           24,                 1,               1,                   1,                 2,                 7,            0,            0,            0,            0,            0,        0,        0,  43,           493,             59,               5,        2, Alone      ,           3,         1, Graduate       ,       3
 27469.0,       0,        0,       2,        9,         1,               2,               3,                2,            0,                 1,               0,                   0,                 3,                 6,            0,            0,            0,            0,            0,        0,        0,  67,           696,             17,               4,        0, Partner    ,           2,         0, Graduate       ,       3
 82347.0,       0,        0,      38,      556,        54,             845,             202,              133,           63,                 1,               7,                   7,                10,                 3,            1,            0,            0,            1,            0,        0,        1,  57,           600,           1853,              25,        0, Partner    ,           2,         0, Undergraduate  ,       2
 73803.0,       0,        1,      61,      833,        80,             363,              52,               26,          174,                 2,               9,                   5,                 6,                 6,            1,            0,            0,            0,            0,        0,        1,  57,           697,           1528,              22,        1, Partner    ,           3,         1, Graduate       ,       0
  8820.0,       1,        1,      52,       12,         0,              13,               4,                2,            4,                 4,               3,                   0,                 3,                 8,            0,            0,            0,            0,            0,        0,        0,  62,           464,             35,              10,        2, Alone      ,           3,         1, Postgraduate   ,       3
 43322.0,       0,        0,      25,       56,         7,              48,              10,                2,           18,                 1,               3,                   0,                 4,                 7,            0,            0,            0,            0,            0,        0,        0,  40,            69,            141,               8,        0, Alone      ,           1,         0, Graduate       ,       3
 55593.0,       0,        1,      63,      293,         8,             124,              11,                4,          106,                 2,               6,                   6,                 3,                 6,            1,            0,            0,            0,            0,        0,        0,  41,           312,            546,              17,        1, Partner    ,           3,         1, Graduate       ,       1
 50501.0,       1,        1,      10,      297,         0,              38,              13,                0,          152,                 7,               5,                   4,                 4,                 6,            1,            0,            0,            0,            0,        0,        1,  60,           376,            500,              20,        2, Partner    ,           4,         1, Graduate       ,       0
 37085.0,       1,        1,      65,       39,         1,              16,               2,                0,            3,                 4,               3,                   0,                 3,                 8,            0,            0,            0,            0,            0,        0,        0,  39,             3,             61,              10,        2, Partner    ,           4,         1, Graduate       ,       1
 16185.0,       1,        0,      71,        5,        11,              16,              21,                8,           45,                 2,               2,                   2,                 2,                 8,            0,            0,            0,            0,            0,        0,        0,  24,           328,            106,               8,        1, Alone      ,           2,         1, Undergraduate  ,       3
 57731.0,       0,        1,       0,      266,        21,             300,              65,                8,           44,                 4,               8,                   8,                 6,                 6,            0,            0,            0,            0,            0,        0,        0,  45,           583,            704,              26,        1, Alone      ,           2,         1, Graduate       ,       0
 48432.0,       0,        1,       3,      322,         3,              50,               4,                3,           42,                 5,               7,                   1,                 6,                 8,            0,            0,            0,            0,            0,        0,        1,  41,           619,            424,              19,        1, Alone      ,           2,         1, Postgraduate   ,       3
 73807.0,       0,        1,      88,      366,       124,             156,              71,               78,           54,                 2,               5,                   5,                11,                 2,            0,            0,            0,            0,            0,        0,        0,  36,           543,            849,              23,        1, Partner    ,           3,         1, Graduate       ,       0
 18929.0,       0,        0,      15,       32,         0,               8,              23,                4,           18,                 1,               1,                   0,                 4,                 6,            0,            0,            0,            0,            0,        0,        0,  24,           498,             85,               6,        0, Partner    ,           2,         0, Graduate       ,       3
 35893.0,       1,        1,      80,      158,         0,              23,               0,                0,           18,                 6,               3,                   1,                 5,                 8,            0,            0,            0,            0,            0,        0,        0,  46,           622,            199,              15,        2, Alone      ,           3,         1, Graduate       ,       0
 61014.0,       0,        1,      17,      269,       129,             495,             182,               43,           29,                 4,               9,                   3,                 4,                 7,            0,            0,            0,            0,            0,        0,        0,  34,           687,           1147,              20,        1, Partner    ,           3,         1, Graduate       ,       0
 32144.0,       1,        1,      76,       41,         0,              10,               0,                0,            3,                 4,               2,                   1,                 3,                 7,            0,            1,            0,            0,            0,        0,        0,  60,            98,             54,              10,        2, Partner    ,           4,         1, Graduate       ,       1
 14918.0,       0,        1,      52,        3,         3,               3,              15,                4,           15,                 1,               1,                   0,                 3,                 6,            0,            0,            0,            0,            0,        0,        0,  51,           569,             43,               5,        1, Partner    ,           3,         1, Undergraduate  ,       1
 45146.0,       1,        1,      28,       33,         0,               5,               0,                0,           15,                 2,               1,                   1,                 2,                 4,            0,            0,            0,            0,            0,        0,        0,  51,           349,             53,               6,        2, Alone      ,           3,         1, Graduate       ,       1
 41769.0,       0,        1,      31,      302,        29,             131,              32,                0,           27,                 6,               8,                   1,                 7,                 8,            0,            0,            0,            0,            0,        0,        0,  59,           501,            521,              22,        1, Alone      ,           2,         1, Undergraduate  ,       0
 88325.0,       0,        0,      42,      519,        71,             860,              93,               27,           53,                 1,               6,                   2,                 9,                 2,            0,            0,            0,            0,            0,        0,        0,  33,           144,           1623,              18,        0, Partner    ,           2,         0, Graduate       ,       2
 38054.0,       1,        1,      24,       23,         2,              17,               2,                1,            0,                 2,               2,                   0,                 3,                 7,            0,            0,            0,            0,            0,        0,        0,  64,            59,             45,               7,        2, Alone      ,           3,         1, Postgraduate   ,       1
 80617.0,       0,        0,      42,      594,        51,             631,              72,               55,           32,                 1,               4,                   6,                 8,                 2,            0,            0,            0,            0,            0,        0,        0,  19,           625,           1435,              19,        0, Alone      ,           1,         0, Undergraduate  ,       2
  5305.0,       0,        1,      12,       12,         4,               7,               1,                3,            5,                 0,               1,                   0,                 0,                13,            0,            0,            0,            0,            0,        0,        0,  38,           334,             32,               1,        1, Partner    ,           3,         1, Graduate       ,       3
 36807.0,       1,        1,      88,        4,         2,               5,               0,                0,            5,                 1,               1,                   0,                 2,                 6,            0,            0,            0,            0,            0,        0,        0,  60,           556,             16,               4,        2, Partner    ,           4,         1, Graduate       ,       1
 28427.0,       1,        0,      67,       18,         3,              19,               3,                3,            6,                 2,               2,                   0,                 3,                 8,            0,            0,            0,            0,            0,        0,        0,  31,           465,             52,               7,        1, Partner    ,           3,         1, Graduate       ,       3
 82032.0,       0,        0,      54,      332,       194,             377,             149,              125,           57,                 0,               4,                   6,                 7,                 1,            0,            0,            0,            0,            0,        0,        0,  66,            85,           1234,              17,        0, Alone      ,           1,         0, Postgraduate   ,       2
 22775.0,       1,        0,      40,        5,         1,               8,               0,                0,            1,                 1,               1,                   0,                 2,                 8,            0,            0,            0,            0,            0,        0,        0,  36,           375,             15,               4,        1, Partner    ,           3,         1, Graduate       ,       1
 40101.0,       1,        0,      73,      171,         3,             129,              26,               24,           62,                 4,               6,                   1,                 6,                 7,            0,            0,            0,            0,            0,        0,        0,  29,           623,            415,              17,        1, Partner    ,           3,         1, Postgraduate   ,       0
 58025.0,       0,        1,      81,      270,        31,              88,              11,               48,           22,                 3,               3,                   2,                10,                 4,            0,            0,            0,            0,            0,        0,        0,  35,           215,            470,              18,        1, Partner    ,           3,         1, Graduate       ,       1
 75777.0,       0,        0,      12,      712,        26,             538,              69,               13,           80,                 1,               3,                   6,                11,                 1,            0,            1,            1,            0,            0,        0,        1,  32,           360,           1438,              21,        0, Alone      ,           1,         0, Postgraduate   ,       2
  7500.0,       1,        0,       7,        2,         8,              11,               3,                8,           21,                 4,               3,                   2,                 2,                 7,            0,            0,            0,            0,            0,        0,        0,  35,           418,             53,              11,        1, Partner    ,           3,         1, Undergraduate  ,       3
 33562.0,       1,        2,      33,       21,        12,              12,               0,                3,            3,                 3,               2,                   0,                 4,                 4,            0,            0,            0,            0,            0,        0,        0,  51,             4,             51,               9,        3, Partner    ,           5,         1, Postgraduate   ,       1
 57642.0,       0,        1,      24,      580,         6,              58,               8,                0,           27,                 3,               7,                   6,                 6,                 4,            1,            0,            0,            0,            0,        0,        0,  44,           171,            679,              22,        1, Alone      ,           2,         1, Postgraduate   ,       2
 58554.0,       1,        1,      55,      368,        24,              68,              38,                0,           88,                 6,               8,                   2,                 6,                 7,            0,            0,            0,            0,            0,        0,        0,  46,           641,            586,              22,        2, Partner    ,           4,         1, Graduate       ,       0
 63777.0,       1,        1,      87,      457,         5,             106,              15,               17,           53,                 8,              11,                   1,                 6,                 8,            0,            0,            0,            0,            0,        0,        0,  35,           462,            653,              26,        2, Partner    ,           4,         1, Graduate       ,       0
 57967.0,       0,        1,      39,      229,         7,             137,               4,                0,           91,                 5,               4,                   2,                 8,                 5,            0,            0,            0,            0,            0,        0,        0,  52,           483,            468,              19,        1, Alone      ,           2,         1, Graduate       ,       0
 24434.0,       2,        0,       9,        3,         2,               8,              20,                0,           17,                 2,               2,                   1,                 2,                 7,            0,            0,            0,            0,            0,        0,        0,  42,            42,             50,               7,        2, Partner    ,           4,         1, Graduate       ,       1
 11012.0,       1,        0,      82,       24,         3,              26,               7,                1,           23,                 3,               3,                   1,                 2,                 9,            1,            0,            0,            0,            0,        0,        0,  30,           470,             84,               9,        1, Alone      ,           2,         1, Graduate       ,       3
 44802.0,       0,        0,      71,      853,        10,             143,              13,               10,           20,                 2,               9,                   4,                12,                 8,            0,            0,            0,            0,            0,        0,        0,  44,           677,           1049,              27,        0, Alone      ,           1,         0, Postgraduate   ,       2
 26816.0,       0,        0,      50,        5,         1,               6,               3,                4,            3,                 1,               0,                   0,                 3,                 4,            0,            0,            0,            0,            0,        0,        0,  28,           681,             22,               4,        0, Alone      ,           1,         0, Graduate       ,       3
 34421.0,       1,        0,      81,        3,         3,               7,               6,                2,            9,                 1,               1,                   0,                 2,                 7,            0,            0,            0,            0,            0,        0,        0,  40,           363,             30,               4,        1, Partner    ,           3,         1, Graduate       ,       1
 61223.0,       0,        1,      46,      709,        43,             182,              42,              118,          247,                 2,               9,                   3,                 4,                 5,            0,            0,            0,            0,            0,        0,        0,  47,           381,           1341,              18,        1, Partner    ,           3,         1, Graduate       ,       0
 64014.0,       2,        1,      56,      406,         0,              30,               0,                0,            8,                 7,               8,                   2,                 5,                 7,            0,            0,            0,            1,            0,        0,        0,  68,            19,            444,              22,        3, Partner    ,           5,         1, Postgraduate   ,       0
 56981.0,       0,        0,      91,      908,        48,             217,              32,               12,           24,                 1,               2,                   3,                13,                 6,            0,            1,            0,            0,            0,        0,        0,  33,           155,           1241,              19,        0, Alone      ,           1,         0, Graduate       ,       2
 69245.0,       0,        1,       8,      428,        30,             214,              80,               30,           61,                 2,               6,                   5,                10,                 3,            0,            0,            0,            0,            0,        0,        0,  58,           156,            843,              23,        1, Partner    ,           3,         1, Postgraduate   ,       2
 52869.0,       1,        1,      40,       84,         3,              61,               2,                1,           21,                 3,               3,                   1,                 4,                 7,            0,            0,            0,            0,            0,        0,        1,  60,           622,            172,              11,        2, Partner    ,           4,         1, Postgraduate   ,       1
